transaction_id,customer_id,amount,payment_method,payment_status,failure_reason,customer_segment,customer_tenure_months,previous_transactions,successful_transactions,failed_transactions,previous_recovery_attempts,previous_recovery_success,subscription,customer_response_rate,average_payment_delay,last_payment_days_ago,retry_count,created_at
TXN-00001,CUST-6744,914,UPI,SUCCESS,,NEW,27,13,10,3,3,False,False,0.24,6.4,33,0,2026-06-15T16:42:30.408267
TXN-00002,CUST-9314,548,Net Banking,FAILED,BANK_ERROR,NEW,1,8,8,0,2,False,True,0.1,0.0,39,1,2026-07-28T16:42:30.408267
TXN-00003,CUST-6754,11309,Credit Card,FAILED,PAYMENT_DECLINED,NEW,20,15,9,6,2,True,True,0.55,0.4,36,3,2026-08-10T16:42:30.408267
TXN-00004,CUST-1062,2913,UPI,SUCCESS,,AT_RISK,11,17,13,4,0,False,False,0.65,1.2,6,0,2026-08-09T16:42:30.408267
TXN-00005,CUST-3860,2199,Debit Card,FAILED,BANK_ERROR,REGULAR,21,9,0,9,3,True,False,0.52,2.2,58,0,2026-07-15T16:42:30.408267
TXN-00006,CUST-8331,17112,Credit Card,SUCCESS,,NEW,22,10,5,5,1,True,False,0.44,1.8,36,0,2026-07-01T16:42:30.408267
TXN-00007,CUST-9300,1194,Credit Card,SUCCESS,,REGULAR,35,14,9,5,0,False,False,0.86,6.5,28,0,2026-08-28T16:42:30.408267
TXN-00008,CUST-7358,4144,Net Banking,SUCCESS,,LOYAL,30,21,2,19,2,True,False,0.87,2.7,37,0,2026-08-29T16:42:30.408267
TXN-00009,CUST-4105,450,Debit Card,SUCCESS,,AT_RISK,12,25,21,4,2,False,False,0.77,3.5,59,0,2026-06-13T16:42:30.408267
TXN-00010,CUST-6629,8366,Wallet,FAILED,CARD_EXPIRED,NEW,34,16,11,5,0,False,False,0.2,4.9,48,3,2026-06-29T16:42:30.408267
TXN-00011,CUST-9279,18741,Wallet,SUCCESS,,AT_RISK,24,20,6,14,1,True,False,0.37,5.9,14,0,2026-08-05T16:42:30.408267
TXN-00012,CUST-1158,4274,Debit Card,SUCCESS,,REGULAR,35,14,12,2,3,False,True,0.8,5.6,55,0,2026-06-29T16:42:30.408267
TXN-00013,CUST-4048,2140,Net Banking,SUCCESS,,LOYAL,15,24,5,19,0,False,False,0.42,4.8,44,0,2026-09-03T16:42:30.408267
TXN-00014,CUST-5701,18440,Debit Card,SUCCESS,,REGULAR,19,25,6,19,2,True,True,0.31,2.5,59,0,2026-07-07T16:42:30.408267
TXN-00015,CUST-3872,19126,Wallet,SUCCESS,,NEW,34,12,5,7,2,False,False,0.7,3.3,45,0,2026-08-23T16:42:30.408267
TXN-00016,CUST-2436,16477,Credit Card,FAILED,CARD_EXPIRED,REGULAR,19,6,1,5,3,False,False,0.19,4.3,30,0,2026-07-17T16:42:30.408267
TXN-00017,CUST-8104,809,Wallet,FAILED,INSUFFICIENT_FUNDS,NEW,11,20,11,9,0,False,True,0.64,3.7,15,2,2026-08-05T16:42:30.408267
TXN-00018,CUST-4280,1350,Net Banking,SUCCESS,,LOYAL,6,24,22,2,1,True,False,0.13,3.5,56,0,2026-08-30T16:42:30.408267
TXN-00019,CUST-5372,2645,UPI,FAILED,PAYMENT_DECLINED,NEW,7,1,1,0,1,False,False,0.73,4.8,26,2,2026-07-18T16:42:30.408267
TXN-00020,CUST-2367,7787,UPI,FAILED,NETWORK_TIMEOUT,LOYAL,20,30,21,9,0,False,False,0.46,1.7,30,2,2026-07-13T16:42:30.408267
TXN-00021,CUST-4320,8408,Credit Card,FAILED,CARD_EXPIRED,REGULAR,21,18,15,3,3,True,True,0.36,3.8,46,1,2026-07-02T16:42:30.408267
TXN-00022,CUST-6622,625,Credit Card,SUCCESS,,AT_RISK,26,10,4,6,3,True,True,0.88,1.2,15,0,2026-08-04T16:42:30.408267
TXN-00023,CUST-9330,18380,Net Banking,SUCCESS,,LOYAL,7,12,2,10,2,True,False,0.87,2.9,29,0,2026-08-10T16:42:30.408267
TXN-00024,CUST-2989,4615,UPI,FAILED,BANK_ERROR,LOYAL,29,5,5,0,0,False,True,0.63,0.5,4,1,2026-08-01T16:42:30.408267
TXN-00025,CUST-1225,18786,Wallet,SUCCESS,,NEW,10,5,2,3,1,False,False,0.5,0.8,40,0,2026-08-20T16:42:30.408267
TXN-00026,CUST-9199,9980,Net Banking,SUCCESS,,LOYAL,8,25,1,24,2,False,True,0.21,1.7,16,0,2026-06-21T16:42:30.408267
TXN-00027,CUST-2342,2204,Wallet,FAILED,CARD_EXPIRED,AT_RISK,17,11,9,2,1,True,True,0.46,2.3,44,3,2026-07-30T16:42:30.408267
TXN-00028,CUST-3989,3594,Debit Card,FAILED,PAYMENT_DECLINED,REGULAR,1,4,3,1,3,False,False,0.36,0.5,24,0,2026-08-13T16:42:30.408267
TXN-00029,CUST-2113,3198,Debit Card,SUCCESS,,REGULAR,9,12,5,7,2,False,False,0.56,4.0,25,0,2026-07-03T16:42:30.408267
TXN-00030,CUST-7145,12243,Credit Card,SUCCESS,,NEW,4,20,11,9,3,False,True,0.79,5.0,39,0,2026-08-04T16:42:30.408267
TXN-00031,CUST-5583,800,UPI,SUCCESS,,NEW,17,1,1,0,2,True,True,0.77,6.6,6,0,2026-08-21T16:42:30.408267
TXN-00032,CUST-4316,17711,Credit Card,SUCCESS,,NEW,16,18,0,18,2,True,False,0.37,6.4,24,0,2026-08-14T16:42:30.408267
TXN-00033,CUST-5007,819,Net Banking,SUCCESS,,LOYAL,18,2,2,0,2,False,False,0.83,1.7,36,0,2026-06-09T16:42:30.408267
TXN-00034,CUST-5723,7282,Credit Card,SUCCESS,,REGULAR,14,20,2,18,0,False,True,0.4,6.8,49,0,2026-09-03T16:42:30.408267
TXN-00035,CUST-9139,616,Wallet,SUCCESS,,LOYAL,8,14,14,0,2,True,False,0.56,4.2,24,0,2026-06-09T16:42:30.408267
TXN-00036,CUST-8876,4448,Wallet,SUCCESS,,REGULAR,32,12,4,8,1,True,False,0.55,5.7,24,0,2026-07-25T16:42:30.408267
TXN-00037,CUST-1386,6489,UPI,SUCCESS,,NEW,32,5,0,5,1,True,False,0.28,0.4,27,0,2026-07-14T16:42:30.408267
TXN-00038,CUST-3482,13914,UPI,SUCCESS,,AT_RISK,25,4,3,1,1,False,False,0.44,1.2,39,0,2026-06-09T16:42:30.408267
TXN-00039,CUST-3215,675,Credit Card,FAILED,CARD_EXPIRED,NEW,24,15,15,0,1,False,True,0.38,5.9,9,3,2026-07-08T16:42:30.408267
TXN-00040,CUST-1849,12170,Credit Card,SUCCESS,,LOYAL,16,5,0,5,3,True,False,0.75,1.3,20,0,2026-06-08T16:42:30.408267
TXN-00041,CUST-6690,614,UPI,FAILED,BANK_ERROR,NEW,2,19,8,11,1,True,False,0.44,1.6,48,1,2026-06-12T16:42:30.408267
TXN-00042,CUST-9302,982,Credit Card,SUCCESS,,LOYAL,17,12,6,6,0,False,True,0.31,2.0,29,0,2026-08-27T16:42:30.408267
TXN-00043,CUST-5339,4479,UPI,FAILED,PAYMENT_DECLINED,AT_RISK,20,3,0,3,1,True,False,0.7,0.4,30,3,2026-08-28T16:42:30.408267
TXN-00044,CUST-6080,1018,Debit Card,FAILED,BANK_ERROR,REGULAR,30,20,12,8,0,False,False,0.82,2.1,32,2,2026-08-21T16:42:30.408267
TXN-00045,CUST-7752,2294,UPI,SUCCESS,,AT_RISK,22,27,7,20,2,False,False,0.38,3.4,10,0,2026-06-29T16:42:30.408267
TXN-00046,CUST-2808,7394,Debit Card,FAILED,CARD_EXPIRED,REGULAR,21,3,3,0,3,True,False,0.85,2.0,51,2,2026-06-21T16:42:30.408267
TXN-00047,CUST-7825,3819,Net Banking,SUCCESS,,REGULAR,11,13,7,6,3,True,True,0.22,2.0,41,0,2026-07-28T16:42:30.408267
TXN-00048,CUST-7526,234,Credit Card,SUCCESS,,LOYAL,30,21,15,6,1,True,False,0.31,0.7,59,0,2026-06-21T16:42:30.408267
TXN-00049,CUST-1492,9946,Credit Card,SUCCESS,,LOYAL,22,17,7,10,0,False,False,0.49,0.6,58,0,2026-09-01T16:42:30.408267
TXN-00050,CUST-4251,1250,Credit Card,SUCCESS,,NEW,33,12,12,0,3,True,False,0.54,3.4,50,0,2026-08-30T16:42:30.408267
TXN-00051,CUST-9774,1048,Net Banking,SUCCESS,,LOYAL,32,6,2,4,3,False,True,0.12,0.3,57,0,2026-06-06T16:42:30.408267
TXN-00052,CUST-3773,983,Debit Card,SUCCESS,,NEW,21,20,9,11,0,False,True,0.37,5.8,12,0,2026-07-31T16:42:30.408267
TXN-00053,CUST-1795,18765,UPI,FAILED,CUSTOMER_ABANDONED,REGULAR,36,3,2,1,2,True,False,0.57,0.1,31,0,2026-08-21T16:42:30.408267
TXN-00054,CUST-4860,16061,Credit Card,SUCCESS,,NEW,25,28,7,21,1,False,True,0.35,6.2,11,0,2026-07-24T16:42:30.408267
TXN-00055,CUST-9042,871,UPI,FAILED,PAYMENT_DECLINED,LOYAL,27,27,8,19,0,False,False,0.66,4.4,15,0,2026-08-15T16:42:30.408267
TXN-00056,CUST-1750,3992,Debit Card,FAILED,CUSTOMER_ABANDONED,AT_RISK,8,2,1,1,2,True,True,0.21,0.9,49,2,2026-06-10T16:42:30.408267
TXN-00057,CUST-8136,10950,Credit Card,FAILED,NETWORK_TIMEOUT,NEW,9,1,0,1,1,True,True,0.81,3.7,55,2,2026-06-24T16:42:30.408267
TXN-00058,CUST-7546,11197,UPI,FAILED,NETWORK_TIMEOUT,AT_RISK,18,2,1,1,2,True,True,0.87,1.2,32,2,2026-08-29T16:42:30.408267
TXN-00059,CUST-9481,235,Credit Card,FAILED,CARD_EXPIRED,NEW,5,7,4,3,1,False,True,0.66,2.4,5,1,2026-07-25T16:42:30.408267
TXN-00060,CUST-2478,332,UPI,SUCCESS,,NEW,17,20,7,13,0,False,True,0.89,5.6,30,0,2026-07-13T16:42:30.408267
TXN-00061,CUST-9300,4309,Debit Card,SUCCESS,,AT_RISK,11,12,2,10,2,True,False,0.73,3.5,44,0,2026-09-04T16:42:30.408267
TXN-00062,CUST-7492,743,Credit Card,FAILED,INSUFFICIENT_FUNDS,NEW,19,3,2,1,2,True,True,0.22,4.6,24,1,2026-08-24T16:42:30.408267
TXN-00063,CUST-2462,4647,Wallet,SUCCESS,,AT_RISK,29,24,10,14,0,False,True,0.95,5.4,44,0,2026-07-19T16:42:30.408267
TXN-00064,CUST-3266,17496,Wallet,FAILED,CUSTOMER_ABANDONED,NEW,22,28,28,0,0,False,True,0.58,1.8,9,1,2026-08-02T16:42:30.408267
TXN-00065,CUST-8665,2496,Net Banking,FAILED,BANK_ERROR,LOYAL,36,13,13,0,0,False,True,0.85,1.9,30,2,2026-06-19T16:42:30.408267
TXN-00066,CUST-2505,4576,Debit Card,SUCCESS,,NEW,5,10,6,4,1,True,False,0.34,2.4,50,0,2026-07-16T16:42:30.408267
TXN-00067,CUST-5713,1474,Net Banking,SUCCESS,,AT_RISK,34,28,9,19,2,False,True,0.15,4.5,1,0,2026-08-23T16:42:30.408267
TXN-00068,CUST-4404,6912,Wallet,SUCCESS,,NEW,22,30,15,15,2,False,True,0.62,3.9,32,0,2026-06-21T16:42:30.408267
TXN-00069,CUST-9429,8692,Credit Card,SUCCESS,,LOYAL,3,13,12,1,2,True,True,0.38,0.0,1,0,2026-08-14T16:42:30.408267
TXN-00070,CUST-7249,3206,Debit Card,SUCCESS,,REGULAR,6,28,5,23,2,True,True,0.34,0.2,12,0,2026-06-17T16:42:30.408267
TXN-00071,CUST-4230,3794,Net Banking,SUCCESS,,NEW,20,19,0,19,1,True,False,0.51,2.0,13,0,2026-06-16T16:42:30.408267
TXN-00072,CUST-3168,2458,Net Banking,FAILED,BANK_ERROR,REGULAR,14,25,19,6,3,False,True,0.49,3.4,46,3,2026-08-08T16:42:30.408267
TXN-00073,CUST-3009,951,Net Banking,FAILED,CARD_EXPIRED,REGULAR,31,16,4,12,0,False,True,0.83,5.1,39,3,2026-08-24T16:42:30.408267
TXN-00074,CUST-5855,8916,UPI,SUCCESS,,REGULAR,9,20,13,7,2,False,True,0.63,4.1,29,0,2026-07-28T16:42:30.408267
TXN-00075,CUST-2102,2895,Net Banking,SUCCESS,,LOYAL,32,18,1,17,0,False,False,0.62,3.5,24,0,2026-08-13T16:42:30.408267
TXN-00076,CUST-8813,2109,Credit Card,FAILED,BANK_ERROR,AT_RISK,15,24,7,17,2,True,True,0.91,5.7,32,1,2026-07-05T16:42:30.408267
TXN-00077,CUST-8680,3284,Credit Card,SUCCESS,,REGULAR,22,25,3,22,2,False,False,0.85,3.7,36,0,2026-07-20T16:42:30.408267
TXN-00078,CUST-4478,4400,Credit Card,SUCCESS,,LOYAL,5,4,3,1,1,False,True,0.46,6.0,49,0,2026-08-20T16:42:30.408267
TXN-00079,CUST-4956,873,Net Banking,SUCCESS,,LOYAL,33,21,12,9,1,True,True,0.35,5.6,28,0,2026-07-22T16:42:30.408267
TXN-00080,CUST-4341,10758,Debit Card,FAILED,BANK_ERROR,LOYAL,25,26,26,0,3,False,True,0.6,6.7,6,3,2026-08-24T16:42:30.408267
TXN-00081,CUST-4346,684,Debit Card,FAILED,BANK_ERROR,AT_RISK,11,28,4,24,0,False,True,0.12,6.6,24,2,2026-08-24T16:42:30.408267
TXN-00082,CUST-6217,15481,Debit Card,SUCCESS,,AT_RISK,16,23,13,10,3,False,True,0.35,2.3,53,0,2026-07-01T16:42:30.408267
TXN-00083,CUST-7856,3021,Wallet,SUCCESS,,LOYAL,34,5,0,5,0,False,False,0.85,1.5,3,0,2026-06-10T16:42:30.408267
TXN-00084,CUST-5910,895,Wallet,SUCCESS,,AT_RISK,35,15,0,15,3,True,True,0.95,1.7,50,0,2026-07-24T16:42:30.408267
TXN-00085,CUST-6505,466,Credit Card,FAILED,BANK_ERROR,REGULAR,23,2,1,1,2,False,False,0.17,1.4,7,2,2026-07-17T16:42:30.408267
TXN-00086,CUST-8942,906,Credit Card,SUCCESS,,REGULAR,34,17,9,8,0,False,True,0.93,4.6,17,0,2026-07-19T16:42:30.408267
TXN-00087,CUST-3423,6692,Credit Card,SUCCESS,,NEW,19,25,18,7,2,True,True,0.15,4.6,46,0,2026-08-01T16:42:30.408267
TXN-00088,CUST-4309,379,Wallet,FAILED,BANK_ERROR,AT_RISK,18,18,15,3,2,False,False,0.78,4.3,5,2,2026-07-17T16:42:30.408267
TXN-00089,CUST-1277,14900,UPI,SUCCESS,,AT_RISK,13,6,0,6,3,True,True,0.78,0.2,8,0,2026-06-18T16:42:30.408267
TXN-00090,CUST-6014,4186,Debit Card,SUCCESS,,NEW,15,3,1,2,1,True,True,0.22,4.4,31,0,2026-06-23T16:42:30.408267
TXN-00091,CUST-9876,12747,Net Banking,SUCCESS,,LOYAL,4,13,5,8,0,False,False,0.34,3.8,35,0,2026-08-09T16:42:30.408267
TXN-00092,CUST-5053,3670,Net Banking,SUCCESS,,AT_RISK,31,20,9,11,0,False,False,0.47,2.7,56,0,2026-07-15T16:42:30.408267
TXN-00093,CUST-9481,3774,UPI,SUCCESS,,NEW,7,17,11,6,3,True,False,0.87,5.2,42,0,2026-07-04T16:42:30.408267
TXN-00094,CUST-8377,2918,UPI,SUCCESS,,LOYAL,29,26,6,20,3,True,True,0.69,1.7,59,0,2026-08-06T16:42:30.408267
TXN-00095,CUST-8178,3682,Wallet,SUCCESS,,AT_RISK,17,4,4,0,0,False,False,0.58,6.1,20,0,2026-08-09T16:42:30.408267
TXN-00096,CUST-3867,410,Net Banking,SUCCESS,,NEW,36,5,0,5,3,True,False,0.89,2.9,9,0,2026-07-07T16:42:30.408267
TXN-00097,CUST-6330,18092,Credit Card,SUCCESS,,NEW,7,30,26,4,0,False,True,0.57,7.0,48,0,2026-06-16T16:42:30.408267
TXN-00098,CUST-7015,917,UPI,SUCCESS,,NEW,6,16,6,10,1,True,True,0.12,6.5,34,0,2026-08-04T16:42:30.408267
TXN-00099,CUST-8565,16311,Debit Card,SUCCESS,,NEW,24,30,12,18,0,False,False,0.5,6.7,47,0,2026-07-08T16:42:30.408267
TXN-00100,CUST-9712,17263,UPI,SUCCESS,,LOYAL,21,9,1,8,1,False,True,0.12,6.0,9,0,2026-06-21T16:42:30.408267
TXN-00101,CUST-3586,17733,Debit Card,SUCCESS,,REGULAR,21,24,21,3,0,False,False,0.81,0.3,15,0,2026-08-04T16:42:30.408267
TXN-00102,CUST-6667,13307,Net Banking,SUCCESS,,REGULAR,25,8,8,0,3,True,True,0.45,5.6,7,0,2026-06-20T16:42:30.408267
TXN-00103,CUST-8288,2513,UPI,FAILED,CARD_EXPIRED,AT_RISK,10,4,3,1,3,False,True,0.69,3.0,28,3,2026-06-06T16:42:30.408267
TXN-00104,CUST-6878,405,Debit Card,SUCCESS,,LOYAL,5,11,9,2,3,True,True,0.43,4.3,9,0,2026-06-11T16:42:30.408267
TXN-00105,CUST-2628,334,Credit Card,SUCCESS,,REGULAR,27,24,8,16,0,False,False,0.39,3.2,14,0,2026-07-25T16:42:30.408267
TXN-00106,CUST-9609,603,Net Banking,SUCCESS,,LOYAL,29,1,0,1,0,False,False,0.37,4.6,31,0,2026-08-15T16:42:30.408267
TXN-00107,CUST-8886,17596,UPI,SUCCESS,,AT_RISK,35,10,7,3,2,False,True,0.57,4.5,31,0,2026-07-06T16:42:30.408267
TXN-00108,CUST-7696,1346,UPI,SUCCESS,,LOYAL,25,12,5,7,0,False,False,0.33,0.3,49,0,2026-06-23T16:42:30.408267
TXN-00109,CUST-7920,3506,Debit Card,SUCCESS,,AT_RISK,33,7,6,1,3,False,True,0.49,3.9,60,0,2026-07-05T16:42:30.408267
TXN-00110,CUST-2333,15316,Net Banking,SUCCESS,,AT_RISK,20,2,1,1,0,False,True,0.89,0.8,50,0,2026-07-05T16:42:30.408267
TXN-00111,CUST-5465,15883,Credit Card,FAILED,INSUFFICIENT_FUNDS,REGULAR,12,18,12,6,1,True,True,0.33,2.3,53,1,2026-07-23T16:42:30.408267
TXN-00112,CUST-5001,4505,Credit Card,FAILED,BANK_ERROR,NEW,9,8,3,5,0,False,True,0.64,4.2,59,1,2026-09-01T16:42:30.408267
TXN-00113,CUST-5256,1851,UPI,SUCCESS,,NEW,34,5,2,3,2,True,True,0.13,6.8,39,0,2026-06-12T16:42:30.408267
TXN-00114,CUST-4365,1460,Wallet,SUCCESS,,NEW,1,19,10,9,2,True,True,0.9,6.1,3,0,2026-07-11T16:42:30.408267
TXN-00115,CUST-8777,17025,Wallet,FAILED,CUSTOMER_ABANDONED,REGULAR,10,5,4,1,2,False,True,0.94,3.9,27,1,2026-08-10T16:42:30.408267
TXN-00116,CUST-6103,602,Wallet,SUCCESS,,NEW,33,20,19,1,3,True,False,0.24,3.3,8,0,2026-09-01T16:42:30.408267
TXN-00117,CUST-7044,797,Net Banking,SUCCESS,,AT_RISK,19,25,8,17,3,False,False,0.37,6.9,25,0,2026-07-24T16:42:30.408267
TXN-00118,CUST-8032,1416,Net Banking,SUCCESS,,NEW,13,23,6,17,0,False,False,0.13,6.6,39,0,2026-06-17T16:42:30.408267
TXN-00119,CUST-6003,14800,UPI,FAILED,BANK_ERROR,REGULAR,10,5,0,5,2,False,False,0.28,5.7,23,1,2026-07-20T16:42:30.408267
TXN-00120,CUST-5011,19079,Debit Card,SUCCESS,,AT_RISK,1,30,10,20,3,False,False,0.53,0.8,19,0,2026-07-17T16:42:30.408267
TXN-00121,CUST-5901,887,UPI,SUCCESS,,NEW,26,10,8,2,1,False,False,0.87,0.1,3,0,2026-06-30T16:42:30.408267
TXN-00122,CUST-5860,4442,Credit Card,FAILED,NETWORK_TIMEOUT,AT_RISK,29,13,0,13,0,False,False,0.34,5.6,43,0,2026-07-30T16:42:30.408267
TXN-00123,CUST-4431,12914,UPI,SUCCESS,,AT_RISK,7,6,3,3,3,True,True,0.32,6.9,12,0,2026-07-04T16:42:30.408267
TXN-00124,CUST-3894,13800,Credit Card,SUCCESS,,AT_RISK,27,16,14,2,1,True,True,0.4,3.6,17,0,2026-06-15T16:42:30.408267
TXN-00125,CUST-3195,229,Wallet,SUCCESS,,AT_RISK,1,5,0,5,1,True,True,0.59,3.9,35,0,2026-06-29T16:42:30.408267
TXN-00126,CUST-6690,694,Wallet,SUCCESS,,AT_RISK,8,21,7,14,2,True,False,0.84,7.0,39,0,2026-07-08T16:42:30.408267
TXN-00127,CUST-4722,8070,UPI,SUCCESS,,NEW,1,17,11,6,3,False,False,0.86,5.8,13,0,2026-08-22T16:42:30.408267
TXN-00128,CUST-7975,3620,UPI,SUCCESS,,REGULAR,35,9,5,4,0,False,False,0.33,5.7,23,0,2026-08-28T16:42:30.408267
TXN-00129,CUST-6795,10771,Credit Card,FAILED,BANK_ERROR,LOYAL,5,27,24,3,3,False,True,0.67,3.7,35,1,2026-08-19T16:42:30.408267
TXN-00130,CUST-4515,7093,Credit Card,SUCCESS,,LOYAL,31,29,12,17,0,False,False,0.92,1.2,14,0,2026-07-08T16:42:30.408267
TXN-00131,CUST-8790,3032,Wallet,FAILED,BANK_ERROR,AT_RISK,19,15,10,5,2,False,True,0.18,1.2,41,3,2026-06-10T16:42:30.408267
TXN-00132,CUST-7086,1578,Wallet,SUCCESS,,AT_RISK,32,25,21,4,2,True,False,0.42,5.5,1,0,2026-06-22T16:42:30.408267
TXN-00133,CUST-5918,1391,UPI,FAILED,BANK_ERROR,AT_RISK,15,6,1,5,2,True,True,0.26,1.1,41,1,2026-08-27T16:42:30.408267
TXN-00134,CUST-4525,4970,UPI,SUCCESS,,REGULAR,26,15,12,3,1,False,True,0.62,0.2,34,0,2026-06-08T16:42:30.408267
TXN-00135,CUST-3585,277,Credit Card,SUCCESS,,NEW,20,21,19,2,3,True,True,0.36,3.5,58,0,2026-07-01T16:42:30.408267
TXN-00136,CUST-2587,1270,Debit Card,SUCCESS,,AT_RISK,1,26,21,5,1,True,True,0.14,1.9,56,0,2026-08-27T16:42:30.408267
TXN-00137,CUST-7868,4285,Debit Card,SUCCESS,,NEW,29,3,3,0,0,False,False,0.33,1.5,23,0,2026-08-15T16:42:30.408267
TXN-00138,CUST-5479,2705,UPI,SUCCESS,,AT_RISK,8,28,26,2,2,True,True,0.92,3.7,59,0,2026-07-07T16:42:30.408267
TXN-00139,CUST-9407,13705,UPI,SUCCESS,,AT_RISK,17,30,30,0,3,True,True,0.28,4.3,41,0,2026-07-15T16:42:30.408267
TXN-00140,CUST-7313,9082,Wallet,FAILED,INSUFFICIENT_FUNDS,REGULAR,2,13,6,7,0,False,False,0.86,5.0,33,2,2026-07-13T16:42:30.408267
TXN-00141,CUST-1398,219,Credit Card,SUCCESS,,NEW,20,18,13,5,0,False,False,0.27,3.8,33,0,2026-07-26T16:42:30.408267
TXN-00142,CUST-2572,3606,Net Banking,SUCCESS,,LOYAL,26,7,6,1,3,True,False,0.87,1.8,16,0,2026-07-19T16:42:30.408267
TXN-00143,CUST-7060,11775,Net Banking,SUCCESS,,LOYAL,10,4,2,2,1,True,True,0.91,0.2,36,0,2026-08-18T16:42:30.408267
TXN-00144,CUST-7797,487,UPI,SUCCESS,,REGULAR,30,27,1,26,2,True,True,0.68,5.0,4,0,2026-08-29T16:42:30.408267
TXN-00145,CUST-7918,1248,UPI,FAILED,CUSTOMER_ABANDONED,LOYAL,29,27,19,8,3,True,False,0.41,4.0,24,0,2026-07-31T16:42:30.408267
TXN-00146,CUST-6496,959,Net Banking,FAILED,PAYMENT_DECLINED,REGULAR,6,6,3,3,3,True,False,0.92,6.3,44,3,2026-07-15T16:42:30.408267
TXN-00147,CUST-1504,8506,Net Banking,SUCCESS,,LOYAL,31,28,27,1,3,False,True,0.43,3.9,32,0,2026-07-14T16:42:30.408267
TXN-00148,CUST-8817,14410,Debit Card,SUCCESS,,LOYAL,36,10,0,10,2,True,False,0.82,4.7,12,0,2026-07-20T16:42:30.408267
TXN-00149,CUST-7769,793,Credit Card,FAILED,NETWORK_TIMEOUT,REGULAR,3,16,16,0,2,True,True,0.82,1.8,11,3,2026-07-30T16:42:30.408267
TXN-00150,CUST-3210,7511,Debit Card,FAILED,NETWORK_TIMEOUT,NEW,13,28,6,22,2,False,False,0.57,4.4,46,3,2026-08-31T16:42:30.408267
TXN-00151,CUST-1269,2964,Credit Card,FAILED,INSUFFICIENT_FUNDS,AT_RISK,27,4,0,4,1,True,False,0.57,5.9,19,1,2026-07-03T16:42:30.408267
TXN-00152,CUST-4911,1626,Net Banking,SUCCESS,,NEW,23,8,5,3,2,False,False,0.67,3.1,43,0,2026-07-28T16:42:30.408267
TXN-00153,CUST-4010,18840,Wallet,SUCCESS,,AT_RISK,26,10,4,6,1,False,True,0.53,4.4,14,0,2026-06-25T16:42:30.408267
TXN-00154,CUST-4063,13885,UPI,FAILED,INSUFFICIENT_FUNDS,NEW,33,17,9,8,0,False,False,0.85,6.3,58,3,2026-08-06T16:42:30.408267
TXN-00155,CUST-6941,905,Debit Card,FAILED,NETWORK_TIMEOUT,REGULAR,22,25,21,4,3,True,False,0.44,2.8,42,3,2026-08-28T16:42:30.408267
TXN-00156,CUST-4264,547,Wallet,FAILED,NETWORK_TIMEOUT,LOYAL,5,8,7,1,1,True,True,0.72,1.0,57,1,2026-06-20T16:42:30.408267
TXN-00157,CUST-8690,5983,Credit Card,SUCCESS,,NEW,34,24,0,24,2,True,True,0.32,0.5,31,0,2026-06-27T16:42:30.408267
TXN-00158,CUST-4909,4117,Net Banking,SUCCESS,,AT_RISK,16,1,1,0,2,False,True,0.36,0.9,36,0,2026-09-04T16:42:30.408267
TXN-00159,CUST-7130,4634,Net Banking,SUCCESS,,REGULAR,19,4,1,3,0,False,True,0.82,5.9,31,0,2026-08-07T16:42:30.408267
TXN-00160,CUST-5729,1117,Net Banking,FAILED,CARD_EXPIRED,AT_RISK,29,16,5,11,2,True,False,0.18,0.9,32,2,2026-06-19T16:42:30.408267
TXN-00161,CUST-8498,10539,Credit Card,SUCCESS,,NEW,13,29,15,14,1,False,False,0.63,5.5,49,0,2026-08-02T16:42:30.408267
TXN-00162,CUST-5033,475,Credit Card,SUCCESS,,NEW,21,12,11,1,1,False,True,0.78,6.6,55,0,2026-08-09T16:42:30.408267
TXN-00163,CUST-6904,937,Debit Card,SUCCESS,,AT_RISK,23,21,6,15,0,False,False,0.55,5.2,3,0,2026-09-04T16:42:30.408267
TXN-00164,CUST-2503,3836,Wallet,FAILED,PAYMENT_DECLINED,REGULAR,24,12,11,1,2,True,True,0.48,6.5,39,3,2026-08-30T16:42:30.408267
TXN-00165,CUST-4494,739,UPI,SUCCESS,,LOYAL,14,13,5,8,1,True,False,0.81,4.6,33,0,2026-07-23T16:42:30.408267
TXN-00166,CUST-9771,358,UPI,SUCCESS,,NEW,3,15,15,0,0,False,True,0.44,5.9,4,0,2026-06-20T16:42:30.408267
TXN-00167,CUST-6731,17083,Debit Card,SUCCESS,,LOYAL,10,22,14,8,3,False,False,0.66,5.3,35,0,2026-08-01T16:42:30.408267
TXN-00168,CUST-6738,721,Debit Card,SUCCESS,,LOYAL,17,2,0,2,2,False,True,0.14,2.2,53,0,2026-06-22T16:42:30.408267
TXN-00169,CUST-9182,3086,UPI,FAILED,PAYMENT_DECLINED,REGULAR,25,6,1,5,0,False,False,0.31,1.1,55,2,2026-07-27T16:42:30.408267
TXN-00170,CUST-1639,715,Net Banking,SUCCESS,,AT_RISK,28,12,0,12,2,True,True,0.12,5.9,12,0,2026-08-06T16:42:30.408267
TXN-00171,CUST-5949,10116,Credit Card,SUCCESS,,AT_RISK,22,28,4,24,3,False,True,0.15,2.0,15,0,2026-07-07T16:42:30.408267
TXN-00172,CUST-7547,1714,Net Banking,SUCCESS,,LOYAL,20,15,14,1,1,False,False,0.85,0.7,36,0,2026-06-25T16:42:30.408267
TXN-00173,CUST-7478,972,Credit Card,SUCCESS,,REGULAR,3,22,11,11,2,True,False,0.27,5.0,60,0,2026-06-11T16:42:30.408267
TXN-00174,CUST-8312,609,Wallet,SUCCESS,,REGULAR,4,15,0,15,0,False,False,0.79,0.1,44,0,2026-07-03T16:42:30.408267
TXN-00175,CUST-1960,1730,UPI,SUCCESS,,REGULAR,4,29,6,23,1,False,False,0.12,0.9,25,0,2026-07-07T16:42:30.408267
TXN-00176,CUST-9415,360,Net Banking,SUCCESS,,NEW,4,1,1,0,0,False,False,0.9,3.9,43,0,2026-06-17T16:42:30.408267
TXN-00177,CUST-2361,3635,Wallet,SUCCESS,,AT_RISK,36,18,17,1,1,False,True,0.76,1.1,57,0,2026-07-20T16:42:30.408267
TXN-00178,CUST-2543,635,Wallet,SUCCESS,,AT_RISK,11,27,24,3,1,True,False,0.65,0.1,8,0,2026-08-24T16:42:30.408267
TXN-00179,CUST-6097,10476,Debit Card,SUCCESS,,REGULAR,9,14,10,4,0,False,False,0.47,0.6,15,0,2026-07-30T16:42:30.408267
TXN-00180,CUST-2390,15974,Wallet,SUCCESS,,LOYAL,31,15,15,0,0,False,True,0.17,6.6,21,0,2026-08-09T16:42:30.408267
TXN-00181,CUST-4901,6743,Net Banking,SUCCESS,,LOYAL,13,1,1,0,3,False,False,0.53,4.9,1,0,2026-06-24T16:42:30.408267
TXN-00182,CUST-4440,4176,Credit Card,SUCCESS,,LOYAL,10,23,9,14,2,True,False,0.24,0.7,38,0,2026-06-21T16:42:30.408267
TXN-00183,CUST-4782,9717,Credit Card,FAILED,INSUFFICIENT_FUNDS,NEW,26,23,16,7,3,True,False,0.3,1.6,25,2,2026-08-29T16:42:30.408267
TXN-00184,CUST-8679,2816,Net Banking,SUCCESS,,REGULAR,4,28,5,23,3,False,False,0.3,5.5,26,0,2026-08-28T16:42:30.408267
TXN-00185,CUST-7263,3387,Debit Card,SUCCESS,,LOYAL,11,16,9,7,2,True,False,0.38,0.2,52,0,2026-08-04T16:42:30.408267
TXN-00186,CUST-7265,1952,UPI,FAILED,CUSTOMER_ABANDONED,AT_RISK,30,3,3,0,0,False,True,0.84,4.6,44,2,2026-06-23T16:42:30.408267
TXN-00187,CUST-4453,1156,Credit Card,FAILED,INSUFFICIENT_FUNDS,AT_RISK,5,30,26,4,2,True,False,0.55,2.9,43,1,2026-08-26T16:42:30.408267
TXN-00188,CUST-9385,3378,Credit Card,SUCCESS,,AT_RISK,28,27,17,10,1,True,False,0.7,5.9,32,0,2026-08-26T16:42:30.408267
TXN-00189,CUST-5726,1917,Debit Card,SUCCESS,,REGULAR,26,2,0,2,3,False,False,0.43,6.5,18,0,2026-06-09T16:42:30.408267
TXN-00190,CUST-6066,262,Net Banking,SUCCESS,,NEW,5,30,15,15,0,False,True,0.6,2.2,9,0,2026-08-14T16:42:30.408267
TXN-00191,CUST-9739,13484,Wallet,SUCCESS,,AT_RISK,14,19,5,14,2,True,False,0.56,0.5,4,0,2026-08-26T16:42:30.408267
TXN-00192,CUST-8365,12259,UPI,SUCCESS,,LOYAL,1,29,23,6,3,True,True,0.83,6.8,45,0,2026-08-15T16:42:30.408267
TXN-00193,CUST-4070,409,Wallet,SUCCESS,,NEW,1,6,5,1,2,False,True,0.12,0.2,26,0,2026-06-22T16:42:30.408267
TXN-00194,CUST-1316,824,Debit Card,SUCCESS,,NEW,29,24,13,11,3,True,False,0.85,1.4,4,0,2026-06-16T16:42:30.408267
TXN-00195,CUST-8661,3014,Credit Card,FAILED,INSUFFICIENT_FUNDS,AT_RISK,4,20,9,11,0,False,False,0.22,4.4,12,1,2026-07-16T16:42:30.408267
TXN-00196,CUST-7310,204,Debit Card,SUCCESS,,NEW,28,1,1,0,3,True,True,0.76,0.4,36,0,2026-06-10T16:42:30.408267
TXN-00197,CUST-6570,725,UPI,SUCCESS,,REGULAR,11,12,8,4,2,False,False,0.53,5.1,41,0,2026-08-01T16:42:30.408267
TXN-00198,CUST-3041,6771,UPI,SUCCESS,,NEW,23,19,9,10,3,True,False,0.49,0.9,35,0,2026-08-13T16:42:30.408267
TXN-00199,CUST-3957,867,Debit Card,SUCCESS,,AT_RISK,16,25,24,1,2,False,False,0.78,1.7,32,0,2026-07-23T16:42:30.408267
TXN-00200,CUST-1544,1690,Debit Card,SUCCESS,,LOYAL,35,16,7,9,1,True,False,0.44,5.0,54,0,2026-07-07T16:42:30.408267
TXN-00201,CUST-5642,17742,Debit Card,SUCCESS,,AT_RISK,20,29,9,20,3,True,True,0.42,2.4,52,0,2026-08-13T16:42:30.408267
TXN-00202,CUST-5189,11848,Wallet,SUCCESS,,LOYAL,23,6,4,2,1,True,False,0.43,6.1,8,0,2026-06-10T16:42:30.408267
TXN-00203,CUST-3295,718,Credit Card,SUCCESS,,LOYAL,21,27,0,27,2,True,False,0.71,0.8,28,0,2026-08-15T16:42:30.408267
TXN-00204,CUST-6963,3042,Net Banking,SUCCESS,,NEW,7,23,11,12,1,True,True,0.65,4.0,18,0,2026-07-02T16:42:30.408267
TXN-00205,CUST-5483,299,Credit Card,FAILED,CARD_EXPIRED,LOYAL,20,4,0,4,2,False,True,0.47,1.5,29,3,2026-06-06T16:42:30.408267
TXN-00206,CUST-4630,4777,Debit Card,SUCCESS,,LOYAL,14,8,4,4,1,True,False,0.58,5.0,36,0,2026-08-22T16:42:30.408267
TXN-00207,CUST-7489,987,Credit Card,SUCCESS,,LOYAL,7,2,2,0,2,False,True,0.78,0.0,4,0,2026-08-30T16:42:30.408267
TXN-00208,CUST-8416,208,UPI,SUCCESS,,NEW,12,18,14,4,3,True,True,0.13,1.7,58,0,2026-06-07T16:42:30.408267
TXN-00209,CUST-5607,18577,UPI,SUCCESS,,REGULAR,26,16,14,2,1,False,False,0.75,6.6,3,0,2026-06-22T16:42:30.408267
TXN-00210,CUST-6686,681,UPI,FAILED,CARD_EXPIRED,AT_RISK,8,18,3,15,1,True,True,0.38,6.5,52,2,2026-08-20T16:42:30.408267
TXN-00211,CUST-8316,318,Net Banking,SUCCESS,,LOYAL,10,28,3,25,1,True,False,0.46,5.8,42,0,2026-06-16T16:42:30.408267
TXN-00212,CUST-3631,4911,Credit Card,SUCCESS,,NEW,14,20,14,6,0,False,True,0.16,2.2,22,0,2026-06-23T16:42:30.408267
TXN-00213,CUST-3430,7227,Credit Card,FAILED,BANK_ERROR,REGULAR,6,25,25,0,2,True,True,0.38,3.6,33,0,2026-08-11T16:42:30.408267
TXN-00214,CUST-6377,1379,Wallet,SUCCESS,,AT_RISK,4,12,3,9,2,True,True,0.79,6.3,33,0,2026-06-14T16:42:30.408267
TXN-00215,CUST-8427,15306,Debit Card,SUCCESS,,LOYAL,33,26,1,25,1,True,False,0.5,1.8,5,0,2026-07-31T16:42:30.408267
TXN-00216,CUST-5950,4909,Debit Card,FAILED,BANK_ERROR,REGULAR,11,23,17,6,0,False,False,0.77,0.1,23,2,2026-07-04T16:42:30.408267
TXN-00217,CUST-3376,10122,UPI,SUCCESS,,LOYAL,31,16,2,14,0,False,True,0.47,2.9,48,0,2026-07-19T16:42:30.408267
TXN-00218,CUST-9346,999,Wallet,FAILED,PAYMENT_DECLINED,LOYAL,19,16,13,3,3,True,True,0.11,6.5,55,3,2026-09-04T16:42:30.408267
TXN-00219,CUST-8270,671,Net Banking,FAILED,CARD_EXPIRED,NEW,3,20,8,12,0,False,True,0.72,3.8,41,0,2026-08-28T16:42:30.408267
TXN-00220,CUST-7566,15502,Debit Card,SUCCESS,,NEW,15,28,6,22,1,True,False,0.3,5.2,28,0,2026-07-19T16:42:30.408267
TXN-00221,CUST-5594,2631,Credit Card,FAILED,CARD_EXPIRED,AT_RISK,24,15,4,11,1,False,False,0.45,5.2,8,2,2026-08-18T16:42:30.408267
TXN-00222,CUST-3593,4173,Debit Card,SUCCESS,,NEW,23,17,7,10,1,False,False,0.73,2.9,37,0,2026-08-02T16:42:30.408267
TXN-00223,CUST-8354,4240,UPI,SUCCESS,,REGULAR,5,15,14,1,1,True,False,0.12,6.8,28,0,2026-07-23T16:42:30.408267
TXN-00224,CUST-6228,12288,UPI,SUCCESS,,LOYAL,20,5,2,3,1,True,False,0.67,5.8,23,0,2026-09-01T16:42:30.408267
TXN-00225,CUST-8832,1810,Debit Card,SUCCESS,,AT_RISK,8,23,12,11,2,False,False,0.6,5.5,8,0,2026-08-31T16:42:30.408267
TXN-00226,CUST-3517,1916,Net Banking,SUCCESS,,AT_RISK,12,14,10,4,3,True,False,0.68,6.7,33,0,2026-06-24T16:42:30.408267
TXN-00227,CUST-3272,582,Net Banking,SUCCESS,,REGULAR,11,16,11,5,2,True,True,0.75,6.9,56,0,2026-08-28T16:42:30.408267
TXN-00228,CUST-3959,19838,Credit Card,SUCCESS,,LOYAL,34,18,4,14,2,False,True,0.91,1.2,48,0,2026-09-02T16:42:30.408267
TXN-00229,CUST-1674,822,Debit Card,FAILED,PAYMENT_DECLINED,NEW,9,2,1,1,3,False,True,0.59,1.9,50,2,2026-08-21T16:42:30.408267
TXN-00230,CUST-7988,898,UPI,SUCCESS,,LOYAL,22,7,1,6,1,False,True,0.12,6.6,25,0,2026-07-15T16:42:30.408267
TXN-00231,CUST-6087,2612,UPI,FAILED,NETWORK_TIMEOUT,NEW,9,28,26,2,1,True,False,0.93,5.5,20,1,2026-08-04T16:42:30.408267
TXN-00232,CUST-2238,12170,Net Banking,SUCCESS,,NEW,1,22,1,21,1,False,False,0.21,1.7,26,0,2026-07-30T16:42:30.408267
TXN-00233,CUST-8960,13721,Wallet,SUCCESS,,AT_RISK,19,30,7,23,0,False,False,0.15,4.7,22,0,2026-06-13T16:42:30.408267
TXN-00234,CUST-3668,5489,Wallet,SUCCESS,,NEW,13,4,4,0,2,False,True,0.37,0.0,59,0,2026-08-13T16:42:30.408267
TXN-00235,CUST-9186,3974,Debit Card,SUCCESS,,AT_RISK,13,3,2,1,2,False,True,0.87,5.9,29,0,2026-07-22T16:42:30.408267
TXN-00236,CUST-7874,3809,UPI,FAILED,NETWORK_TIMEOUT,NEW,16,5,1,4,0,False,True,0.25,3.9,36,0,2026-07-23T16:42:30.408267
TXN-00237,CUST-9219,4310,Credit Card,FAILED,NETWORK_TIMEOUT,LOYAL,25,17,7,10,2,False,False,0.9,1.7,35,1,2026-07-26T16:42:30.408267
TXN-00238,CUST-3817,632,UPI,SUCCESS,,AT_RISK,6,29,5,24,0,False,False,0.46,0.0,40,0,2026-06-29T16:42:30.408267
TXN-00239,CUST-5556,895,UPI,FAILED,NETWORK_TIMEOUT,AT_RISK,35,19,7,12,0,False,False,0.44,4.3,55,2,2026-07-30T16:42:30.408267
TXN-00240,CUST-3687,3651,UPI,SUCCESS,,NEW,6,6,2,4,1,True,False,0.52,6.5,38,0,2026-08-01T16:42:30.408267
TXN-00241,CUST-9397,2304,Net Banking,SUCCESS,,NEW,6,26,25,1,3,False,False,0.22,6.9,39,0,2026-08-19T16:42:30.408267
TXN-00242,CUST-1978,614,Credit Card,SUCCESS,,AT_RISK,5,3,1,2,2,False,False,0.28,2.0,23,0,2026-07-09T16:42:30.408267
TXN-00243,CUST-9884,2596,Net Banking,SUCCESS,,AT_RISK,29,25,5,20,1,False,True,0.22,3.3,51,0,2026-08-05T16:42:30.408267
TXN-00244,CUST-5760,2224,UPI,SUCCESS,,LOYAL,5,28,9,19,2,False,True,0.25,5.8,22,0,2026-08-21T16:42:30.408267
TXN-00245,CUST-9949,543,UPI,FAILED,BANK_ERROR,LOYAL,20,9,5,4,1,True,True,0.27,5.3,54,3,2026-06-06T16:42:30.408267
TXN-00246,CUST-8724,17918,Wallet,SUCCESS,,REGULAR,18,5,3,2,1,True,False,0.46,4.6,51,0,2026-08-28T16:42:30.408267
TXN-00247,CUST-4989,4860,Wallet,FAILED,CARD_EXPIRED,REGULAR,2,22,22,0,1,True,True,0.26,4.7,57,0,2026-06-23T16:42:30.408267
TXN-00248,CUST-1577,16428,Net Banking,SUCCESS,,NEW,4,3,2,1,2,False,True,0.72,4.4,23,0,2026-07-07T16:42:30.408267
TXN-00249,CUST-3194,3645,Wallet,SUCCESS,,REGULAR,6,10,7,3,2,True,False,0.58,1.0,44,0,2026-06-15T16:42:30.408267
TXN-00250,CUST-5566,537,Wallet,SUCCESS,,REGULAR,36,1,0,1,3,True,False,0.88,6.8,31,0,2026-06-24T16:42:30.408267
TXN-00251,CUST-3018,2491,UPI,SUCCESS,,LOYAL,29,16,11,5,1,True,True,0.74,6.6,13,0,2026-06-07T16:42:30.408267
TXN-00252,CUST-9171,5229,Net Banking,SUCCESS,,REGULAR,28,3,1,2,1,False,False,0.92,3.6,57,0,2026-08-10T16:42:30.408267
TXN-00253,CUST-5564,714,Credit Card,SUCCESS,,AT_RISK,14,4,3,1,3,True,True,0.5,1.8,14,0,2026-07-06T16:42:30.408267
TXN-00254,CUST-1671,3322,Debit Card,SUCCESS,,NEW,21,21,9,12,0,False,True,0.67,6.0,24,0,2026-07-01T16:42:30.408267
TXN-00255,CUST-6835,2657,UPI,SUCCESS,,LOYAL,23,5,1,4,0,False,False,0.86,4.1,35,0,2026-08-31T16:42:30.408267
TXN-00256,CUST-2091,5063,Debit Card,SUCCESS,,NEW,21,6,4,2,2,False,True,0.48,2.0,10,0,2026-08-29T16:42:30.408267
TXN-00257,CUST-6581,763,UPI,FAILED,NETWORK_TIMEOUT,LOYAL,1,13,2,11,2,True,True,0.2,2.7,12,3,2026-08-13T16:42:30.408267
TXN-00258,CUST-7876,4363,Wallet,SUCCESS,,AT_RISK,4,7,4,3,0,False,False,0.53,4.3,59,0,2026-07-23T16:42:30.408267
TXN-00259,CUST-5303,3516,Debit Card,SUCCESS,,REGULAR,22,2,2,0,3,True,False,0.86,2.0,2,0,2026-06-19T16:42:30.408267
TXN-00260,CUST-7486,3173,UPI,FAILED,BANK_ERROR,AT_RISK,1,2,2,0,0,False,True,0.61,6.0,2,1,2026-06-18T16:42:30.408267
TXN-00261,CUST-9573,18405,Wallet,FAILED,INSUFFICIENT_FUNDS,AT_RISK,32,10,8,2,2,True,True,0.56,5.1,30,3,2026-06-18T16:42:30.408267
TXN-00262,CUST-9132,757,Debit Card,FAILED,CARD_EXPIRED,REGULAR,15,25,11,14,2,False,True,0.93,0.0,56,0,2026-06-14T16:42:30.408267
TXN-00263,CUST-5955,15210,UPI,SUCCESS,,AT_RISK,21,10,1,9,1,False,False,0.23,4.9,48,0,2026-08-09T16:42:30.408267
TXN-00264,CUST-8568,4922,Credit Card,SUCCESS,,REGULAR,26,25,20,5,1,True,True,0.51,6.6,28,0,2026-08-09T16:42:30.408267
TXN-00265,CUST-5049,16595,Wallet,SUCCESS,,AT_RISK,27,27,3,24,2,False,True,0.44,6.8,6,0,2026-06-16T16:42:30.408267
TXN-00266,CUST-4311,3016,Wallet,SUCCESS,,REGULAR,16,17,7,10,1,True,False,0.19,5.2,6,0,2026-08-01T16:42:30.408267
TXN-00267,CUST-8676,3482,UPI,SUCCESS,,REGULAR,14,3,3,0,0,False,False,0.38,1.1,27,0,2026-06-07T16:42:30.408267
TXN-00268,CUST-2699,19841,Wallet,SUCCESS,,NEW,12,5,2,3,0,False,False,0.28,6.4,45,0,2026-06-25T16:42:30.408267
TXN-00269,CUST-3451,336,Debit Card,SUCCESS,,REGULAR,25,22,1,21,0,False,False,0.81,5.1,54,0,2026-07-22T16:42:30.408267
TXN-00270,CUST-7194,410,UPI,SUCCESS,,AT_RISK,5,24,16,8,2,False,True,0.76,2.2,49,0,2026-06-23T16:42:30.408267
TXN-00271,CUST-9270,15874,Wallet,SUCCESS,,REGULAR,8,10,6,4,0,False,False,0.28,5.4,19,0,2026-08-30T16:42:30.408267
TXN-00272,CUST-5087,11536,Net Banking,SUCCESS,,REGULAR,26,17,11,6,3,False,True,0.25,5.0,44,0,2026-06-09T16:42:30.408267
TXN-00273,CUST-9641,8928,Credit Card,FAILED,PAYMENT_DECLINED,NEW,14,12,5,7,0,False,True,0.45,0.7,27,1,2026-07-05T16:42:30.408267
TXN-00274,CUST-6811,5941,Credit Card,SUCCESS,,REGULAR,12,23,22,1,3,True,False,0.7,2.0,26,0,2026-07-06T16:42:30.408267
TXN-00275,CUST-2293,2070,Debit Card,SUCCESS,,NEW,4,22,4,18,0,False,False,0.32,3.3,26,0,2026-07-19T16:42:30.408267
TXN-00276,CUST-5916,4568,Wallet,SUCCESS,,AT_RISK,10,8,5,3,0,False,False,0.88,5.4,42,0,2026-06-10T16:42:30.408267
TXN-00277,CUST-2475,16167,Credit Card,SUCCESS,,NEW,32,13,13,0,2,False,False,0.22,2.8,39,0,2026-08-31T16:42:30.408267
TXN-00278,CUST-8196,4869,Debit Card,SUCCESS,,REGULAR,19,27,17,10,3,False,False,0.14,5.7,47,0,2026-08-06T16:42:30.408267
TXN-00279,CUST-5307,2238,Credit Card,SUCCESS,,REGULAR,35,12,0,12,1,False,False,0.27,0.9,59,0,2026-06-06T16:42:30.408267
TXN-00280,CUST-6075,16086,Credit Card,FAILED,NETWORK_TIMEOUT,REGULAR,23,5,0,5,1,False,True,0.12,1.7,55,3,2026-07-27T16:42:30.408267
TXN-00281,CUST-2597,2226,Net Banking,FAILED,BANK_ERROR,AT_RISK,24,20,6,14,1,False,True,0.87,6.9,10,2,2026-06-07T16:42:30.408267
TXN-00282,CUST-1188,3182,Credit Card,FAILED,BANK_ERROR,AT_RISK,20,28,25,3,3,False,True,0.62,6.4,23,3,2026-06-16T16:42:30.408267
TXN-00283,CUST-9305,4623,Net Banking,SUCCESS,,AT_RISK,36,1,0,1,3,True,False,0.55,3.2,27,0,2026-06-19T16:42:30.408267
TXN-00284,CUST-1791,1379,Net Banking,FAILED,CARD_EXPIRED,AT_RISK,5,27,10,17,0,False,True,0.46,1.8,52,3,2026-08-10T16:42:30.408267
TXN-00285,CUST-6032,2847,UPI,FAILED,CARD_EXPIRED,AT_RISK,22,15,6,9,1,False,False,0.62,1.0,9,1,2026-09-01T16:42:30.408267
TXN-00286,CUST-3513,660,Credit Card,SUCCESS,,AT_RISK,34,20,12,8,2,True,False,0.36,4.5,33,0,2026-07-31T16:42:30.408267
TXN-00287,CUST-5204,2836,UPI,SUCCESS,,LOYAL,9,9,4,5,3,True,True,0.37,6.4,43,0,2026-08-17T16:42:30.408267
TXN-00288,CUST-5654,5582,Credit Card,SUCCESS,,LOYAL,25,11,3,8,3,True,False,0.58,6.0,23,0,2026-07-16T16:42:30.408267
TXN-00289,CUST-5289,591,UPI,SUCCESS,,NEW,23,14,4,10,2,False,True,0.93,1.1,44,0,2026-07-26T16:42:30.408267
TXN-00290,CUST-8550,4377,Credit Card,FAILED,PAYMENT_DECLINED,NEW,34,28,20,8,2,False,False,0.69,5.1,6,3,2026-08-17T16:42:30.408267
TXN-00291,CUST-4539,2119,UPI,SUCCESS,,NEW,25,4,1,3,1,True,True,0.25,4.5,26,0,2026-08-03T16:42:30.408267
TXN-00292,CUST-3685,17230,Wallet,FAILED,CARD_EXPIRED,NEW,21,30,5,25,3,True,True,0.88,5.3,9,0,2026-09-03T16:42:30.408267
TXN-00293,CUST-6452,1493,Debit Card,FAILED,INSUFFICIENT_FUNDS,LOYAL,9,3,1,2,1,False,True,0.46,2.6,55,2,2026-07-30T16:42:30.408267
TXN-00294,CUST-8699,536,UPI,SUCCESS,,LOYAL,25,6,4,2,0,False,True,0.94,2.7,60,0,2026-09-02T16:42:30.408267
TXN-00295,CUST-6624,19726,UPI,SUCCESS,,REGULAR,35,1,1,0,0,False,False,0.42,0.2,38,0,2026-07-22T16:42:30.408267
TXN-00296,CUST-7055,3109,Credit Card,FAILED,CUSTOMER_ABANDONED,NEW,1,9,8,1,2,True,False,0.24,5.4,19,3,2026-07-07T16:42:30.408267
TXN-00297,CUST-7909,3592,UPI,SUCCESS,,NEW,25,21,0,21,3,True,False,0.43,3.1,32,0,2026-08-31T16:42:30.408267
TXN-00298,CUST-9348,317,Net Banking,SUCCESS,,NEW,13,30,21,9,1,True,False,0.7,7.0,58,0,2026-09-03T16:42:30.408267
TXN-00299,CUST-5609,17385,Debit Card,FAILED,PAYMENT_DECLINED,AT_RISK,35,24,0,24,0,False,False,0.47,0.7,38,1,2026-07-27T16:42:30.408267
TXN-00300,CUST-8021,18574,UPI,SUCCESS,,REGULAR,27,3,0,3,3,False,True,0.64,1.0,10,0,2026-08-08T16:42:30.408267
TXN-00301,CUST-6296,12127,Credit Card,SUCCESS,,LOYAL,8,29,20,9,0,False,False,0.22,5.1,60,0,2026-06-11T16:42:30.408267
TXN-00302,CUST-7853,546,Debit Card,SUCCESS,,REGULAR,31,28,9,19,1,True,True,0.47,6.4,29,0,2026-07-23T16:42:30.408267
TXN-00303,CUST-5715,316,Wallet,SUCCESS,,REGULAR,36,4,1,3,2,True,False,0.74,2.6,60,0,2026-07-11T16:42:30.408267
TXN-00304,CUST-4750,8790,Net Banking,SUCCESS,,LOYAL,25,6,2,4,2,True,False,0.67,3.7,20,0,2026-08-02T16:42:30.408267
TXN-00305,CUST-2714,405,Net Banking,FAILED,PAYMENT_DECLINED,LOYAL,13,17,11,6,2,False,False,0.64,3.5,60,3,2026-07-24T16:42:30.408267
TXN-00306,CUST-3784,561,UPI,SUCCESS,,REGULAR,20,27,5,22,1,True,True,0.15,4.1,6,0,2026-08-05T16:42:30.408267
TXN-00307,CUST-6547,16049,Debit Card,FAILED,INSUFFICIENT_FUNDS,LOYAL,22,19,1,18,1,True,False,0.25,3.7,15,3,2026-07-23T16:42:30.408267
TXN-00308,CUST-6741,237,Credit Card,SUCCESS,,AT_RISK,4,12,2,10,0,False,False,0.27,3.3,50,0,2026-08-08T16:42:30.408267
TXN-00309,CUST-1501,3262,Debit Card,SUCCESS,,LOYAL,17,16,2,14,3,False,False,0.15,6.5,13,0,2026-06-12T16:42:30.408267
TXN-00310,CUST-7862,866,UPI,SUCCESS,,REGULAR,21,13,10,3,3,True,False,0.45,3.3,4,0,2026-06-24T16:42:30.408267
TXN-00311,CUST-3681,1072,Credit Card,FAILED,CUSTOMER_ABANDONED,REGULAR,5,8,3,5,2,True,True,0.21,5.0,56,3,2026-08-28T16:42:30.408267
TXN-00312,CUST-9386,11913,Credit Card,FAILED,NETWORK_TIMEOUT,AT_RISK,2,23,2,21,1,False,True,0.42,5.6,31,2,2026-07-24T16:42:30.408267
TXN-00313,CUST-7059,2894,Credit Card,SUCCESS,,AT_RISK,4,21,3,18,2,False,True,0.94,4.9,50,0,2026-06-15T16:42:30.408267
TXN-00314,CUST-6464,262,Credit Card,SUCCESS,,NEW,16,26,13,13,2,True,False,0.33,2.7,16,0,2026-07-16T16:42:30.408267
TXN-00315,CUST-6202,16761,Net Banking,SUCCESS,,NEW,15,3,0,3,2,True,False,0.63,0.1,42,0,2026-06-24T16:42:30.408267
TXN-00316,CUST-9770,475,Credit Card,SUCCESS,,LOYAL,35,23,11,12,3,False,True,0.62,1.6,17,0,2026-08-05T16:42:30.408267
TXN-00317,CUST-9774,783,Credit Card,FAILED,BANK_ERROR,NEW,32,8,6,2,3,False,True,0.77,6.4,37,1,2026-06-10T16:42:30.408267
TXN-00318,CUST-3880,12945,Wallet,SUCCESS,,LOYAL,3,12,6,6,2,True,False,0.17,7.0,7,0,2026-08-29T16:42:30.408267
TXN-00319,CUST-5606,3560,Debit Card,SUCCESS,,AT_RISK,23,16,9,7,2,True,True,0.8,2.7,24,0,2026-08-25T16:42:30.408267
TXN-00320,CUST-9536,9296,UPI,SUCCESS,,LOYAL,26,17,6,11,0,False,True,0.29,3.0,6,0,2026-06-29T16:42:30.408267
TXN-00321,CUST-1688,337,UPI,SUCCESS,,LOYAL,6,2,1,1,1,True,False,0.44,3.4,4,0,2026-06-10T16:42:30.408267
TXN-00322,CUST-2850,5544,Credit Card,SUCCESS,,NEW,34,17,13,4,3,True,True,0.62,0.8,14,0,2026-08-03T16:42:30.408267
TXN-00323,CUST-7686,14097,Debit Card,SUCCESS,,AT_RISK,18,13,6,7,3,False,True,0.32,3.9,43,0,2026-08-21T16:42:30.408267
TXN-00324,CUST-8847,17133,Wallet,SUCCESS,,REGULAR,29,27,6,21,1,True,True,0.29,1.1,53,0,2026-06-25T16:42:30.408267
TXN-00325,CUST-6719,858,Credit Card,FAILED,NETWORK_TIMEOUT,AT_RISK,29,12,3,9,3,False,False,0.86,4.5,8,1,2026-09-01T16:42:30.408267
TXN-00326,CUST-3517,301,Credit Card,FAILED,CUSTOMER_ABANDONED,NEW,1,26,9,17,2,False,True,0.37,5.4,25,0,2026-06-25T16:42:30.408267
TXN-00327,CUST-9369,204,UPI,FAILED,BANK_ERROR,NEW,10,16,14,2,3,True,False,0.33,0.1,21,1,2026-07-27T16:42:30.408267
TXN-00328,CUST-5893,392,Net Banking,SUCCESS,,REGULAR,26,10,7,3,1,True,True,0.33,3.3,24,0,2026-08-26T16:42:30.408267
TXN-00329,CUST-6299,11292,Net Banking,FAILED,CARD_EXPIRED,REGULAR,22,8,7,1,2,False,True,0.58,4.9,36,2,2026-06-25T16:42:30.408267
TXN-00330,CUST-4803,9613,Credit Card,SUCCESS,,REGULAR,30,30,12,18,2,True,True,0.5,1.1,10,0,2026-07-13T16:42:30.408267
TXN-00331,CUST-7024,6870,Credit Card,SUCCESS,,REGULAR,10,12,3,9,2,True,False,0.12,6.7,23,0,2026-07-21T16:42:30.408267
TXN-00332,CUST-6211,5528,Wallet,FAILED,BANK_ERROR,NEW,30,26,7,19,3,True,False,0.44,1.4,49,3,2026-07-08T16:42:30.408267
TXN-00333,CUST-1890,19088,Wallet,SUCCESS,,NEW,29,20,3,17,0,False,False,0.76,3.5,54,0,2026-07-25T16:42:30.408267
TXN-00334,CUST-4038,462,Net Banking,SUCCESS,,NEW,6,2,1,1,0,False,True,0.37,2.4,9,0,2026-07-08T16:42:30.408267
TXN-00335,CUST-4268,4752,UPI,SUCCESS,,LOYAL,13,24,5,19,2,False,True,0.11,3.3,8,0,2026-07-07T16:42:30.408267
TXN-00336,CUST-4958,358,Debit Card,SUCCESS,,AT_RISK,20,30,27,3,3,True,True,0.25,5.6,42,0,2026-06-14T16:42:30.408267
TXN-00337,CUST-6644,17506,Credit Card,SUCCESS,,LOYAL,11,14,12,2,3,False,False,0.44,0.9,1,0,2026-07-13T16:42:30.408267
TXN-00338,CUST-8085,2606,Credit Card,SUCCESS,,REGULAR,21,25,17,8,0,False,True,0.61,0.9,50,0,2026-07-27T16:42:30.408267
TXN-00339,CUST-6641,550,UPI,SUCCESS,,REGULAR,35,12,2,10,2,False,False,0.32,1.2,41,0,2026-06-10T16:42:30.408267
TXN-00340,CUST-1034,11695,Debit Card,SUCCESS,,AT_RISK,6,29,16,13,3,False,False,0.82,4.2,60,0,2026-06-13T16:42:30.408267
TXN-00341,CUST-1422,1262,UPI,SUCCESS,,LOYAL,35,3,3,0,0,False,False,0.56,4.4,34,0,2026-09-02T16:42:30.408267
TXN-00342,CUST-5939,968,Wallet,SUCCESS,,LOYAL,27,15,14,1,1,True,True,0.36,0.5,31,0,2026-06-17T16:42:30.408267
TXN-00343,CUST-1549,811,Wallet,FAILED,BANK_ERROR,AT_RISK,2,14,6,8,3,True,True,0.44,6.0,14,3,2026-06-19T16:42:30.408267
TXN-00344,CUST-4026,2244,Credit Card,SUCCESS,,LOYAL,23,27,2,25,1,True,True,0.94,4.2,29,0,2026-07-12T16:42:30.408267
TXN-00345,CUST-6940,9829,Credit Card,SUCCESS,,NEW,34,29,16,13,2,True,False,0.95,1.4,26,0,2026-08-21T16:42:30.408267
TXN-00346,CUST-4092,335,Wallet,FAILED,CUSTOMER_ABANDONED,AT_RISK,11,17,6,11,0,False,False,0.56,6.6,2,1,2026-06-16T16:42:30.408267
TXN-00347,CUST-2505,16208,Debit Card,SUCCESS,,AT_RISK,1,12,2,10,2,False,True,0.14,2.6,57,0,2026-08-27T16:42:30.408267
TXN-00348,CUST-5499,750,Credit Card,FAILED,BANK_ERROR,NEW,10,28,1,27,1,False,False,0.93,0.9,56,2,2026-08-08T16:42:30.408267
TXN-00349,CUST-5540,833,Credit Card,FAILED,NETWORK_TIMEOUT,AT_RISK,14,29,14,15,1,True,False,0.83,4.6,44,3,2026-06-26T16:42:30.408267
TXN-00350,CUST-7934,18555,Net Banking,SUCCESS,,REGULAR,26,27,4,23,1,True,False,0.75,0.3,41,0,2026-06-28T16:42:30.408267
TXN-00351,CUST-8784,11350,Debit Card,SUCCESS,,AT_RISK,17,13,3,10,2,True,False,0.48,2.0,41,0,2026-08-16T16:42:30.408267
TXN-00352,CUST-2522,3846,Net Banking,SUCCESS,,NEW,29,25,2,23,2,True,False,0.95,1.0,28,0,2026-08-31T16:42:30.408267
TXN-00353,CUST-3485,3367,UPI,SUCCESS,,NEW,19,7,0,7,2,True,False,0.93,2.8,48,0,2026-07-31T16:42:30.408267
TXN-00354,CUST-3571,4145,Debit Card,SUCCESS,,AT_RISK,1,4,4,0,3,True,False,0.34,6.7,9,0,2026-07-14T16:42:30.408267
TXN-00355,CUST-8285,1249,Net Banking,FAILED,PAYMENT_DECLINED,AT_RISK,19,29,29,0,2,True,False,0.41,3.5,15,3,2026-08-31T16:42:30.408267
TXN-00356,CUST-3709,3184,Net Banking,SUCCESS,,REGULAR,9,2,0,2,0,False,False,0.87,0.3,18,0,2026-08-15T16:42:30.408267
TXN-00357,CUST-5709,1386,Net Banking,FAILED,CARD_EXPIRED,LOYAL,22,15,9,6,1,True,True,0.38,5.6,2,1,2026-07-25T16:42:30.408267
TXN-00358,CUST-6089,11501,UPI,SUCCESS,,NEW,24,10,4,6,0,False,True,0.61,0.2,48,0,2026-06-12T16:42:30.408267
TXN-00359,CUST-1347,19260,UPI,SUCCESS,,NEW,35,17,8,9,3,True,True,0.39,7.0,45,0,2026-09-01T16:42:30.408267
TXN-00360,CUST-5688,12651,Credit Card,SUCCESS,,AT_RISK,30,26,23,3,3,False,False,0.4,2.1,10,0,2026-06-07T16:42:30.408267
TXN-00361,CUST-7473,9441,UPI,SUCCESS,,AT_RISK,1,17,14,3,1,False,False,0.93,5.0,56,0,2026-09-04T16:42:30.408267
TXN-00362,CUST-3927,3438,Debit Card,SUCCESS,,NEW,4,21,5,16,3,True,False,0.4,6.0,5,0,2026-08-09T16:42:30.408267
TXN-00363,CUST-9406,17050,Net Banking,FAILED,INSUFFICIENT_FUNDS,NEW,16,2,0,2,0,False,False,0.24,4.3,39,1,2026-06-07T16:42:30.408267
TXN-00364,CUST-4798,573,Wallet,SUCCESS,,LOYAL,6,28,26,2,3,False,True,0.21,7.0,19,0,2026-08-23T16:42:30.408267
TXN-00365,CUST-7017,4965,Debit Card,FAILED,NETWORK_TIMEOUT,REGULAR,14,25,5,20,3,False,True,0.68,0.3,54,2,2026-08-20T16:42:30.408267
TXN-00366,CUST-5879,474,Debit Card,SUCCESS,,AT_RISK,19,5,2,3,3,False,False,0.47,0.2,16,0,2026-08-12T16:42:30.408267
TXN-00367,CUST-9434,1336,Debit Card,FAILED,PAYMENT_DECLINED,AT_RISK,29,20,10,10,2,True,False,0.87,2.0,2,2,2026-08-27T16:42:30.408267
TXN-00368,CUST-4098,3301,Net Banking,SUCCESS,,AT_RISK,36,25,21,4,2,True,True,0.63,6.6,25,0,2026-06-21T16:42:30.408267
TXN-00369,CUST-2313,4535,Credit Card,SUCCESS,,LOYAL,35,22,0,22,0,False,True,0.24,1.8,31,0,2026-09-01T16:42:30.408267
TXN-00370,CUST-8079,515,UPI,FAILED,PAYMENT_DECLINED,AT_RISK,35,15,9,6,0,False,True,0.84,6.4,29,2,2026-06-27T16:42:30.408267
TXN-00371,CUST-3035,12474,Net Banking,FAILED,BANK_ERROR,LOYAL,12,15,3,12,3,False,False,0.38,5.3,22,3,2026-08-17T16:42:30.408267
TXN-00372,CUST-9715,3681,Credit Card,SUCCESS,,REGULAR,33,30,10,20,0,False,True,0.84,4.9,48,0,2026-08-25T16:42:30.408267
TXN-00373,CUST-9641,3706,Credit Card,FAILED,NETWORK_TIMEOUT,NEW,32,4,1,3,0,False,True,0.51,1.9,29,1,2026-08-13T16:42:30.408267
TXN-00374,CUST-1916,6091,Debit Card,SUCCESS,,LOYAL,14,2,0,2,0,False,True,0.31,6.9,3,0,2026-06-12T16:42:30.408267
TXN-00375,CUST-9293,2163,Wallet,SUCCESS,,REGULAR,25,13,2,11,2,False,True,0.85,5.7,39,0,2026-08-25T16:42:30.408267
TXN-00376,CUST-1993,10035,UPI,SUCCESS,,LOYAL,31,15,5,10,3,True,True,0.41,3.2,30,0,2026-06-06T16:42:30.408267
TXN-00377,CUST-9034,640,Wallet,SUCCESS,,NEW,13,17,5,12,3,True,True,0.8,5.5,14,0,2026-07-04T16:42:30.408267
TXN-00378,CUST-3987,896,Credit Card,SUCCESS,,LOYAL,31,26,8,18,1,True,True,0.29,2.4,47,0,2026-07-06T16:42:30.408267
TXN-00379,CUST-4765,3477,Wallet,SUCCESS,,AT_RISK,34,11,8,3,1,True,True,0.31,3.5,28,0,2026-06-21T16:42:30.408267
TXN-00380,CUST-3856,876,Wallet,SUCCESS,,LOYAL,2,4,4,0,0,False,True,0.25,3.8,9,0,2026-07-09T16:42:30.408267
TXN-00381,CUST-7763,15580,Debit Card,FAILED,INSUFFICIENT_FUNDS,AT_RISK,13,18,6,12,2,True,True,0.39,0.4,35,0,2026-07-22T16:42:30.408267
TXN-00382,CUST-7808,374,Net Banking,SUCCESS,,AT_RISK,34,22,9,13,3,True,False,0.65,3.3,25,0,2026-08-02T16:42:30.408267
TXN-00383,CUST-4350,6358,UPI,FAILED,NETWORK_TIMEOUT,AT_RISK,24,5,1,4,2,True,True,0.14,5.7,49,2,2026-07-26T16:42:30.408267
TXN-00384,CUST-1431,675,Debit Card,SUCCESS,,NEW,31,5,5,0,1,True,False,0.9,0.4,54,0,2026-07-19T16:42:30.408267
TXN-00385,CUST-2848,15493,Net Banking,FAILED,CUSTOMER_ABANDONED,AT_RISK,26,6,3,3,1,True,True,0.78,2.3,6,0,2026-08-20T16:42:30.408267
TXN-00386,CUST-5400,16024,Wallet,FAILED,CARD_EXPIRED,AT_RISK,24,29,26,3,3,True,False,0.86,0.1,16,3,2026-07-09T16:42:30.408267
TXN-00387,CUST-6395,433,Net Banking,SUCCESS,,NEW,29,3,3,0,0,False,True,0.54,5.7,33,0,2026-06-15T16:42:30.408267
TXN-00388,CUST-7935,16346,Credit Card,SUCCESS,,REGULAR,22,13,13,0,3,True,True,0.18,4.1,60,0,2026-06-11T16:42:30.408267
TXN-00389,CUST-8276,15119,Credit Card,FAILED,BANK_ERROR,NEW,34,10,7,3,2,True,True,0.5,0.0,44,3,2026-08-18T16:42:30.408267
TXN-00390,CUST-1641,17449,Wallet,SUCCESS,,LOYAL,32,17,3,14,0,False,True,0.51,4.9,39,0,2026-08-01T16:42:30.408267
TXN-00391,CUST-1162,14855,Credit Card,FAILED,BANK_ERROR,NEW,5,23,13,10,1,False,False,0.25,4.7,40,2,2026-06-12T16:42:30.408267
TXN-00392,CUST-5726,3030,Net Banking,SUCCESS,,NEW,15,29,1,28,3,True,False,0.44,5.6,36,0,2026-07-27T16:42:30.408267
TXN-00393,CUST-4392,634,Wallet,SUCCESS,,AT_RISK,21,18,4,14,3,False,True,0.45,2.3,43,0,2026-07-01T16:42:30.408267
TXN-00394,CUST-7857,822,UPI,SUCCESS,,LOYAL,12,1,1,0,2,False,True,0.91,4.3,15,0,2026-07-11T16:42:30.408267
TXN-00395,CUST-8160,304,Debit Card,FAILED,INSUFFICIENT_FUNDS,REGULAR,8,27,25,2,3,False,False,0.38,6.9,45,0,2026-06-21T16:42:30.408267
TXN-00396,CUST-4011,766,Debit Card,SUCCESS,,AT_RISK,31,16,3,13,3,True,False,0.56,6.8,44,0,2026-08-15T16:42:30.408267
TXN-00397,CUST-7203,7961,Credit Card,SUCCESS,,LOYAL,32,24,2,22,3,True,False,0.94,2.7,52,0,2026-07-26T16:42:30.408267
TXN-00398,CUST-8247,527,UPI,SUCCESS,,AT_RISK,25,15,7,8,3,True,False,0.41,6.3,45,0,2026-06-19T16:42:30.408267
TXN-00399,CUST-3546,2538,Wallet,SUCCESS,,NEW,23,14,14,0,2,True,False,0.36,0.9,15,0,2026-06-07T16:42:30.408267
TXN-00400,CUST-8733,8855,UPI,SUCCESS,,REGULAR,27,17,13,4,3,True,True,0.6,6.3,38,0,2026-08-28T16:42:30.408267
TXN-00401,CUST-5845,18928,Wallet,SUCCESS,,LOYAL,22,6,2,4,2,True,False,0.11,6.6,37,0,2026-06-06T16:42:30.408267
TXN-00402,CUST-3399,713,Wallet,SUCCESS,,LOYAL,29,20,5,15,2,True,False,0.59,2.3,20,0,2026-06-12T16:42:30.408267
TXN-00403,CUST-3059,232,Wallet,SUCCESS,,REGULAR,23,13,8,5,1,False,False,0.66,5.5,50,0,2026-08-15T16:42:30.408267
TXN-00404,CUST-3371,561,Net Banking,FAILED,CUSTOMER_ABANDONED,REGULAR,11,19,10,9,0,False,True,0.68,2.9,7,0,2026-08-28T16:42:30.408267
TXN-00405,CUST-5640,728,UPI,FAILED,CARD_EXPIRED,NEW,22,12,5,7,0,False,True,0.23,2.4,46,2,2026-07-20T16:42:30.408267
TXN-00406,CUST-8724,635,Debit Card,SUCCESS,,LOYAL,23,29,0,29,0,False,True,0.76,0.9,39,0,2026-07-28T16:42:30.408267
TXN-00407,CUST-2913,17550,Net Banking,FAILED,BANK_ERROR,REGULAR,13,25,20,5,1,True,True,0.8,1.7,32,2,2026-07-11T16:42:30.408267
TXN-00408,CUST-9404,1702,Credit Card,SUCCESS,,AT_RISK,4,21,5,16,3,False,True,0.3,4.1,4,0,2026-06-25T16:42:30.408267
TXN-00409,CUST-9821,639,Net Banking,SUCCESS,,LOYAL,27,27,11,16,2,False,True,0.2,5.3,47,0,2026-06-30T16:42:30.408267
TXN-00410,CUST-4863,3019,UPI,SUCCESS,,AT_RISK,20,2,1,1,2,True,True,0.52,2.8,44,0,2026-08-27T16:42:30.408267
TXN-00411,CUST-8304,589,Net Banking,SUCCESS,,NEW,34,21,13,8,2,True,True,0.45,1.0,1,0,2026-06-25T16:42:30.408267
TXN-00412,CUST-2395,1955,UPI,SUCCESS,,REGULAR,33,5,1,4,0,False,True,0.54,2.3,42,0,2026-06-26T16:42:30.408267
TXN-00413,CUST-2063,13092,Net Banking,SUCCESS,,AT_RISK,3,9,8,1,1,False,False,0.75,1.6,18,0,2026-08-28T16:42:30.408267
TXN-00414,CUST-1007,671,Credit Card,SUCCESS,,NEW,2,19,12,7,2,True,True,0.25,1.4,19,0,2026-08-28T16:42:30.408267
TXN-00415,CUST-1732,2966,Debit Card,SUCCESS,,LOYAL,20,5,3,2,3,True,False,0.57,1.4,21,0,2026-07-31T16:42:30.408267
TXN-00416,CUST-6375,218,Wallet,FAILED,BANK_ERROR,AT_RISK,36,14,12,2,2,False,False,0.54,3.8,14,3,2026-08-17T16:42:30.408267
TXN-00417,CUST-7960,12270,Net Banking,SUCCESS,,AT_RISK,8,23,3,20,3,True,False,0.51,1.4,5,0,2026-06-14T16:42:30.408267
TXN-00418,CUST-7160,16226,Net Banking,SUCCESS,,NEW,16,24,11,13,3,True,True,0.31,2.5,27,0,2026-06-10T16:42:30.408267
TXN-00419,CUST-1188,485,UPI,SUCCESS,,LOYAL,22,15,5,10,3,True,False,0.33,1.4,18,0,2026-08-31T16:42:30.408267
TXN-00420,CUST-6323,575,Wallet,FAILED,BANK_ERROR,AT_RISK,25,24,19,5,1,False,True,0.38,2.0,44,3,2026-07-21T16:42:30.408267
TXN-00421,CUST-1321,2062,Net Banking,FAILED,NETWORK_TIMEOUT,LOYAL,2,5,1,4,0,False,False,0.62,5.0,57,1,2026-08-15T16:42:30.408267
TXN-00422,CUST-7359,1588,Debit Card,SUCCESS,,LOYAL,9,9,2,7,2,False,True,0.11,3.6,18,0,2026-06-21T16:42:30.408267
TXN-00423,CUST-6775,876,Debit Card,SUCCESS,,REGULAR,23,26,19,7,0,False,True,0.78,4.1,36,0,2026-06-22T16:42:30.408267
TXN-00424,CUST-3551,7906,Credit Card,SUCCESS,,REGULAR,31,10,9,1,3,False,True,0.5,0.9,20,0,2026-09-02T16:42:30.408267
TXN-00425,CUST-5969,4888,Debit Card,FAILED,NETWORK_TIMEOUT,LOYAL,6,21,8,13,0,False,False,0.17,2.1,15,1,2026-06-10T16:42:30.408267
TXN-00426,CUST-4809,1874,Debit Card,SUCCESS,,LOYAL,29,10,8,2,2,True,False,0.82,5.1,2,0,2026-08-10T16:42:30.408267
TXN-00427,CUST-6566,679,UPI,SUCCESS,,AT_RISK,3,14,4,10,0,False,True,0.25,0.6,13,0,2026-06-19T16:42:30.408267
TXN-00428,CUST-6675,8844,Net Banking,SUCCESS,,AT_RISK,36,16,14,2,2,False,False,0.87,2.1,56,0,2026-06-10T16:42:30.408267
TXN-00429,CUST-2189,924,Net Banking,SUCCESS,,REGULAR,34,30,22,8,3,False,True,0.7,3.5,33,0,2026-06-29T16:42:30.408267
TXN-00430,CUST-4268,3271,Credit Card,SUCCESS,,LOYAL,13,6,4,2,1,False,True,0.14,4.1,51,0,2026-07-30T16:42:30.408267
TXN-00431,CUST-3785,602,UPI,SUCCESS,,AT_RISK,24,22,2,20,3,True,True,0.43,5.3,36,0,2026-08-18T16:42:30.408267
TXN-00432,CUST-9197,19170,Debit Card,SUCCESS,,LOYAL,2,21,9,12,2,True,False,0.65,3.9,21,0,2026-07-17T16:42:30.408267
TXN-00433,CUST-2990,3414,Debit Card,SUCCESS,,REGULAR,30,10,1,9,2,True,False,0.3,6.7,50,0,2026-08-06T16:42:30.408267
TXN-00434,CUST-5646,3675,UPI,SUCCESS,,LOYAL,12,22,3,19,0,False,False,0.46,0.5,33,0,2026-07-14T16:42:30.408267
TXN-00435,CUST-7085,534,UPI,FAILED,CARD_EXPIRED,LOYAL,14,12,4,8,1,True,False,0.5,3.8,19,1,2026-08-21T16:42:30.408267
TXN-00436,CUST-6983,5014,Debit Card,FAILED,BANK_ERROR,AT_RISK,29,25,3,22,0,False,True,0.8,4.8,16,1,2026-08-12T16:42:30.408267
TXN-00437,CUST-9883,3887,Net Banking,FAILED,INSUFFICIENT_FUNDS,REGULAR,30,8,3,5,3,False,False,0.9,3.1,59,0,2026-06-17T16:42:30.408267
TXN-00438,CUST-7771,2103,Debit Card,SUCCESS,,LOYAL,22,20,15,5,1,False,False,0.47,6.2,16,0,2026-06-19T16:42:30.408267
TXN-00439,CUST-6619,3693,Net Banking,SUCCESS,,LOYAL,22,22,8,14,3,True,True,0.25,4.1,39,0,2026-08-22T16:42:30.408267
TXN-00440,CUST-1474,332,UPI,SUCCESS,,REGULAR,26,13,2,11,3,True,False,0.16,6.5,5,0,2026-08-08T16:42:30.408267
TXN-00441,CUST-1462,7509,Net Banking,SUCCESS,,LOYAL,36,10,1,9,1,False,False,0.11,2.8,15,0,2026-06-07T16:42:30.408267
TXN-00442,CUST-7044,16615,UPI,FAILED,BANK_ERROR,LOYAL,29,21,0,21,2,True,True,0.88,2.0,4,2,2026-06-21T16:42:30.408267
TXN-00443,CUST-5610,16266,UPI,SUCCESS,,AT_RISK,36,30,12,18,2,False,False,0.62,1.2,45,0,2026-07-11T16:42:30.408267
TXN-00444,CUST-8003,17571,Credit Card,SUCCESS,,AT_RISK,16,30,0,30,0,False,False,0.64,3.1,33,0,2026-06-07T16:42:30.408267
TXN-00445,CUST-4169,1061,UPI,SUCCESS,,NEW,18,18,7,11,0,False,False,0.74,7.0,52,0,2026-07-15T16:42:30.408267
TXN-00446,CUST-4066,10550,Wallet,SUCCESS,,LOYAL,24,22,8,14,3,True,True,0.55,3.0,33,0,2026-08-08T16:42:30.408267
TXN-00447,CUST-1244,418,Net Banking,SUCCESS,,NEW,26,20,2,18,0,False,False,0.34,0.7,36,0,2026-07-13T16:42:30.408267
TXN-00448,CUST-5488,2012,UPI,SUCCESS,,REGULAR,16,19,9,10,1,True,False,0.6,0.1,26,0,2026-07-17T16:42:30.408267
TXN-00449,CUST-3965,2865,Wallet,FAILED,PAYMENT_DECLINED,NEW,5,21,20,1,1,True,False,0.85,2.0,29,1,2026-07-11T16:42:30.408267
TXN-00450,CUST-6368,4071,Net Banking,SUCCESS,,REGULAR,15,26,18,8,0,False,True,0.17,6.9,5,0,2026-08-20T16:42:30.408267
TXN-00451,CUST-1061,552,Net Banking,SUCCESS,,AT_RISK,17,18,13,5,3,True,True,0.88,4.2,35,0,2026-08-12T16:42:30.408267
TXN-00452,CUST-9509,718,UPI,SUCCESS,,REGULAR,14,14,13,1,1,False,False,0.7,2.7,22,0,2026-09-03T16:42:30.408267
TXN-00453,CUST-9540,621,Debit Card,SUCCESS,,AT_RISK,27,13,8,5,0,False,False,0.72,3.0,55,0,2026-06-29T16:42:30.408267
TXN-00454,CUST-8469,6956,Credit Card,FAILED,CUSTOMER_ABANDONED,AT_RISK,12,26,6,20,0,False,False,0.76,1.9,59,0,2026-08-07T16:42:30.408267
TXN-00455,CUST-6838,759,Net Banking,FAILED,CARD_EXPIRED,LOYAL,34,6,5,1,1,False,True,0.92,6.5,34,2,2026-08-24T16:42:30.408267
TXN-00456,CUST-5297,8080,Debit Card,SUCCESS,,LOYAL,34,25,13,12,1,True,True,0.89,2.7,59,0,2026-08-06T16:42:30.408267
TXN-00457,CUST-5898,1422,Wallet,SUCCESS,,AT_RISK,35,10,1,9,2,True,False,0.77,2.5,36,0,2026-07-07T16:42:30.408267
TXN-00458,CUST-1631,9291,Credit Card,SUCCESS,,NEW,4,29,27,2,0,False,False,0.6,3.8,33,0,2026-06-09T16:42:30.408267
TXN-00459,CUST-5652,3326,Net Banking,SUCCESS,,AT_RISK,12,12,8,4,2,False,False,0.92,2.6,15,0,2026-06-23T16:42:30.408267
TXN-00460,CUST-8529,2136,UPI,SUCCESS,,NEW,33,19,14,5,0,False,True,0.59,4.5,18,0,2026-08-16T16:42:30.408267
TXN-00461,CUST-1950,1486,UPI,SUCCESS,,LOYAL,25,17,6,11,1,True,False,0.14,4.5,31,0,2026-07-07T16:42:30.408267
TXN-00462,CUST-8317,3646,Credit Card,SUCCESS,,REGULAR,26,15,11,4,0,False,True,0.54,2.0,21,0,2026-06-13T16:42:30.408267
TXN-00463,CUST-4798,7856,Debit Card,SUCCESS,,LOYAL,27,15,6,9,2,True,False,0.91,1.1,52,0,2026-07-01T16:42:30.408267
TXN-00464,CUST-8757,578,Net Banking,FAILED,CUSTOMER_ABANDONED,AT_RISK,30,24,0,24,3,False,True,0.58,1.7,32,0,2026-07-02T16:42:30.408267
TXN-00465,CUST-6638,344,Net Banking,SUCCESS,,LOYAL,23,25,20,5,2,True,True,0.66,1.7,17,0,2026-06-12T16:42:30.408267
TXN-00466,CUST-9898,12130,UPI,SUCCESS,,REGULAR,18,13,4,9,3,False,True,0.11,3.9,57,0,2026-07-30T16:42:30.408267
TXN-00467,CUST-1676,741,Debit Card,FAILED,CUSTOMER_ABANDONED,NEW,15,25,10,15,2,True,True,0.39,5.5,25,1,2026-08-02T16:42:30.408267
TXN-00468,CUST-6484,960,Debit Card,SUCCESS,,LOYAL,35,2,2,0,1,True,True,0.9,6.3,3,0,2026-07-13T16:42:30.408267
TXN-00469,CUST-6039,1414,Net Banking,FAILED,BANK_ERROR,LOYAL,12,18,2,16,1,False,True,0.62,2.7,59,1,2026-07-20T16:42:30.408267
TXN-00470,CUST-5738,6253,Wallet,SUCCESS,,AT_RISK,35,3,3,0,2,True,True,0.67,0.9,43,0,2026-08-21T16:42:30.408267
TXN-00471,CUST-6075,242,UPI,SUCCESS,,NEW,30,22,22,0,2,False,False,0.35,0.5,26,0,2026-06-12T16:42:30.408267
TXN-00472,CUST-2798,220,Debit Card,FAILED,CUSTOMER_ABANDONED,LOYAL,30,12,2,10,1,False,True,0.59,6.9,28,0,2026-06-09T16:42:30.408267
TXN-00473,CUST-1282,13576,Debit Card,FAILED,NETWORK_TIMEOUT,LOYAL,3,29,0,29,2,True,False,0.36,3.6,24,2,2026-08-16T16:42:30.408267
TXN-00474,CUST-2785,1061,UPI,SUCCESS,,NEW,4,23,16,7,1,False,True,0.35,3.6,2,0,2026-06-10T16:42:30.408267
TXN-00475,CUST-6715,15557,Debit Card,SUCCESS,,LOYAL,29,22,10,12,1,False,False,0.57,0.8,17,0,2026-07-20T16:42:30.408267
TXN-00476,CUST-5338,4663,Credit Card,FAILED,CARD_EXPIRED,NEW,28,22,17,5,0,False,True,0.79,4.6,51,2,2026-07-01T16:42:30.408267
TXN-00477,CUST-1612,11884,Credit Card,SUCCESS,,REGULAR,17,10,8,2,0,False,True,0.37,2.8,54,0,2026-07-10T16:42:30.408267
TXN-00478,CUST-4492,368,Wallet,SUCCESS,,REGULAR,30,11,2,9,0,False,True,0.9,4.8,26,0,2026-06-08T16:42:30.408267
TXN-00479,CUST-2959,889,Net Banking,SUCCESS,,AT_RISK,11,3,1,2,3,True,True,0.19,4.4,21,0,2026-07-11T16:42:30.408267
TXN-00480,CUST-1499,19401,Net Banking,SUCCESS,,REGULAR,36,10,0,10,1,True,False,0.25,6.0,33,0,2026-07-09T16:42:30.408267
TXN-00481,CUST-7657,776,Debit Card,FAILED,INSUFFICIENT_FUNDS,NEW,15,22,3,19,2,True,True,0.66,5.3,47,2,2026-06-20T16:42:30.408267
TXN-00482,CUST-1537,1017,Debit Card,SUCCESS,,AT_RISK,33,29,10,19,0,False,True,0.1,2.0,54,0,2026-09-02T16:42:30.408267
TXN-00483,CUST-4444,18270,Wallet,FAILED,NETWORK_TIMEOUT,REGULAR,26,28,25,3,3,False,True,0.32,3.7,22,0,2026-07-09T16:42:30.408267
TXN-00484,CUST-7305,13110,Debit Card,FAILED,BANK_ERROR,AT_RISK,2,16,11,5,0,False,True,0.88,1.7,18,1,2026-07-19T16:42:30.408267
TXN-00485,CUST-4895,15115,Debit Card,SUCCESS,,REGULAR,14,24,10,14,1,False,True,0.24,6.4,2,0,2026-08-19T16:42:30.408267
TXN-00486,CUST-1323,17575,Debit Card,SUCCESS,,AT_RISK,13,30,10,20,2,False,True,0.25,4.0,28,0,2026-06-18T16:42:30.408267
TXN-00487,CUST-5140,19380,Net Banking,SUCCESS,,AT_RISK,19,8,1,7,3,True,True,0.89,6.6,25,0,2026-07-28T16:42:30.408267
TXN-00488,CUST-9133,580,Net Banking,FAILED,BANK_ERROR,REGULAR,10,25,19,6,2,False,False,0.68,6.0,60,1,2026-09-01T16:42:30.408267
TXN-00489,CUST-8232,17500,Net Banking,FAILED,CUSTOMER_ABANDONED,REGULAR,14,27,2,25,3,True,True,0.41,6.3,34,2,2026-08-06T16:42:30.408267
TXN-00490,CUST-3109,17349,Net Banking,SUCCESS,,LOYAL,36,18,0,18,3,True,False,0.79,4.1,33,0,2026-08-10T16:42:30.408267
TXN-00491,CUST-7203,10028,Net Banking,FAILED,NETWORK_TIMEOUT,AT_RISK,34,12,7,5,0,False,True,0.79,5.4,45,1,2026-07-26T16:42:30.408267
TXN-00492,CUST-9423,1237,Net Banking,SUCCESS,,REGULAR,6,3,2,1,2,True,True,0.56,6.6,15,0,2026-08-04T16:42:30.408267
TXN-00493,CUST-1665,11682,Wallet,FAILED,PAYMENT_DECLINED,REGULAR,23,13,0,13,3,True,False,0.65,1.1,29,2,2026-07-30T16:42:30.408267
TXN-00494,CUST-9662,1745,Net Banking,SUCCESS,,REGULAR,30,15,6,9,1,True,False,0.7,6.9,33,0,2026-08-25T16:42:30.408267
TXN-00495,CUST-5182,569,Wallet,SUCCESS,,LOYAL,7,1,0,1,3,False,True,0.23,0.7,5,0,2026-07-27T16:42:30.408267
TXN-00496,CUST-3635,5984,Net Banking,FAILED,INSUFFICIENT_FUNDS,NEW,28,3,1,2,1,True,True,0.78,3.8,13,1,2026-08-12T16:42:30.408267
TXN-00497,CUST-9985,19435,Wallet,FAILED,PAYMENT_DECLINED,AT_RISK,20,2,1,1,2,False,True,0.58,6.4,48,2,2026-06-18T16:42:30.408267
TXN-00498,CUST-6131,15367,Wallet,SUCCESS,,NEW,31,30,11,19,3,True,True,0.23,6.2,1,0,2026-07-19T16:42:30.408267
TXN-00499,CUST-7735,345,UPI,SUCCESS,,REGULAR,21,17,17,0,1,True,False,0.79,4.2,47,0,2026-07-06T16:42:30.408267
TXN-00500,CUST-1258,5161,Debit Card,SUCCESS,,REGULAR,34,27,7,20,3,False,True,0.82,6.1,28,0,2026-07-01T16:42:30.408267
TXN-00501,CUST-1869,3889,Debit Card,SUCCESS,,AT_RISK,4,12,9,3,2,True,False,0.39,6.5,2,0,2026-07-24T16:42:30.408267
TXN-00502,CUST-4564,10495,Net Banking,SUCCESS,,REGULAR,12,30,28,2,1,False,True,0.27,5.4,40,0,2026-06-27T16:42:30.408267
TXN-00503,CUST-4432,3893,UPI,SUCCESS,,AT_RISK,9,12,4,8,1,False,False,0.23,2.0,1,0,2026-08-18T16:42:30.408267
TXN-00504,CUST-7394,310,Credit Card,FAILED,NETWORK_TIMEOUT,NEW,23,21,10,11,2,True,False,0.11,0.7,9,2,2026-07-21T16:42:30.408267
TXN-00505,CUST-5197,333,Debit Card,FAILED,NETWORK_TIMEOUT,LOYAL,28,19,5,14,0,False,False,0.23,4.4,44,0,2026-08-29T16:42:30.408267
TXN-00506,CUST-5865,841,Net Banking,SUCCESS,,LOYAL,18,6,4,2,0,False,False,0.3,4.7,5,0,2026-08-09T16:42:30.408267
TXN-00507,CUST-4286,14242,Credit Card,SUCCESS,,NEW,36,24,15,9,2,False,True,0.74,6.6,42,0,2026-07-31T16:42:30.408267
TXN-00508,CUST-2324,7359,Credit Card,SUCCESS,,AT_RISK,35,4,3,1,1,True,False,0.23,4.2,21,0,2026-06-14T16:42:30.408267
TXN-00509,CUST-6353,3625,Wallet,SUCCESS,,LOYAL,12,18,7,11,2,False,False,0.89,1.4,44,0,2026-09-03T16:42:30.408267
TXN-00510,CUST-6314,8372,UPI,SUCCESS,,REGULAR,13,21,0,21,1,False,False,0.43,6.6,59,0,2026-06-10T16:42:30.408267
TXN-00511,CUST-6238,3379,Net Banking,SUCCESS,,REGULAR,27,12,9,3,2,True,False,0.74,6.9,57,0,2026-08-03T16:42:30.408267
TXN-00512,CUST-3356,5203,UPI,SUCCESS,,LOYAL,16,7,6,1,0,False,False,0.78,3.0,54,0,2026-06-14T16:42:30.408267
TXN-00513,CUST-9547,16010,Credit Card,SUCCESS,,LOYAL,14,16,15,1,1,True,False,0.45,2.5,54,0,2026-07-18T16:42:30.408267
TXN-00514,CUST-6315,14093,Credit Card,FAILED,NETWORK_TIMEOUT,LOYAL,24,12,0,12,1,False,True,0.49,2.4,57,3,2026-08-01T16:42:30.408267
TXN-00515,CUST-9294,4671,Net Banking,SUCCESS,,LOYAL,29,3,0,3,0,False,False,0.24,0.2,23,0,2026-08-07T16:42:30.408267
TXN-00516,CUST-5526,823,Net Banking,SUCCESS,,LOYAL,18,19,15,4,0,False,False,0.34,3.5,13,0,2026-07-03T16:42:30.408267
TXN-00517,CUST-5605,4526,Net Banking,SUCCESS,,AT_RISK,21,7,7,0,1,True,False,0.55,2.5,10,0,2026-07-19T16:42:30.408267
TXN-00518,CUST-1435,19086,Net Banking,SUCCESS,,NEW,22,4,0,4,3,True,True,0.28,0.4,40,0,2026-08-03T16:42:30.408267
TXN-00519,CUST-6865,991,UPI,FAILED,PAYMENT_DECLINED,REGULAR,30,22,6,16,3,True,True,0.2,0.9,53,2,2026-06-19T16:42:30.408267
TXN-00520,CUST-2237,966,Net Banking,SUCCESS,,NEW,23,2,1,1,3,False,False,0.18,4.6,30,0,2026-06-07T16:42:30.408267
TXN-00521,CUST-7425,1695,Debit Card,FAILED,CUSTOMER_ABANDONED,NEW,22,23,21,2,3,False,False,0.49,3.9,42,0,2026-06-23T16:42:30.408267
TXN-00522,CUST-4640,4751,Debit Card,SUCCESS,,REGULAR,10,22,18,4,0,False,True,0.56,0.6,15,0,2026-06-06T16:42:30.408267
TXN-00523,CUST-8633,17504,Debit Card,SUCCESS,,LOYAL,12,24,15,9,3,True,True,0.79,0.3,26,0,2026-07-26T16:42:30.408267
TXN-00524,CUST-2935,372,Credit Card,FAILED,PAYMENT_DECLINED,AT_RISK,3,4,3,1,2,False,True,0.78,6.0,53,1,2026-07-22T16:42:30.408267
TXN-00525,CUST-1927,3742,Net Banking,SUCCESS,,AT_RISK,36,13,6,7,2,True,False,0.79,6.1,29,0,2026-08-13T16:42:30.408267
TXN-00526,CUST-9650,4356,Net Banking,FAILED,INSUFFICIENT_FUNDS,AT_RISK,3,2,2,0,3,True,True,0.41,4.6,54,2,2026-07-17T16:42:30.408267
TXN-00527,CUST-9782,4130,Net Banking,SUCCESS,,REGULAR,18,2,2,0,2,False,True,0.58,2.2,58,0,2026-08-12T16:42:30.408267
TXN-00528,CUST-8861,3839,UPI,SUCCESS,,REGULAR,17,22,14,8,2,True,False,0.73,5.5,3,0,2026-06-19T16:42:30.408267
TXN-00529,CUST-1534,16460,Net Banking,SUCCESS,,AT_RISK,20,13,0,13,2,False,False,0.34,2.7,17,0,2026-06-16T16:42:30.408267
TXN-00530,CUST-1750,3743,Net Banking,SUCCESS,,NEW,28,20,13,7,3,False,True,0.93,1.8,7,0,2026-06-08T16:42:30.408267
TXN-00531,CUST-5479,3103,Wallet,FAILED,PAYMENT_DECLINED,LOYAL,13,2,0,2,2,True,False,0.4,4.5,14,0,2026-06-17T16:42:30.408267
TXN-00532,CUST-6584,835,Credit Card,SUCCESS,,AT_RISK,4,17,7,10,3,False,True,0.71,3.8,13,0,2026-08-23T16:42:30.408267
TXN-00533,CUST-8621,436,UPI,FAILED,CUSTOMER_ABANDONED,AT_RISK,17,26,10,16,3,True,True,0.38,4.9,29,3,2026-09-03T16:42:30.408267
TXN-00534,CUST-2136,480,Debit Card,SUCCESS,,NEW,1,21,7,14,0,False,False,0.31,4.0,21,0,2026-06-24T16:42:30.408267
TXN-00535,CUST-6776,14328,Credit Card,SUCCESS,,LOYAL,5,27,26,1,0,False,True,0.52,1.4,42,0,2026-07-31T16:42:30.408267
TXN-00536,CUST-9269,270,Credit Card,SUCCESS,,LOYAL,5,10,6,4,3,True,False,0.91,2.6,4,0,2026-08-28T16:42:30.408267
TXN-00537,CUST-4966,4056,Wallet,SUCCESS,,NEW,22,17,11,6,2,False,True,0.13,6.4,51,0,2026-08-15T16:42:30.408267
TXN-00538,CUST-3411,224,UPI,SUCCESS,,LOYAL,4,12,11,1,1,False,False,0.72,4.8,3,0,2026-06-22T16:42:30.408267
TXN-00539,CUST-1649,8756,Debit Card,SUCCESS,,LOYAL,12,28,5,23,0,False,True,0.8,1.1,2,0,2026-08-12T16:42:30.408267
TXN-00540,CUST-9715,9091,Net Banking,FAILED,CARD_EXPIRED,LOYAL,3,9,8,1,2,True,False,0.25,2.4,32,3,2026-09-02T16:42:30.408267
TXN-00541,CUST-9718,3464,Wallet,SUCCESS,,NEW,21,7,1,6,2,False,True,0.62,6.5,43,0,2026-06-24T16:42:30.408267
TXN-00542,CUST-8585,1564,Net Banking,SUCCESS,,REGULAR,25,21,1,20,0,False,True,0.15,6.9,3,0,2026-06-13T16:42:30.408267
TXN-00543,CUST-6712,514,Net Banking,FAILED,INSUFFICIENT_FUNDS,AT_RISK,5,5,5,0,0,False,False,0.36,3.5,29,2,2026-06-18T16:42:30.408267
TXN-00544,CUST-8460,1239,Wallet,FAILED,PAYMENT_DECLINED,NEW,33,2,2,0,3,False,True,0.61,4.7,25,0,2026-07-28T16:42:30.408267
TXN-00545,CUST-7269,392,UPI,SUCCESS,,LOYAL,23,16,0,16,3,True,True,0.11,6.7,47,0,2026-08-24T16:42:30.408267
TXN-00546,CUST-6991,838,Debit Card,FAILED,PAYMENT_DECLINED,LOYAL,21,2,1,1,0,False,True,0.52,6.8,22,1,2026-08-09T16:42:30.408267
TXN-00547,CUST-9408,244,Credit Card,FAILED,CUSTOMER_ABANDONED,LOYAL,23,30,11,19,0,False,True,0.66,6.8,1,3,2026-07-19T16:42:30.408267
TXN-00548,CUST-6959,13615,Credit Card,SUCCESS,,REGULAR,10,23,8,15,1,True,True,0.22,3.8,20,0,2026-08-19T16:42:30.408267
TXN-00549,CUST-1281,778,Credit Card,SUCCESS,,AT_RISK,31,26,12,14,2,False,False,0.79,5.0,58,0,2026-07-14T16:42:30.408267
TXN-00550,CUST-5245,362,Credit Card,SUCCESS,,REGULAR,3,17,10,7,3,True,False,0.73,5.4,55,0,2026-06-13T16:42:30.408267
TXN-00551,CUST-4685,7923,Credit Card,SUCCESS,,LOYAL,34,29,21,8,2,False,True,0.82,1.3,56,0,2026-07-31T16:42:30.408267
TXN-00552,CUST-7946,17254,Debit Card,FAILED,BANK_ERROR,REGULAR,9,30,7,23,0,False,False,0.52,6.5,21,1,2026-06-13T16:42:30.408267
TXN-00553,CUST-5555,457,Credit Card,SUCCESS,,NEW,9,23,18,5,3,True,False,0.37,2.4,44,0,2026-06-06T16:42:30.408267
TXN-00554,CUST-9086,233,Debit Card,SUCCESS,,REGULAR,6,8,6,2,1,False,False,0.92,4.8,3,0,2026-07-18T16:42:30.408267
TXN-00555,CUST-1094,16383,Wallet,SUCCESS,,NEW,19,24,4,20,3,False,False,0.62,1.9,17,0,2026-06-08T16:42:30.408267
TXN-00556,CUST-8449,868,Debit Card,SUCCESS,,REGULAR,12,2,2,0,2,True,True,0.52,0.9,12,0,2026-06-13T16:42:30.408267
TXN-00557,CUST-9907,4470,Credit Card,SUCCESS,,NEW,33,7,4,3,3,False,True,0.26,5.6,17,0,2026-06-16T16:42:30.408267
TXN-00558,CUST-9133,4407,Wallet,FAILED,PAYMENT_DECLINED,LOYAL,28,7,3,4,1,False,True,0.24,5.4,60,0,2026-07-03T16:42:30.408267
TXN-00559,CUST-5444,2314,UPI,FAILED,CARD_EXPIRED,NEW,4,20,11,9,3,True,False,0.46,6.2,19,2,2026-08-21T16:42:30.408267
TXN-00560,CUST-9213,514,Net Banking,FAILED,BANK_ERROR,LOYAL,5,10,6,4,2,False,False,0.8,0.9,51,2,2026-07-03T16:42:30.408267
TXN-00561,CUST-7563,1864,Debit Card,SUCCESS,,LOYAL,23,23,16,7,0,False,False,0.23,6.3,53,0,2026-08-15T16:42:30.408267
TXN-00562,CUST-4413,15418,Debit Card,FAILED,CARD_EXPIRED,REGULAR,1,8,1,7,3,False,False,0.1,2.7,60,2,2026-08-01T16:42:30.408267
TXN-00563,CUST-8287,929,Wallet,SUCCESS,,NEW,29,2,2,0,0,False,False,0.78,5.9,11,0,2026-07-31T16:42:30.408267
TXN-00564,CUST-2104,1465,UPI,SUCCESS,,AT_RISK,33,21,13,8,1,False,False,0.52,1.4,1,0,2026-06-24T16:42:30.408267
TXN-00565,CUST-7724,2789,Net Banking,SUCCESS,,NEW,27,4,4,0,1,True,True,0.32,1.7,45,0,2026-07-02T16:42:30.408267
TXN-00566,CUST-6673,3221,Debit Card,SUCCESS,,AT_RISK,12,10,9,1,0,False,False,0.7,5.4,10,0,2026-07-07T16:42:30.408267
TXN-00567,CUST-2700,1184,Wallet,SUCCESS,,AT_RISK,17,4,2,2,2,False,True,0.64,2.0,28,0,2026-07-27T16:42:30.408267
TXN-00568,CUST-9431,6898,Wallet,SUCCESS,,NEW,27,15,12,3,2,True,True,0.63,6.6,52,0,2026-07-26T16:42:30.408267
TXN-00569,CUST-7038,281,Debit Card,SUCCESS,,NEW,22,20,8,12,1,False,False,0.16,6.4,31,0,2026-07-12T16:42:30.408267
TXN-00570,CUST-9373,15406,Debit Card,SUCCESS,,LOYAL,33,27,22,5,0,False,True,0.34,0.8,51,0,2026-08-25T16:42:30.408267
TXN-00571,CUST-7048,17793,Debit Card,SUCCESS,,REGULAR,34,22,0,22,1,True,True,0.85,1.9,33,0,2026-07-19T16:42:30.408267
TXN-00572,CUST-4740,14351,Wallet,FAILED,BANK_ERROR,NEW,1,16,14,2,0,False,True,0.94,1.4,29,3,2026-08-21T16:42:30.408267
TXN-00573,CUST-3215,1550,Wallet,FAILED,CUSTOMER_ABANDONED,LOYAL,7,21,3,18,2,True,True,0.57,6.8,37,2,2026-08-25T16:42:30.408267
TXN-00574,CUST-7381,620,UPI,SUCCESS,,AT_RISK,3,30,30,0,0,False,False,0.82,5.3,3,0,2026-06-22T16:42:30.408267
TXN-00575,CUST-9535,303,Net Banking,SUCCESS,,NEW,16,26,6,20,1,True,True,0.72,2.1,36,0,2026-08-22T16:42:30.408267
TXN-00576,CUST-4514,15687,Net Banking,SUCCESS,,AT_RISK,33,15,7,8,1,True,True,0.53,6.6,25,0,2026-07-29T16:42:30.408267
TXN-00577,CUST-1266,228,Wallet,SUCCESS,,NEW,25,20,7,13,2,False,True,0.68,6.4,45,0,2026-06-08T16:42:30.408267
TXN-00578,CUST-5755,6821,Wallet,SUCCESS,,AT_RISK,28,25,17,8,0,False,True,0.71,5.7,32,0,2026-06-19T16:42:30.408267
TXN-00579,CUST-3798,18634,UPI,FAILED,CUSTOMER_ABANDONED,LOYAL,8,27,23,4,1,True,False,0.58,4.7,5,1,2026-08-03T16:42:30.408267
TXN-00580,CUST-4340,406,Net Banking,SUCCESS,,LOYAL,9,2,2,0,0,False,False,0.38,0.2,20,0,2026-06-22T16:42:30.408267
TXN-00581,CUST-9700,3850,Debit Card,SUCCESS,,AT_RISK,31,30,13,17,1,False,True,0.38,4.3,21,0,2026-06-16T16:42:30.408267
TXN-00582,CUST-6785,4991,Credit Card,SUCCESS,,LOYAL,27,18,1,17,1,True,False,0.25,4.7,34,0,2026-06-17T16:42:30.408267
TXN-00583,CUST-8030,299,Credit Card,SUCCESS,,NEW,29,13,6,7,3,True,False,0.51,4.2,8,0,2026-06-14T16:42:30.408267
TXN-00584,CUST-5127,794,Wallet,SUCCESS,,AT_RISK,36,5,1,4,2,True,True,0.78,4.7,58,0,2026-08-07T16:42:30.408267
TXN-00585,CUST-6623,502,Net Banking,SUCCESS,,NEW,13,3,1,2,0,False,True,0.5,0.7,12,0,2026-06-26T16:42:30.408267
TXN-00586,CUST-7869,5765,UPI,SUCCESS,,AT_RISK,24,23,10,13,1,True,False,0.5,6.2,57,0,2026-08-18T16:42:30.408267
TXN-00587,CUST-7184,1686,Net Banking,FAILED,CUSTOMER_ABANDONED,AT_RISK,11,8,1,7,1,False,True,0.14,0.3,60,2,2026-07-24T16:42:30.408267
TXN-00588,CUST-4348,487,Debit Card,FAILED,PAYMENT_DECLINED,REGULAR,21,14,6,8,3,True,True,0.19,1.3,31,1,2026-06-22T16:42:30.408267
TXN-00589,CUST-5091,377,Debit Card,SUCCESS,,NEW,28,16,9,7,3,True,False,0.39,0.0,29,0,2026-08-13T16:42:30.408267
TXN-00590,CUST-6264,696,Credit Card,SUCCESS,,AT_RISK,34,23,14,9,3,True,False,0.61,6.1,51,0,2026-07-18T16:42:30.408267
TXN-00591,CUST-7463,262,Debit Card,SUCCESS,,REGULAR,6,21,17,4,0,False,False,0.61,3.3,8,0,2026-06-21T16:42:30.408267
TXN-00592,CUST-3882,4946,Debit Card,SUCCESS,,NEW,35,9,4,5,2,True,False,0.19,4.8,50,0,2026-07-23T16:42:30.408267
TXN-00593,CUST-8964,510,Debit Card,SUCCESS,,AT_RISK,1,29,29,0,1,True,False,0.22,3.6,38,0,2026-08-12T16:42:30.408267
TXN-00594,CUST-5863,680,Net Banking,SUCCESS,,NEW,28,5,5,0,2,True,False,0.86,1.5,5,0,2026-06-30T16:42:30.408267
TXN-00595,CUST-1889,15375,Debit Card,SUCCESS,,AT_RISK,19,14,12,2,3,False,True,0.66,0.3,55,0,2026-09-02T16:42:30.408267
TXN-00596,CUST-7403,981,UPI,FAILED,NETWORK_TIMEOUT,NEW,26,22,2,20,1,True,True,0.91,5.3,52,3,2026-08-07T16:42:30.408267
TXN-00597,CUST-2843,546,Debit Card,SUCCESS,,NEW,24,21,7,14,2,True,False,0.91,6.7,16,0,2026-08-27T16:42:30.408267
TXN-00598,CUST-4658,915,Debit Card,SUCCESS,,AT_RISK,24,20,7,13,0,False,True,0.29,4.6,29,0,2026-08-05T16:42:30.408267
TXN-00599,CUST-5517,4827,Net Banking,SUCCESS,,AT_RISK,28,12,6,6,1,True,False,0.37,0.9,22,0,2026-06-17T16:42:30.408267
TXN-00600,CUST-3851,366,Net Banking,SUCCESS,,REGULAR,1,22,22,0,0,False,False,0.65,3.9,39,0,2026-09-03T16:42:30.408267
TXN-00601,CUST-7751,5166,UPI,SUCCESS,,NEW,19,10,10,0,3,False,False,0.62,4.5,52,0,2026-08-22T16:42:30.408267
TXN-00602,CUST-3211,3373,Credit Card,FAILED,CARD_EXPIRED,LOYAL,12,8,0,8,1,True,True,0.55,1.6,30,0,2026-06-18T16:42:30.408267
TXN-00603,CUST-3401,13699,Wallet,FAILED,NETWORK_TIMEOUT,REGULAR,3,16,9,7,0,False,True,0.35,6.8,9,0,2026-07-07T16:42:30.408267
TXN-00604,CUST-7565,467,Credit Card,SUCCESS,,NEW,7,3,3,0,1,True,True,0.15,5.2,31,0,2026-06-16T16:42:30.408267
TXN-00605,CUST-3418,6789,UPI,SUCCESS,,LOYAL,22,21,7,14,2,False,False,0.16,6.2,16,0,2026-08-15T16:42:30.408267
TXN-00606,CUST-7515,12738,Net Banking,SUCCESS,,AT_RISK,28,8,8,0,3,False,False,0.22,5.9,54,0,2026-06-06T16:42:30.408267
TXN-00607,CUST-3028,932,Debit Card,SUCCESS,,AT_RISK,16,23,7,16,3,True,False,0.17,3.2,51,0,2026-08-28T16:42:30.408267
TXN-00608,CUST-6457,13358,Net Banking,SUCCESS,,REGULAR,2,10,2,8,3,False,True,0.57,5.9,59,0,2026-08-06T16:42:30.408267
TXN-00609,CUST-9744,19667,Net Banking,SUCCESS,,REGULAR,34,8,3,5,0,False,False,0.82,1.3,4,0,2026-07-10T16:42:30.408267
TXN-00610,CUST-7955,4770,Credit Card,SUCCESS,,REGULAR,10,25,11,14,1,True,True,0.3,0.8,27,0,2026-08-09T16:42:30.408267
TXN-00611,CUST-6321,2196,Debit Card,FAILED,BANK_ERROR,LOYAL,8,25,21,4,1,True,False,0.41,6.9,17,2,2026-07-31T16:42:30.408267
TXN-00612,CUST-7226,9935,UPI,FAILED,CUSTOMER_ABANDONED,AT_RISK,29,9,1,8,3,True,True,0.68,6.6,42,1,2026-08-07T16:42:30.408267
TXN-00613,CUST-9823,14192,Net Banking,FAILED,CUSTOMER_ABANDONED,REGULAR,6,25,9,16,2,True,True,0.33,3.4,11,3,2026-06-06T16:42:30.408267
TXN-00614,CUST-7905,12069,Net Banking,SUCCESS,,NEW,7,2,2,0,1,True,False,0.37,1.6,33,0,2026-07-21T16:42:30.408267
TXN-00615,CUST-2965,15152,UPI,SUCCESS,,AT_RISK,30,2,1,1,2,True,True,0.9,1.3,57,0,2026-08-19T16:42:30.408267
TXN-00616,CUST-1654,309,Credit Card,SUCCESS,,REGULAR,6,30,21,9,3,False,False,0.35,5.3,51,0,2026-07-15T16:42:30.408267
TXN-00617,CUST-2365,4794,Wallet,FAILED,INSUFFICIENT_FUNDS,NEW,4,19,15,4,0,False,False,0.21,2.8,57,2,2026-09-03T16:42:30.408267
TXN-00618,CUST-4819,6073,UPI,FAILED,BANK_ERROR,LOYAL,20,24,16,8,2,True,True,0.95,2.3,36,0,2026-06-14T16:42:30.408267
TXN-00619,CUST-4963,2911,UPI,SUCCESS,,LOYAL,31,2,2,0,0,False,True,0.7,3.1,32,0,2026-08-10T16:42:30.408267
TXN-00620,CUST-1476,2220,Net Banking,SUCCESS,,LOYAL,14,21,15,6,0,False,True,0.32,2.3,60,0,2026-08-04T16:42:30.408267
TXN-00621,CUST-3189,4378,UPI,FAILED,BANK_ERROR,NEW,29,7,1,6,2,False,True,0.51,3.7,17,3,2026-07-01T16:42:30.408267
TXN-00622,CUST-4712,618,Credit Card,SUCCESS,,REGULAR,29,17,6,11,1,False,False,0.93,2.3,1,0,2026-08-24T16:42:30.408267
TXN-00623,CUST-9263,13498,Debit Card,SUCCESS,,NEW,33,27,13,14,3,True,False,0.71,0.4,55,0,2026-06-13T16:42:30.408267
TXN-00624,CUST-8566,14671,UPI,SUCCESS,,LOYAL,12,28,0,28,0,False,True,0.69,0.8,15,0,2026-06-11T16:42:30.408267
TXN-00625,CUST-4180,18098,Credit Card,SUCCESS,,AT_RISK,22,29,20,9,3,False,True,0.63,3.7,42,0,2026-08-22T16:42:30.408267
TXN-00626,CUST-6946,7409,Debit Card,SUCCESS,,NEW,3,20,4,16,0,False,True,0.47,0.1,52,0,2026-08-31T16:42:30.408267
TXN-00627,CUST-7526,268,Wallet,SUCCESS,,LOYAL,28,26,10,16,3,True,True,0.46,5.8,27,0,2026-07-04T16:42:30.408267
TXN-00628,CUST-8749,251,Net Banking,SUCCESS,,AT_RISK,20,12,12,0,2,False,False,0.87,1.0,44,0,2026-07-28T16:42:30.408267
TXN-00629,CUST-3623,12287,Debit Card,SUCCESS,,NEW,34,19,2,17,3,True,True,0.14,0.2,56,0,2026-06-13T16:42:30.408267
TXN-00630,CUST-3375,706,Credit Card,SUCCESS,,NEW,33,10,8,2,0,False,True,0.52,2.6,14,0,2026-07-30T16:42:30.408267
TXN-00631,CUST-5217,928,UPI,SUCCESS,,AT_RISK,33,8,6,2,3,True,False,0.24,1.3,7,0,2026-08-31T16:42:30.408267
TXN-00632,CUST-1826,863,Debit Card,SUCCESS,,REGULAR,19,29,21,8,1,True,False,0.7,0.7,17,0,2026-07-31T16:42:30.408267
TXN-00633,CUST-2964,2991,Net Banking,FAILED,CUSTOMER_ABANDONED,REGULAR,18,17,2,15,2,True,True,0.92,3.6,42,2,2026-06-30T16:42:30.408267
TXN-00634,CUST-7160,2652,Wallet,FAILED,INSUFFICIENT_FUNDS,REGULAR,28,28,11,17,2,True,False,0.68,6.8,29,2,2026-07-26T16:42:30.408267
TXN-00635,CUST-4979,14984,Net Banking,SUCCESS,,LOYAL,30,3,3,0,2,False,False,0.19,3.8,40,0,2026-09-02T16:42:30.408267
TXN-00636,CUST-3441,813,Net Banking,SUCCESS,,REGULAR,23,25,7,18,0,False,False,0.14,4.2,14,0,2026-08-13T16:42:30.408267
TXN-00637,CUST-7155,1688,UPI,SUCCESS,,AT_RISK,16,30,6,24,1,True,False,0.54,2.4,59,0,2026-08-16T16:42:30.408267
TXN-00638,CUST-9490,3313,Net Banking,FAILED,BANK_ERROR,AT_RISK,7,6,4,2,2,True,True,0.3,3.2,57,1,2026-08-30T16:42:30.408267
TXN-00639,CUST-3882,13819,Net Banking,FAILED,CARD_EXPIRED,LOYAL,26,4,3,1,3,True,True,0.89,3.9,34,0,2026-07-28T16:42:30.408267
TXN-00640,CUST-5609,3091,UPI,FAILED,CARD_EXPIRED,AT_RISK,12,16,13,3,2,True,False,0.34,4.0,16,0,2026-06-10T16:42:30.408267
TXN-00641,CUST-9204,359,UPI,SUCCESS,,LOYAL,17,26,25,1,1,True,True,0.94,3.3,37,0,2026-09-01T16:42:30.408267
TXN-00642,CUST-4280,968,UPI,FAILED,BANK_ERROR,LOYAL,2,25,1,24,1,True,True,0.2,5.8,34,1,2026-09-04T16:42:30.408267
TXN-00643,CUST-3044,2503,Wallet,SUCCESS,,REGULAR,11,24,19,5,2,True,False,0.86,0.8,38,0,2026-06-12T16:42:30.408267
TXN-00644,CUST-6292,666,UPI,SUCCESS,,AT_RISK,21,23,7,16,2,True,False,0.64,5.4,6,0,2026-09-03T16:42:30.408267
TXN-00645,CUST-5114,910,UPI,FAILED,BANK_ERROR,LOYAL,32,14,4,10,2,True,False,0.57,0.4,55,3,2026-07-08T16:42:30.408267
TXN-00646,CUST-7857,391,Credit Card,SUCCESS,,NEW,10,17,7,10,0,False,False,0.62,4.5,3,0,2026-08-14T16:42:30.408267
TXN-00647,CUST-5793,488,Credit Card,FAILED,CARD_EXPIRED,REGULAR,24,17,6,11,1,False,True,0.9,4.7,31,0,2026-08-25T16:42:30.408267
TXN-00648,CUST-4659,16482,Credit Card,SUCCESS,,LOYAL,29,20,19,1,0,False,True,0.63,5.3,2,0,2026-06-18T16:42:30.408267
TXN-00649,CUST-2512,18968,Wallet,FAILED,NETWORK_TIMEOUT,REGULAR,14,24,14,10,3,True,True,0.54,3.1,41,0,2026-07-04T16:42:30.408267
TXN-00650,CUST-6023,501,Wallet,SUCCESS,,REGULAR,22,6,6,0,2,False,True,0.47,4.9,17,0,2026-07-21T16:42:30.408267
TXN-00651,CUST-8371,4860,UPI,SUCCESS,,LOYAL,16,17,8,9,0,False,True,0.32,1.2,41,0,2026-06-10T16:42:30.408267
TXN-00652,CUST-6655,4166,UPI,SUCCESS,,AT_RISK,13,25,24,1,2,True,False,0.14,5.9,10,0,2026-08-20T16:42:30.408267
TXN-00653,CUST-3851,5879,Wallet,SUCCESS,,REGULAR,22,8,1,7,1,True,True,0.6,6.4,27,0,2026-06-07T16:42:30.408267
TXN-00654,CUST-3291,938,Debit Card,SUCCESS,,REGULAR,36,30,20,10,0,False,True,0.51,2.9,43,0,2026-08-16T16:42:30.408267
TXN-00655,CUST-1753,16666,Debit Card,SUCCESS,,AT_RISK,27,9,1,8,3,True,True,0.21,1.0,43,0,2026-06-20T16:42:30.408267
TXN-00656,CUST-8124,963,Credit Card,FAILED,PAYMENT_DECLINED,AT_RISK,14,22,2,20,0,False,False,0.7,0.3,55,1,2026-09-04T16:42:30.408267
TXN-00657,CUST-6511,15660,Debit Card,FAILED,INSUFFICIENT_FUNDS,LOYAL,19,4,3,1,0,False,False,0.19,1.5,6,2,2026-07-19T16:42:30.408267
TXN-00658,CUST-6605,3533,Wallet,SUCCESS,,NEW,13,8,4,4,1,True,True,0.23,6.3,13,0,2026-07-11T16:42:30.408267
TXN-00659,CUST-4558,763,Wallet,SUCCESS,,LOYAL,15,14,9,5,0,False,True,0.85,5.6,12,0,2026-06-17T16:42:30.408267
TXN-00660,CUST-1286,4831,UPI,SUCCESS,,REGULAR,12,6,4,2,3,True,True,0.59,5.6,9,0,2026-08-25T16:42:30.408267
TXN-00661,CUST-3468,7101,Credit Card,SUCCESS,,NEW,32,23,4,19,1,True,False,0.63,3.2,33,0,2026-06-16T16:42:30.408267
TXN-00662,CUST-1375,885,Net Banking,SUCCESS,,AT_RISK,13,27,18,9,2,True,True,0.85,0.2,56,0,2026-08-28T16:42:30.408267
TXN-00663,CUST-7530,1367,Credit Card,FAILED,CARD_EXPIRED,NEW,29,29,23,6,0,False,True,0.64,2.1,13,3,2026-08-15T16:42:30.408267
TXN-00664,CUST-1412,2616,UPI,FAILED,BANK_ERROR,LOYAL,12,25,8,17,0,False,True,0.36,2.2,5,0,2026-07-13T16:42:30.408267
TXN-00665,CUST-9401,873,UPI,SUCCESS,,AT_RISK,30,26,20,6,0,False,True,0.84,1.1,37,0,2026-07-17T16:42:30.408267
TXN-00666,CUST-6705,3861,Debit Card,SUCCESS,,AT_RISK,6,11,4,7,1,False,True,0.36,4.0,59,0,2026-08-08T16:42:30.408267
TXN-00667,CUST-4115,398,Debit Card,SUCCESS,,AT_RISK,10,5,0,5,1,False,False,0.38,4.4,45,0,2026-08-29T16:42:30.408267
TXN-00668,CUST-7282,268,Wallet,SUCCESS,,REGULAR,34,6,5,1,0,False,False,0.44,3.1,23,0,2026-08-28T16:42:30.408267
TXN-00669,CUST-9114,7577,Credit Card,SUCCESS,,REGULAR,2,18,4,14,2,True,False,0.12,3.2,48,0,2026-07-27T16:42:30.408267
TXN-00670,CUST-9998,4880,Credit Card,SUCCESS,,NEW,8,20,14,6,2,False,False,0.89,2.5,42,0,2026-08-07T16:42:30.408267
TXN-00671,CUST-5526,6410,Net Banking,SUCCESS,,NEW,31,4,2,2,0,False,True,0.23,5.9,47,0,2026-08-29T16:42:30.408267
TXN-00672,CUST-1752,17337,Wallet,SUCCESS,,LOYAL,28,17,3,14,3,True,False,0.37,1.0,9,0,2026-07-04T16:42:30.408267
TXN-00673,CUST-8642,1412,Debit Card,SUCCESS,,REGULAR,20,12,11,1,2,True,True,0.31,4.0,43,0,2026-06-27T16:42:30.408267
TXN-00674,CUST-2301,4331,UPI,SUCCESS,,REGULAR,3,14,11,3,0,False,True,0.4,0.7,23,0,2026-06-10T16:42:30.408267
TXN-00675,CUST-3531,17268,Credit Card,SUCCESS,,AT_RISK,33,26,21,5,0,False,True,0.24,1.3,48,0,2026-07-24T16:42:30.408267
TXN-00676,CUST-8611,906,UPI,SUCCESS,,LOYAL,13,17,13,4,0,False,True,0.75,2.7,10,0,2026-07-13T16:42:30.408267
TXN-00677,CUST-9916,7468,Net Banking,FAILED,PAYMENT_DECLINED,AT_RISK,6,24,13,11,1,False,False,0.83,6.3,52,0,2026-08-13T16:42:30.408267
TXN-00678,CUST-7833,13546,Net Banking,FAILED,INSUFFICIENT_FUNDS,AT_RISK,13,30,6,24,0,False,True,0.19,6.5,51,2,2026-08-06T16:42:30.408267
TXN-00679,CUST-3980,359,Credit Card,SUCCESS,,NEW,1,17,7,10,0,False,False,0.42,5.0,37,0,2026-07-31T16:42:30.408267
TXN-00680,CUST-5314,201,Credit Card,FAILED,PAYMENT_DECLINED,AT_RISK,14,12,4,8,1,True,True,0.51,5.7,46,0,2026-07-31T16:42:30.408267
TXN-00681,CUST-6614,9096,Net Banking,SUCCESS,,AT_RISK,29,30,22,8,0,False,False,0.84,0.5,7,0,2026-08-24T16:42:30.408267
TXN-00682,CUST-8109,3611,Credit Card,SUCCESS,,LOYAL,29,5,4,1,0,False,False,0.63,1.7,30,0,2026-08-17T16:42:30.408267
TXN-00683,CUST-5758,884,UPI,SUCCESS,,AT_RISK,17,13,10,3,2,True,False,0.89,6.6,31,0,2026-08-09T16:42:30.408267
TXN-00684,CUST-3393,4174,Wallet,FAILED,PAYMENT_DECLINED,REGULAR,22,18,7,11,3,False,True,0.23,5.6,3,0,2026-07-18T16:42:30.408267
TXN-00685,CUST-8316,214,Credit Card,SUCCESS,,NEW,36,29,5,24,1,True,True,0.91,5.7,57,0,2026-06-08T16:42:30.408267
TXN-00686,CUST-4889,1069,Debit Card,FAILED,INSUFFICIENT_FUNDS,AT_RISK,10,25,17,8,3,True,True,0.4,3.4,51,1,2026-06-19T16:42:30.408267
TXN-00687,CUST-5344,2672,Debit Card,SUCCESS,,AT_RISK,16,17,9,8,0,False,False,0.43,0.3,30,0,2026-08-22T16:42:30.408267
TXN-00688,CUST-1308,200,UPI,SUCCESS,,REGULAR,6,24,9,15,2,False,True,0.68,5.0,58,0,2026-06-06T16:42:30.408267
TXN-00689,CUST-5604,2265,Wallet,SUCCESS,,AT_RISK,2,11,1,10,3,False,True,0.71,2.0,38,0,2026-06-21T16:42:30.408267
TXN-00690,CUST-4035,2518,Wallet,SUCCESS,,NEW,26,13,3,10,1,True,False,0.91,3.5,39,0,2026-07-18T16:42:30.408267
TXN-00691,CUST-7206,4519,Net Banking,SUCCESS,,NEW,29,8,7,1,3,False,False,0.14,3.8,59,0,2026-08-26T16:42:30.408267
TXN-00692,CUST-6469,879,UPI,FAILED,INSUFFICIENT_FUNDS,REGULAR,36,22,0,22,0,False,True,0.29,3.6,23,3,2026-08-14T16:42:30.408267
TXN-00693,CUST-7031,4310,Credit Card,SUCCESS,,NEW,36,21,16,5,1,False,True,0.86,1.0,24,0,2026-07-08T16:42:30.408267
TXN-00694,CUST-5725,624,Debit Card,SUCCESS,,NEW,34,13,12,1,0,False,True,0.92,0.2,40,0,2026-08-30T16:42:30.408267
TXN-00695,CUST-4448,12249,Wallet,SUCCESS,,REGULAR,32,6,0,6,2,False,False,0.35,3.1,36,0,2026-06-12T16:42:30.408267
TXN-00696,CUST-1407,1972,Credit Card,SUCCESS,,LOYAL,28,23,17,6,1,False,True,0.62,0.9,48,0,2026-09-01T16:42:30.408267
TXN-00697,CUST-4486,7269,Debit Card,FAILED,CUSTOMER_ABANDONED,AT_RISK,5,4,0,4,1,False,False,0.23,6.3,14,2,2026-06-14T16:42:30.408267
TXN-00698,CUST-3337,19528,Wallet,SUCCESS,,LOYAL,34,24,0,24,1,False,False,0.34,4.9,19,0,2026-07-24T16:42:30.408267
TXN-00699,CUST-6757,585,Net Banking,SUCCESS,,LOYAL,14,17,2,15,1,True,True,0.21,5.3,56,0,2026-08-18T16:42:30.408267
TXN-00700,CUST-4268,1954,Net Banking,SUCCESS,,REGULAR,1,17,10,7,2,False,False,0.66,3.7,26,0,2026-06-09T16:42:30.408267
TXN-00701,CUST-9191,10365,Wallet,SUCCESS,,REGULAR,27,30,17,13,1,False,False,0.68,3.0,39,0,2026-06-09T16:42:30.408267
TXN-00702,CUST-3701,4257,Wallet,SUCCESS,,REGULAR,24,3,3,0,2,True,True,0.19,3.0,47,0,2026-06-18T16:42:30.408267
TXN-00703,CUST-1690,2579,Debit Card,SUCCESS,,REGULAR,25,5,4,1,1,False,True,0.46,1.7,41,0,2026-06-13T16:42:30.408267
TXN-00704,CUST-9502,3022,UPI,SUCCESS,,REGULAR,29,5,4,1,0,False,False,0.19,6.3,36,0,2026-08-10T16:42:30.408267
TXN-00705,CUST-5247,4645,Net Banking,FAILED,CUSTOMER_ABANDONED,REGULAR,9,7,3,4,2,True,True,0.66,2.6,59,2,2026-07-13T16:42:30.408267
TXN-00706,CUST-8692,17875,Debit Card,FAILED,BANK_ERROR,REGULAR,1,27,23,4,1,False,True,0.59,1.7,19,3,2026-08-25T16:42:30.408267
TXN-00707,CUST-7849,12382,Wallet,SUCCESS,,NEW,31,18,3,15,0,False,False,0.28,6.4,30,0,2026-06-17T16:42:30.408267
TXN-00708,CUST-3323,4266,Credit Card,SUCCESS,,REGULAR,5,25,22,3,1,True,False,0.65,0.7,10,0,2026-07-17T16:42:30.408267
TXN-00709,CUST-6062,9417,Wallet,SUCCESS,,LOYAL,27,7,5,2,3,False,True,0.86,1.5,56,0,2026-06-21T16:42:30.408267
TXN-00710,CUST-4082,9822,Debit Card,FAILED,INSUFFICIENT_FUNDS,REGULAR,9,11,7,4,0,False,True,0.81,5.2,3,0,2026-07-10T16:42:30.408267
TXN-00711,CUST-7201,642,Credit Card,SUCCESS,,NEW,29,6,6,0,0,False,True,0.18,6.0,55,0,2026-07-21T16:42:30.408267
TXN-00712,CUST-8853,348,Net Banking,SUCCESS,,REGULAR,31,14,6,8,0,False,False,0.91,5.4,18,0,2026-07-01T16:42:30.408267
TXN-00713,CUST-6323,3648,Credit Card,FAILED,INSUFFICIENT_FUNDS,AT_RISK,9,7,0,7,0,False,False,0.78,1.7,36,1,2026-09-02T16:42:30.408267
TXN-00714,CUST-1881,1817,Debit Card,FAILED,INSUFFICIENT_FUNDS,LOYAL,5,4,4,0,2,True,True,0.82,4.7,26,1,2026-08-13T16:42:30.408267
TXN-00715,CUST-4844,1404,Net Banking,FAILED,INSUFFICIENT_FUNDS,REGULAR,24,18,17,1,0,False,True,0.55,0.2,27,0,2026-07-11T16:42:30.408267
TXN-00716,CUST-9996,17993,Wallet,SUCCESS,,REGULAR,33,10,8,2,2,False,False,0.67,3.2,23,0,2026-07-18T16:42:30.408267
TXN-00717,CUST-5314,332,Net Banking,SUCCESS,,NEW,19,14,1,13,0,False,False,0.73,1.7,9,0,2026-06-21T16:42:30.408267
TXN-00718,CUST-9253,4833,Debit Card,SUCCESS,,LOYAL,10,30,25,5,3,True,True,0.2,0.5,6,0,2026-07-10T16:42:30.408267
TXN-00719,CUST-5727,5557,Wallet,SUCCESS,,AT_RISK,13,8,5,3,3,True,False,0.88,2.1,53,0,2026-08-02T16:42:30.408267
TXN-00720,CUST-1823,582,Debit Card,SUCCESS,,NEW,18,7,3,4,0,False,True,0.86,0.3,11,0,2026-08-28T16:42:30.408267
TXN-00721,CUST-7944,437,Net Banking,SUCCESS,,REGULAR,30,21,12,9,0,False,False,0.82,5.2,46,0,2026-08-20T16:42:30.408267
TXN-00722,CUST-9149,4438,Wallet,SUCCESS,,AT_RISK,1,27,11,16,3,False,False,0.72,0.2,47,0,2026-08-06T16:42:30.408267
TXN-00723,CUST-9850,953,Debit Card,SUCCESS,,REGULAR,28,22,4,18,2,False,True,0.58,1.6,53,0,2026-08-17T16:42:30.408267
TXN-00724,CUST-3669,645,UPI,SUCCESS,,LOYAL,21,2,1,1,1,True,True,0.34,6.2,9,0,2026-09-04T16:42:30.408267
TXN-00725,CUST-8113,8601,UPI,SUCCESS,,AT_RISK,10,29,8,21,3,True,True,0.14,3.5,9,0,2026-07-07T16:42:30.408267
TXN-00726,CUST-9252,3751,Net Banking,FAILED,CUSTOMER_ABANDONED,AT_RISK,35,12,11,1,3,False,True,0.39,3.4,23,0,2026-09-01T16:42:30.408267
TXN-00727,CUST-8020,278,Net Banking,SUCCESS,,REGULAR,35,2,2,0,2,False,True,0.72,4.3,29,0,2026-07-26T16:42:30.408267
TXN-00728,CUST-8810,2265,Net Banking,SUCCESS,,NEW,35,7,3,4,1,True,True,0.72,4.7,60,0,2026-07-06T16:42:30.408267
TXN-00729,CUST-1861,945,Net Banking,SUCCESS,,REGULAR,23,23,13,10,3,False,False,0.84,4.9,48,0,2026-06-15T16:42:30.408267
TXN-00730,CUST-2054,17715,Credit Card,SUCCESS,,LOYAL,14,3,3,0,3,False,True,0.49,2.5,12,0,2026-08-24T16:42:30.408267
TXN-00731,CUST-9024,898,Credit Card,FAILED,NETWORK_TIMEOUT,NEW,11,1,0,1,2,False,True,0.36,1.3,38,2,2026-08-20T16:42:30.408267
TXN-00732,CUST-5348,4317,Credit Card,SUCCESS,,REGULAR,15,12,2,10,0,False,False,0.31,0.7,6,0,2026-06-19T16:42:30.408267
TXN-00733,CUST-9931,1790,Debit Card,SUCCESS,,REGULAR,31,24,16,8,3,False,False,0.43,2.8,18,0,2026-07-28T16:42:30.408267
TXN-00734,CUST-2877,385,UPI,SUCCESS,,REGULAR,12,16,2,14,1,True,False,0.93,7.0,59,0,2026-08-10T16:42:30.408267
TXN-00735,CUST-4509,795,Wallet,SUCCESS,,LOYAL,33,17,17,0,0,False,False,0.75,4.8,33,0,2026-08-31T16:42:30.408267
TXN-00736,CUST-2486,4587,Net Banking,FAILED,BANK_ERROR,REGULAR,6,6,0,6,3,False,True,0.74,0.8,36,3,2026-07-18T16:42:30.408267
TXN-00737,CUST-6468,13814,Wallet,SUCCESS,,AT_RISK,26,16,5,11,2,False,True,0.36,3.2,30,0,2026-06-27T16:42:30.408267
TXN-00738,CUST-1269,951,Wallet,SUCCESS,,AT_RISK,10,14,12,2,2,True,True,0.91,6.8,42,0,2026-07-11T16:42:30.408267
TXN-00739,CUST-2518,13537,UPI,SUCCESS,,AT_RISK,1,8,7,1,3,True,False,0.94,6.7,34,0,2026-06-13T16:42:30.408267
TXN-00740,CUST-2160,19063,UPI,SUCCESS,,NEW,15,21,7,14,3,True,False,0.48,1.3,29,0,2026-06-28T16:42:30.408267
TXN-00741,CUST-5841,264,Debit Card,FAILED,PAYMENT_DECLINED,AT_RISK,9,14,12,2,3,True,True,0.71,2.4,23,2,2026-07-28T16:42:30.408267
TXN-00742,CUST-9948,1653,UPI,SUCCESS,,REGULAR,4,5,1,4,0,False,True,0.12,3.7,29,0,2026-07-19T16:42:30.408267
TXN-00743,CUST-4172,9650,Debit Card,SUCCESS,,AT_RISK,10,24,16,8,0,False,False,0.15,2.6,20,0,2026-07-29T16:42:30.408267
TXN-00744,CUST-5164,19345,UPI,SUCCESS,,REGULAR,5,26,13,13,2,False,True,0.44,5.8,46,0,2026-07-29T16:42:30.408267
TXN-00745,CUST-6908,923,UPI,FAILED,BANK_ERROR,AT_RISK,11,14,0,14,3,True,True,0.86,5.2,39,3,2026-08-07T16:42:30.408267
TXN-00746,CUST-1459,17290,Wallet,SUCCESS,,NEW,33,18,12,6,1,True,False,0.12,3.6,38,0,2026-08-12T16:42:30.408267
TXN-00747,CUST-9130,821,Net Banking,FAILED,CARD_EXPIRED,NEW,15,5,0,5,3,False,False,0.57,2.4,9,3,2026-06-28T16:42:30.408267
TXN-00748,CUST-4572,15445,Net Banking,SUCCESS,,REGULAR,4,8,0,8,0,False,False,0.85,0.1,30,0,2026-07-17T16:42:30.408267
TXN-00749,CUST-8231,598,Net Banking,SUCCESS,,NEW,33,12,8,4,2,True,True,0.79,2.5,44,0,2026-07-30T16:42:30.408267
TXN-00750,CUST-3564,756,UPI,SUCCESS,,REGULAR,14,17,13,4,2,True,True,0.61,5.1,3,0,2026-06-25T16:42:30.408267
TXN-00751,CUST-3593,3000,Credit Card,FAILED,BANK_ERROR,NEW,23,27,25,2,2,True,True,0.66,6.0,45,3,2026-07-12T16:42:30.408267
TXN-00752,CUST-9640,909,Net Banking,SUCCESS,,REGULAR,7,6,1,5,1,True,True,0.2,3.4,52,0,2026-07-10T16:42:30.408267
TXN-00753,CUST-4621,5701,UPI,SUCCESS,,NEW,26,12,12,0,1,False,True,0.5,1.0,40,0,2026-08-04T16:42:30.408267
TXN-00754,CUST-9078,751,Debit Card,SUCCESS,,AT_RISK,9,13,2,11,0,False,True,0.4,3.8,29,0,2026-06-20T16:42:30.408267
TXN-00755,CUST-4670,19166,Net Banking,SUCCESS,,LOYAL,30,8,3,5,1,False,True,0.44,0.4,9,0,2026-08-07T16:42:30.408267
TXN-00756,CUST-4491,3588,Debit Card,SUCCESS,,AT_RISK,22,12,4,8,1,True,True,0.62,3.8,52,0,2026-07-23T16:42:30.408267
TXN-00757,CUST-4202,6197,Debit Card,SUCCESS,,LOYAL,20,10,9,1,1,True,True,0.84,5.8,17,0,2026-08-04T16:42:30.408267
TXN-00758,CUST-1677,13099,UPI,FAILED,CARD_EXPIRED,LOYAL,31,8,2,6,0,False,False,0.37,1.6,36,2,2026-07-01T16:42:30.408267
TXN-00759,CUST-7711,354,UPI,SUCCESS,,LOYAL,9,26,14,12,0,False,False,0.51,5.4,25,0,2026-08-10T16:42:30.408267
TXN-00760,CUST-2596,10927,UPI,FAILED,INSUFFICIENT_FUNDS,LOYAL,6,18,18,0,3,False,False,0.22,5.4,29,3,2026-07-14T16:42:30.408267
TXN-00761,CUST-6390,8504,UPI,FAILED,CUSTOMER_ABANDONED,NEW,9,17,8,9,0,False,False,0.49,2.9,20,1,2026-07-05T16:42:30.408267
TXN-00762,CUST-2758,937,Net Banking,SUCCESS,,LOYAL,18,5,1,4,0,False,False,0.78,3.7,2,0,2026-09-04T16:42:30.408267
TXN-00763,CUST-1550,1079,Wallet,FAILED,BANK_ERROR,NEW,12,14,8,6,2,True,False,0.16,2.1,43,0,2026-08-21T16:42:30.408267
TXN-00764,CUST-3101,587,UPI,SUCCESS,,REGULAR,19,23,12,11,0,False,True,0.74,2.6,58,0,2026-08-04T16:42:30.408267
TXN-00765,CUST-8133,1453,Debit Card,SUCCESS,,NEW,15,1,0,1,0,False,True,0.41,6.2,25,0,2026-06-25T16:42:30.408267
TXN-00766,CUST-4019,14315,Debit Card,FAILED,NETWORK_TIMEOUT,AT_RISK,11,24,12,12,0,False,True,0.15,4.6,58,1,2026-08-16T16:42:30.408267
TXN-00767,CUST-4221,975,UPI,SUCCESS,,LOYAL,25,10,7,3,2,False,False,0.93,3.2,52,0,2026-07-13T16:42:30.408267
TXN-00768,CUST-4261,637,UPI,SUCCESS,,NEW,34,29,20,9,0,False,False,0.91,3.7,47,0,2026-06-12T16:42:30.408267
TXN-00769,CUST-6674,3560,Debit Card,SUCCESS,,REGULAR,15,18,5,13,2,False,False,0.43,6.4,55,0,2026-07-09T16:42:30.408267
TXN-00770,CUST-5622,661,Wallet,SUCCESS,,AT_RISK,21,16,13,3,3,False,True,0.56,3.4,19,0,2026-07-30T16:42:30.408267
TXN-00771,CUST-5351,6096,Net Banking,SUCCESS,,NEW,15,12,6,6,2,True,False,0.6,1.0,18,0,2026-08-09T16:42:30.408267
TXN-00772,CUST-9359,6410,UPI,SUCCESS,,AT_RISK,20,2,1,1,1,True,True,0.33,4.2,19,0,2026-06-19T16:42:30.408267
TXN-00773,CUST-3517,569,Net Banking,SUCCESS,,LOYAL,25,15,12,3,3,False,True,0.21,6.9,19,0,2026-06-27T16:42:30.408267
TXN-00774,CUST-3356,12841,Credit Card,SUCCESS,,NEW,31,17,16,1,3,False,True,0.81,5.8,37,0,2026-06-25T16:42:30.408267
TXN-00775,CUST-5419,3066,Credit Card,SUCCESS,,REGULAR,26,5,2,3,1,False,False,0.86,4.0,9,0,2026-07-07T16:42:30.408267
TXN-00776,CUST-9760,3040,Debit Card,FAILED,INSUFFICIENT_FUNDS,REGULAR,22,13,10,3,2,True,True,0.27,2.7,32,0,2026-07-29T16:42:30.408267
TXN-00777,CUST-5783,2488,Net Banking,SUCCESS,,NEW,29,24,16,8,1,True,True,0.42,7.0,13,0,2026-06-29T16:42:30.408267
TXN-00778,CUST-3217,666,Credit Card,SUCCESS,,AT_RISK,6,26,20,6,1,True,False,0.45,3.2,17,0,2026-08-02T16:42:30.408267
TXN-00779,CUST-3427,16881,Net Banking,SUCCESS,,NEW,19,30,26,4,1,True,False,0.8,2.4,47,0,2026-07-09T16:42:30.408267
TXN-00780,CUST-7475,1194,Wallet,FAILED,INSUFFICIENT_FUNDS,REGULAR,24,17,9,8,2,True,True,0.46,3.1,40,3,2026-08-17T16:42:30.408267
TXN-00781,CUST-2734,7317,UPI,FAILED,BANK_ERROR,AT_RISK,13,15,13,2,3,False,False,0.22,6.2,49,2,2026-06-16T16:42:30.408267
TXN-00782,CUST-6334,869,Credit Card,SUCCESS,,LOYAL,20,30,27,3,1,True,False,0.35,1.6,11,0,2026-08-15T16:42:30.408267
TXN-00783,CUST-1596,275,Debit Card,FAILED,NETWORK_TIMEOUT,AT_RISK,2,20,12,8,1,True,True,0.63,1.4,10,2,2026-06-07T16:42:30.408267
TXN-00784,CUST-5549,1899,UPI,SUCCESS,,AT_RISK,30,19,3,16,2,True,False,0.32,4.7,20,0,2026-06-15T16:42:30.408267
TXN-00785,CUST-7355,4951,Debit Card,SUCCESS,,AT_RISK,22,13,2,11,1,True,True,0.73,6.8,28,0,2026-08-17T16:42:30.408267
TXN-00786,CUST-1971,4253,UPI,SUCCESS,,LOYAL,16,23,1,22,0,False,True,0.7,4.4,24,0,2026-06-27T16:42:30.408267
TXN-00787,CUST-3093,235,Net Banking,FAILED,BANK_ERROR,NEW,19,11,3,8,0,False,True,0.79,6.8,37,3,2026-06-23T16:42:30.408267
TXN-00788,CUST-7363,7320,UPI,SUCCESS,,AT_RISK,5,9,4,5,1,False,True,0.88,3.8,10,0,2026-08-31T16:42:30.408267
TXN-00789,CUST-3607,2221,Wallet,SUCCESS,,LOYAL,29,24,11,13,1,False,True,0.11,0.5,17,0,2026-07-04T16:42:30.408267
TXN-00790,CUST-7126,968,Wallet,SUCCESS,,LOYAL,5,16,8,8,3,False,False,0.75,4.0,7,0,2026-08-12T16:42:30.408267
TXN-00791,CUST-5712,8847,Wallet,SUCCESS,,NEW,28,28,17,11,2,True,False,0.74,0.2,17,0,2026-07-17T16:42:30.408267
TXN-00792,CUST-2335,15857,UPI,SUCCESS,,NEW,7,14,13,1,2,True,False,0.74,5.0,28,0,2026-08-17T16:42:30.408267
TXN-00793,CUST-7582,4535,Credit Card,SUCCESS,,LOYAL,30,30,7,23,2,False,False,0.54,5.7,7,0,2026-07-26T16:42:30.408267
TXN-00794,CUST-3261,8929,Credit Card,SUCCESS,,LOYAL,16,20,0,20,1,True,False,0.19,4.0,11,0,2026-08-05T16:42:30.408267
TXN-00795,CUST-2426,900,Credit Card,FAILED,CUSTOMER_ABANDONED,NEW,24,4,1,3,2,True,False,0.62,5.1,24,1,2026-07-02T16:42:30.408267
TXN-00796,CUST-7234,427,Net Banking,FAILED,INSUFFICIENT_FUNDS,REGULAR,10,16,6,10,0,False,False,0.41,1.6,48,1,2026-06-27T16:42:30.408267
TXN-00797,CUST-6865,546,Net Banking,FAILED,PAYMENT_DECLINED,REGULAR,8,28,21,7,1,True,True,0.63,0.2,12,0,2026-08-12T16:42:30.408267
TXN-00798,CUST-4722,330,Credit Card,FAILED,NETWORK_TIMEOUT,NEW,31,29,24,5,0,False,False,0.54,7.0,39,3,2026-07-21T16:42:30.408267
TXN-00799,CUST-7427,3121,Wallet,SUCCESS,,REGULAR,25,20,8,12,1,True,True,0.79,6.2,33,0,2026-08-17T16:42:30.408267
TXN-00800,CUST-8384,2016,Credit Card,FAILED,NETWORK_TIMEOUT,NEW,4,9,7,2,2,True,True,0.84,2.5,47,1,2026-07-19T16:42:30.408267
TXN-00801,CUST-3879,2048,Debit Card,SUCCESS,,AT_RISK,27,24,6,18,0,False,True,0.75,6.9,19,0,2026-06-21T16:42:30.408267
TXN-00802,CUST-6971,14456,Net Banking,SUCCESS,,REGULAR,18,9,5,4,3,True,False,0.87,4.6,34,0,2026-08-05T16:42:30.408267
TXN-00803,CUST-6980,17075,UPI,SUCCESS,,LOYAL,30,7,4,3,1,True,False,0.93,4.2,45,0,2026-07-07T16:42:30.408267
TXN-00804,CUST-1130,14404,UPI,SUCCESS,,NEW,17,17,3,14,3,True,True,0.58,4.0,27,0,2026-07-03T16:42:30.408267
TXN-00805,CUST-1880,764,Credit Card,SUCCESS,,NEW,31,26,3,23,2,False,True,0.48,2.3,12,0,2026-08-07T16:42:30.408267
TXN-00806,CUST-9354,18614,Debit Card,FAILED,PAYMENT_DECLINED,REGULAR,33,30,27,3,2,True,True,0.3,1.8,46,2,2026-08-30T16:42:30.408267
TXN-00807,CUST-9927,217,Wallet,SUCCESS,,LOYAL,4,27,20,7,0,False,False,0.35,2.4,59,0,2026-07-07T16:42:30.408267
TXN-00808,CUST-2259,266,UPI,SUCCESS,,NEW,11,27,17,10,1,False,False,0.85,0.2,45,0,2026-07-18T16:42:30.408267
TXN-00809,CUST-2248,15424,Credit Card,SUCCESS,,NEW,34,12,0,12,1,False,False,0.27,1.7,36,0,2026-06-11T16:42:30.408267
TXN-00810,CUST-8917,264,Net Banking,SUCCESS,,AT_RISK,8,3,3,0,0,False,True,0.11,5.7,44,0,2026-07-05T16:42:30.408267
TXN-00811,CUST-1165,18486,Debit Card,FAILED,PAYMENT_DECLINED,REGULAR,1,9,0,9,0,False,False,0.89,5.6,38,1,2026-07-08T16:42:30.408267
TXN-00812,CUST-7988,1191,Credit Card,SUCCESS,,LOYAL,19,19,13,6,3,True,False,0.63,2.4,12,0,2026-07-24T16:42:30.408267
TXN-00813,CUST-7666,8900,Net Banking,FAILED,CUSTOMER_ABANDONED,AT_RISK,5,7,3,4,3,False,True,0.56,3.3,2,1,2026-06-06T16:42:30.408267
TXN-00814,CUST-9490,885,Credit Card,FAILED,INSUFFICIENT_FUNDS,LOYAL,16,28,3,25,1,True,True,0.78,0.1,24,2,2026-08-21T16:42:30.408267
TXN-00815,CUST-3363,6888,Credit Card,FAILED,INSUFFICIENT_FUNDS,LOYAL,7,19,14,5,1,True,False,0.8,3.2,32,3,2026-06-16T16:42:30.408267
TXN-00816,CUST-1722,818,Wallet,FAILED,INSUFFICIENT_FUNDS,AT_RISK,17,1,1,0,1,False,False,0.7,0.1,21,2,2026-08-25T16:42:30.408267
TXN-00817,CUST-9304,17561,Net Banking,FAILED,CARD_EXPIRED,AT_RISK,25,10,5,5,1,False,False,0.15,4.2,39,0,2026-06-29T16:42:30.408267
TXN-00818,CUST-9559,11135,Net Banking,SUCCESS,,REGULAR,6,16,12,4,1,True,False,0.2,3.6,32,0,2026-08-06T16:42:30.408267
TXN-00819,CUST-8228,14469,Net Banking,SUCCESS,,LOYAL,28,17,4,13,1,True,False,0.82,4.8,7,0,2026-08-05T16:42:30.408267
TXN-00820,CUST-9509,2317,Net Banking,SUCCESS,,AT_RISK,28,10,2,8,1,True,False,0.5,6.3,40,0,2026-07-08T16:42:30.408267
TXN-00821,CUST-5751,8006,Net Banking,SUCCESS,,NEW,8,22,18,4,0,False,False,0.94,5.7,5,0,2026-08-01T16:42:30.408267
TXN-00822,CUST-7463,12864,Debit Card,SUCCESS,,LOYAL,25,28,28,0,2,True,False,0.66,6.3,27,0,2026-06-22T16:42:30.408267
TXN-00823,CUST-5818,545,UPI,SUCCESS,,REGULAR,10,25,21,4,0,False,True,0.35,3.7,60,0,2026-07-26T16:42:30.408267
TXN-00824,CUST-5958,16156,UPI,SUCCESS,,NEW,27,27,17,10,3,True,True,0.53,1.9,51,0,2026-08-12T16:42:30.408267
TXN-00825,CUST-3578,17072,UPI,SUCCESS,,LOYAL,29,16,16,0,3,True,False,0.76,3.2,2,0,2026-07-28T16:42:30.408267
TXN-00826,CUST-9594,939,Debit Card,SUCCESS,,NEW,28,2,0,2,3,True,False,0.53,0.5,25,0,2026-07-31T16:42:30.408267
TXN-00827,CUST-7189,323,Credit Card,SUCCESS,,REGULAR,1,23,22,1,3,True,True,0.44,6.5,9,0,2026-06-17T16:42:30.408267
TXN-00828,CUST-7028,1528,Debit Card,SUCCESS,,NEW,17,10,1,9,0,False,False,0.3,1.7,59,0,2026-06-26T16:42:30.408267
TXN-00829,CUST-7937,1993,Debit Card,SUCCESS,,LOYAL,22,3,0,3,3,False,False,0.2,1.3,50,0,2026-07-26T16:42:30.408267
TXN-00830,CUST-1725,955,UPI,SUCCESS,,AT_RISK,11,14,3,11,0,False,False,0.86,0.7,49,0,2026-08-07T16:42:30.408267
TXN-00831,CUST-5809,3111,Wallet,FAILED,CUSTOMER_ABANDONED,LOYAL,7,26,24,2,2,True,False,0.61,2.4,20,0,2026-07-27T16:42:30.408267
TXN-00832,CUST-4485,513,Debit Card,SUCCESS,,NEW,16,6,0,6,2,False,False,0.51,5.9,39,0,2026-08-14T16:42:30.408267
TXN-00833,CUST-4011,1101,Wallet,SUCCESS,,AT_RISK,34,3,0,3,0,False,False,0.67,0.3,54,0,2026-06-16T16:42:30.408267
TXN-00834,CUST-1727,7899,Debit Card,FAILED,BANK_ERROR,LOYAL,23,13,7,6,2,False,True,0.61,4.1,25,1,2026-08-15T16:42:30.408267
TXN-00835,CUST-6095,11309,Wallet,SUCCESS,,LOYAL,11,3,3,0,3,True,False,0.54,3.2,3,0,2026-06-18T16:42:30.408267
TXN-00836,CUST-2672,947,UPI,SUCCESS,,LOYAL,5,7,6,1,2,True,False,0.58,5.6,30,0,2026-07-26T16:42:30.408267
TXN-00837,CUST-2574,3720,UPI,FAILED,NETWORK_TIMEOUT,LOYAL,23,26,0,26,1,False,False,0.26,6.4,35,0,2026-06-29T16:42:30.408267
TXN-00838,CUST-4976,668,Credit Card,SUCCESS,,NEW,11,19,9,10,2,False,False,0.18,2.0,8,0,2026-08-13T16:42:30.408267
TXN-00839,CUST-7131,17218,UPI,FAILED,PAYMENT_DECLINED,NEW,26,5,5,0,2,True,False,0.71,0.9,30,1,2026-08-02T16:42:30.408267
TXN-00840,CUST-5047,14227,Debit Card,FAILED,BANK_ERROR,LOYAL,28,1,1,0,2,False,True,0.75,3.6,29,1,2026-06-27T16:42:30.408267
TXN-00841,CUST-5828,562,Wallet,FAILED,PAYMENT_DECLINED,NEW,12,19,7,12,3,True,True,0.74,6.9,41,2,2026-08-18T16:42:30.408267
TXN-00842,CUST-6550,10205,Credit Card,SUCCESS,,LOYAL,9,10,3,7,0,False,True,0.71,0.9,35,0,2026-08-15T16:42:30.408267
TXN-00843,CUST-8194,17422,Wallet,SUCCESS,,REGULAR,35,15,13,2,0,False,True,0.95,4.2,20,0,2026-08-14T16:42:30.408267
TXN-00844,CUST-7205,6398,Credit Card,FAILED,NETWORK_TIMEOUT,NEW,3,8,8,0,2,False,False,0.5,3.0,3,3,2026-07-28T16:42:30.408267
TXN-00845,CUST-4813,14752,UPI,SUCCESS,,REGULAR,10,25,4,21,1,False,True,0.83,4.5,49,0,2026-06-27T16:42:30.408267
TXN-00846,CUST-3142,2601,Debit Card,SUCCESS,,NEW,7,13,5,8,0,False,False,0.33,2.3,29,0,2026-08-17T16:42:30.408267
TXN-00847,CUST-8734,10833,Debit Card,SUCCESS,,AT_RISK,14,22,1,21,1,True,True,0.51,4.7,7,0,2026-08-07T16:42:30.408267
TXN-00848,CUST-5739,10737,Net Banking,SUCCESS,,AT_RISK,2,17,9,8,1,False,False,0.44,0.8,54,0,2026-07-03T16:42:30.408267
TXN-00849,CUST-8090,962,Wallet,FAILED,CARD_EXPIRED,AT_RISK,27,2,0,2,3,False,True,0.89,3.3,58,2,2026-07-29T16:42:30.408267
TXN-00850,CUST-3236,11512,UPI,FAILED,PAYMENT_DECLINED,NEW,20,15,11,4,0,False,True,0.91,2.3,5,0,2026-07-16T16:42:30.408267
TXN-00851,CUST-6707,787,Net Banking,SUCCESS,,NEW,20,7,4,3,3,True,False,0.91,3.2,16,0,2026-08-20T16:42:30.408267
TXN-00852,CUST-1492,4495,Wallet,SUCCESS,,REGULAR,17,12,2,10,2,False,True,0.6,0.9,53,0,2026-07-19T16:42:30.408267
TXN-00853,CUST-2155,914,UPI,SUCCESS,,REGULAR,3,22,19,3,0,False,False,0.11,6.7,37,0,2026-07-18T16:42:30.408267
TXN-00854,CUST-2802,4322,UPI,SUCCESS,,AT_RISK,3,28,18,10,0,False,True,0.55,3.0,56,0,2026-06-09T16:42:30.408267
TXN-00855,CUST-8781,3905,UPI,SUCCESS,,LOYAL,3,21,13,8,1,True,False,0.42,3.3,53,0,2026-07-20T16:42:30.408267
TXN-00856,CUST-2845,7736,Wallet,SUCCESS,,LOYAL,34,22,16,6,1,True,False,0.63,1.6,57,0,2026-08-11T16:42:30.408267
TXN-00857,CUST-7308,445,UPI,SUCCESS,,AT_RISK,24,7,7,0,3,False,False,0.74,5.1,59,0,2026-08-30T16:42:30.408267
TXN-00858,CUST-8676,1403,Wallet,FAILED,INSUFFICIENT_FUNDS,REGULAR,13,12,7,5,1,False,True,0.64,6.4,5,2,2026-07-07T16:42:30.408267
TXN-00859,CUST-7117,1024,Net Banking,SUCCESS,,AT_RISK,35,7,2,5,3,True,True,0.29,4.6,44,0,2026-07-09T16:42:30.408267
TXN-00860,CUST-3568,5439,Credit Card,SUCCESS,,NEW,1,17,16,1,2,False,True,0.44,6.8,12,0,2026-08-12T16:42:30.408267
TXN-00861,CUST-7721,5879,Credit Card,SUCCESS,,NEW,15,7,3,4,2,True,False,0.21,3.5,19,0,2026-08-30T16:42:30.408267
TXN-00862,CUST-7436,2392,Net Banking,FAILED,CUSTOMER_ABANDONED,LOYAL,10,23,19,4,2,True,False,0.8,5.3,47,2,2026-08-22T16:42:30.408267
TXN-00863,CUST-8632,3591,UPI,SUCCESS,,NEW,22,20,17,3,2,True,True,0.37,6.8,46,0,2026-08-12T16:42:30.408267
TXN-00864,CUST-1645,579,Wallet,SUCCESS,,NEW,21,16,7,9,1,True,True,0.19,2.8,40,0,2026-09-01T16:42:30.408267
TXN-00865,CUST-9394,705,Credit Card,SUCCESS,,AT_RISK,36,1,0,1,0,False,True,0.52,2.3,59,0,2026-07-24T16:42:30.408267
TXN-00866,CUST-7644,8168,Net Banking,SUCCESS,,NEW,8,25,9,16,0,False,False,0.32,0.3,48,0,2026-08-04T16:42:30.408267
TXN-00867,CUST-4620,2377,Wallet,SUCCESS,,LOYAL,6,29,0,29,3,False,True,0.13,2.7,41,0,2026-08-19T16:42:30.408267
TXN-00868,CUST-7171,3864,Debit Card,SUCCESS,,NEW,33,10,3,7,3,True,True,0.44,4.5,21,0,2026-06-20T16:42:30.408267
TXN-00869,CUST-2037,12134,UPI,FAILED,BANK_ERROR,REGULAR,6,28,28,0,1,False,False,0.49,2.9,48,0,2026-07-06T16:42:30.408267
TXN-00870,CUST-9105,2451,Debit Card,SUCCESS,,NEW,36,13,13,0,0,False,True,0.4,1.0,47,0,2026-07-25T16:42:30.408267
TXN-00871,CUST-4568,10352,Net Banking,SUCCESS,,NEW,5,5,3,2,2,True,True,0.13,6.7,48,0,2026-06-24T16:42:30.408267
TXN-00872,CUST-8111,14460,Credit Card,SUCCESS,,REGULAR,4,9,1,8,0,False,False,0.73,0.2,29,0,2026-08-05T16:42:30.408267
TXN-00873,CUST-2558,3156,UPI,SUCCESS,,NEW,25,27,19,8,0,False,False,0.88,0.4,47,0,2026-06-07T16:42:30.408267
TXN-00874,CUST-6224,15988,Wallet,SUCCESS,,LOYAL,6,5,0,5,0,False,False,0.86,2.6,26,0,2026-08-13T16:42:30.408267
TXN-00875,CUST-3145,5268,Wallet,SUCCESS,,NEW,31,30,4,26,0,False,True,0.74,5.1,30,0,2026-07-27T16:42:30.408267
TXN-00876,CUST-4081,3510,Net Banking,SUCCESS,,AT_RISK,36,4,0,4,0,False,False,0.34,3.1,20,0,2026-08-14T16:42:30.408267
TXN-00877,CUST-7444,4114,Net Banking,SUCCESS,,LOYAL,13,2,1,1,1,False,True,0.91,6.3,14,0,2026-06-15T16:42:30.408267
TXN-00878,CUST-9198,2898,Credit Card,SUCCESS,,NEW,27,7,0,7,1,True,True,0.49,1.7,51,0,2026-08-19T16:42:30.408267
TXN-00879,CUST-6909,8297,Credit Card,SUCCESS,,LOYAL,26,6,2,4,0,False,False,0.93,4.8,30,0,2026-08-05T16:42:30.408267
TXN-00880,CUST-9727,950,Credit Card,SUCCESS,,NEW,21,30,16,14,2,True,True,0.89,5.5,29,0,2026-06-14T16:42:30.408267
TXN-00881,CUST-7200,327,Debit Card,SUCCESS,,NEW,1,3,0,3,1,True,False,0.89,6.9,13,0,2026-07-07T16:42:30.408267
TXN-00882,CUST-2473,2259,UPI,SUCCESS,,LOYAL,23,6,2,4,3,True,True,0.42,4.8,19,0,2026-08-10T16:42:30.408267
TXN-00883,CUST-1164,12021,Net Banking,SUCCESS,,AT_RISK,5,13,12,1,1,True,True,0.24,3.1,8,0,2026-08-12T16:42:30.408267
TXN-00884,CUST-3714,723,Credit Card,SUCCESS,,NEW,10,13,7,6,1,True,False,0.63,2.7,7,0,2026-07-06T16:42:30.408267
TXN-00885,CUST-4354,465,UPI,SUCCESS,,REGULAR,4,16,4,12,3,True,False,0.94,3.2,7,0,2026-07-27T16:42:30.408267
TXN-00886,CUST-6350,5734,UPI,SUCCESS,,REGULAR,29,10,9,1,1,False,False,0.72,4.0,17,0,2026-07-21T16:42:30.408267
TXN-00887,CUST-7423,367,Net Banking,SUCCESS,,LOYAL,29,27,15,12,3,True,True,0.78,4.8,44,0,2026-06-24T16:42:30.408267
TXN-00888,CUST-5198,11084,Wallet,FAILED,CARD_EXPIRED,REGULAR,11,5,3,2,2,False,True,0.47,2.6,45,1,2026-08-18T16:42:30.408267
TXN-00889,CUST-2202,375,Net Banking,FAILED,PAYMENT_DECLINED,REGULAR,11,3,1,2,0,False,False,0.21,1.6,24,1,2026-06-23T16:42:30.408267
TXN-00890,CUST-9638,1116,Net Banking,SUCCESS,,AT_RISK,6,1,0,1,1,False,False,0.77,5.9,53,0,2026-08-05T16:42:30.408267
TXN-00891,CUST-5273,749,Net Banking,FAILED,BANK_ERROR,AT_RISK,19,10,3,7,3,True,True,0.35,1.6,50,0,2026-07-09T16:42:30.408267
TXN-00892,CUST-7974,13819,Credit Card,SUCCESS,,LOYAL,13,1,0,1,3,True,False,0.55,5.7,33,0,2026-07-30T16:42:30.408267
TXN-00893,CUST-3588,17527,Debit Card,SUCCESS,,NEW,30,15,7,8,0,False,False,0.23,4.5,20,0,2026-08-30T16:42:30.408267
TXN-00894,CUST-7301,307,UPI,FAILED,PAYMENT_DECLINED,REGULAR,35,11,3,8,0,False,True,0.56,4.9,49,3,2026-08-03T16:42:30.408267
TXN-00895,CUST-7330,9766,Wallet,SUCCESS,,LOYAL,29,17,1,16,0,False,False,0.45,3.4,37,0,2026-06-15T16:42:30.408267
TXN-00896,CUST-5987,225,UPI,SUCCESS,,REGULAR,30,8,7,1,0,False,False,0.61,3.8,50,0,2026-07-31T16:42:30.408267
TXN-00897,CUST-6409,1731,Debit Card,FAILED,CUSTOMER_ABANDONED,AT_RISK,3,5,5,0,3,False,True,0.29,0.2,52,2,2026-06-09T16:42:30.408267
TXN-00898,CUST-2627,15333,UPI,SUCCESS,,NEW,1,19,16,3,0,False,False,0.93,4.1,19,0,2026-07-28T16:42:30.408267
TXN-00899,CUST-6658,279,Debit Card,FAILED,CARD_EXPIRED,NEW,9,14,11,3,1,True,True,0.25,4.0,28,1,2026-07-26T16:42:30.408267
TXN-00900,CUST-8470,441,Debit Card,SUCCESS,,AT_RISK,11,29,7,22,3,True,True,0.41,5.5,21,0,2026-09-02T16:42:30.408267
TXN-00901,CUST-2491,492,UPI,SUCCESS,,AT_RISK,11,9,1,8,2,False,True,0.61,2.6,42,0,2026-07-27T16:42:30.408267
TXN-00902,CUST-8632,629,Debit Card,SUCCESS,,REGULAR,11,8,6,2,2,False,False,0.54,1.5,22,0,2026-08-05T16:42:30.408267
TXN-00903,CUST-3954,2030,Credit Card,SUCCESS,,AT_RISK,32,17,7,10,3,True,False,0.14,6.0,11,0,2026-08-12T16:42:30.408267
TXN-00904,CUST-2454,904,UPI,SUCCESS,,NEW,29,23,4,19,3,True,False,0.41,3.0,20,0,2026-07-16T16:42:30.408267
TXN-00905,CUST-1920,5952,Net Banking,FAILED,CUSTOMER_ABANDONED,LOYAL,27,14,1,13,3,False,True,0.29,3.6,7,3,2026-06-08T16:42:30.408267
TXN-00906,CUST-4580,11924,Debit Card,SUCCESS,,NEW,9,25,20,5,1,False,True,0.93,3.0,35,0,2026-06-18T16:42:30.408267
TXN-00907,CUST-2332,3864,Debit Card,SUCCESS,,AT_RISK,32,2,2,0,3,False,True,0.71,2.9,56,0,2026-06-27T16:42:30.408267
TXN-00908,CUST-9586,2743,Debit Card,SUCCESS,,NEW,34,13,7,6,0,False,False,0.84,7.0,60,0,2026-07-25T16:42:30.408267
TXN-00909,CUST-3192,1368,Debit Card,SUCCESS,,LOYAL,21,9,0,9,0,False,True,0.95,4.7,6,0,2026-06-28T16:42:30.408267
TXN-00910,CUST-9361,8312,Wallet,SUCCESS,,LOYAL,7,7,1,6,2,True,False,0.91,4.3,6,0,2026-07-19T16:42:30.408267
TXN-00911,CUST-3662,4507,Wallet,SUCCESS,,AT_RISK,29,8,3,5,1,True,True,0.25,6.4,21,0,2026-07-18T16:42:30.408267
TXN-00912,CUST-4026,745,Wallet,FAILED,BANK_ERROR,NEW,11,24,11,13,0,False,True,0.25,4.9,46,1,2026-08-28T16:42:30.408267
TXN-00913,CUST-5728,759,Net Banking,SUCCESS,,AT_RISK,32,16,13,3,2,True,True,0.86,3.0,36,0,2026-07-05T16:42:30.408267
TXN-00914,CUST-2191,234,Net Banking,SUCCESS,,REGULAR,1,28,8,20,2,False,True,0.42,2.5,26,0,2026-07-15T16:42:30.408267
TXN-00915,CUST-7740,513,Wallet,SUCCESS,,REGULAR,20,22,10,12,2,True,True,0.93,2.3,18,0,2026-07-03T16:42:30.408267
TXN-00916,CUST-1450,11331,Wallet,FAILED,PAYMENT_DECLINED,REGULAR,12,22,19,3,0,False,False,0.8,3.8,3,1,2026-07-26T16:42:30.408267
TXN-00917,CUST-4496,999,Debit Card,SUCCESS,,LOYAL,21,21,14,7,1,True,False,0.8,6.1,7,0,2026-08-17T16:42:30.408267
TXN-00918,CUST-4109,2299,Net Banking,SUCCESS,,NEW,27,1,0,1,3,True,True,0.58,4.9,41,0,2026-06-21T16:42:30.408267
TXN-00919,CUST-7916,19362,Debit Card,SUCCESS,,NEW,20,18,9,9,3,False,True,0.81,1.9,11,0,2026-08-24T16:42:30.408267
TXN-00920,CUST-8041,14589,Credit Card,SUCCESS,,NEW,17,26,1,25,0,False,False,0.67,1.0,4,0,2026-07-14T16:42:30.408267
TXN-00921,CUST-2395,5332,Debit Card,FAILED,CARD_EXPIRED,REGULAR,6,10,9,1,3,False,False,0.41,5.0,36,3,2026-09-03T16:42:30.408267
TXN-00922,CUST-6009,244,Net Banking,SUCCESS,,REGULAR,20,15,14,1,1,False,False,0.38,0.9,35,0,2026-08-08T16:42:30.408267
TXN-00923,CUST-9608,514,Credit Card,SUCCESS,,LOYAL,10,14,11,3,2,True,False,0.82,3.4,35,0,2026-07-15T16:42:30.408267
TXN-00924,CUST-7140,12954,UPI,SUCCESS,,LOYAL,13,6,5,1,0,False,False,0.28,2.2,43,0,2026-08-09T16:42:30.408267
TXN-00925,CUST-9139,1000,Debit Card,SUCCESS,,NEW,17,27,23,4,3,True,False,0.27,1.8,35,0,2026-06-08T16:42:30.408267
TXN-00926,CUST-6432,18531,Wallet,FAILED,CARD_EXPIRED,AT_RISK,6,16,1,15,1,False,True,0.26,5.2,37,3,2026-07-12T16:42:30.408267
TXN-00927,CUST-4988,6981,UPI,FAILED,NETWORK_TIMEOUT,AT_RISK,2,13,11,2,3,False,True,0.34,3.2,21,2,2026-08-18T16:42:30.408267
TXN-00928,CUST-6767,9813,Wallet,FAILED,PAYMENT_DECLINED,AT_RISK,13,29,26,3,3,False,False,0.31,0.1,55,0,2026-06-24T16:42:30.408267
TXN-00929,CUST-8670,810,Debit Card,FAILED,NETWORK_TIMEOUT,REGULAR,16,11,3,8,1,True,False,0.44,1.2,35,3,2026-07-21T16:42:30.408267
TXN-00930,CUST-2291,1577,Wallet,FAILED,INSUFFICIENT_FUNDS,LOYAL,36,19,0,19,3,True,False,0.87,2.5,46,2,2026-07-28T16:42:30.408267
TXN-00931,CUST-1603,3655,Credit Card,SUCCESS,,NEW,18,6,3,3,2,True,False,0.32,4.9,20,0,2026-06-28T16:42:30.408267
TXN-00932,CUST-2922,2583,Wallet,SUCCESS,,LOYAL,34,9,0,9,0,False,False,0.73,5.6,5,0,2026-07-22T16:42:30.408267
TXN-00933,CUST-5988,2183,Net Banking,SUCCESS,,AT_RISK,11,28,10,18,2,True,True,0.65,3.7,42,0,2026-08-02T16:42:30.408267
TXN-00934,CUST-9177,2934,Wallet,SUCCESS,,NEW,25,11,8,3,2,True,False,0.7,5.4,4,0,2026-08-21T16:42:30.408267
TXN-00935,CUST-1740,907,UPI,SUCCESS,,LOYAL,29,23,10,13,0,False,False,0.85,2.9,43,0,2026-07-07T16:42:30.408267
TXN-00936,CUST-8003,18196,Credit Card,FAILED,NETWORK_TIMEOUT,LOYAL,4,13,10,3,1,False,True,0.9,4.6,4,3,2026-08-10T16:42:30.408267
TXN-00937,CUST-2989,4634,Credit Card,SUCCESS,,AT_RISK,36,10,5,5,1,True,True,0.77,3.9,60,0,2026-07-25T16:42:30.408267
TXN-00938,CUST-4644,13026,Wallet,SUCCESS,,LOYAL,34,16,12,4,3,False,False,0.44,6.0,6,0,2026-06-08T16:42:30.408267
TXN-00939,CUST-8114,3387,Credit Card,FAILED,NETWORK_TIMEOUT,NEW,28,16,9,7,2,True,False,0.31,4.0,47,0,2026-08-20T16:42:30.408267
TXN-00940,CUST-5923,355,UPI,SUCCESS,,REGULAR,19,23,23,0,1,True,True,0.9,5.3,23,0,2026-08-03T16:42:30.408267
TXN-00941,CUST-6854,6933,Net Banking,SUCCESS,,REGULAR,9,20,10,10,2,False,False,0.67,3.3,32,0,2026-06-12T16:42:30.408267
TXN-00942,CUST-1586,17691,Credit Card,SUCCESS,,REGULAR,32,6,1,5,2,False,True,0.25,0.7,25,0,2026-06-18T16:42:30.408267
TXN-00943,CUST-9186,2861,Credit Card,SUCCESS,,LOYAL,18,9,8,1,1,True,False,0.56,4.0,15,0,2026-06-07T16:42:30.408267
TXN-00944,CUST-8144,725,UPI,SUCCESS,,LOYAL,34,26,18,8,3,False,True,0.36,1.8,4,0,2026-07-21T16:42:30.408267
TXN-00945,CUST-9918,904,Net Banking,SUCCESS,,AT_RISK,28,20,14,6,1,True,False,0.72,0.2,51,0,2026-07-04T16:42:30.408267
TXN-00946,CUST-1072,17170,UPI,FAILED,PAYMENT_DECLINED,LOYAL,17,8,2,6,2,False,False,0.74,3.6,11,1,2026-06-28T16:42:30.408267
TXN-00947,CUST-2048,10719,UPI,SUCCESS,,LOYAL,24,3,0,3,1,False,True,0.87,5.9,59,0,2026-07-17T16:42:30.408267
TXN-00948,CUST-7645,873,Credit Card,SUCCESS,,AT_RISK,32,30,12,18,0,False,True,0.69,0.6,14,0,2026-06-07T16:42:30.408267
TXN-00949,CUST-7484,471,Credit Card,SUCCESS,,NEW,13,30,29,1,1,True,True,0.48,4.6,9,0,2026-08-02T16:42:30.408267
TXN-00950,CUST-4833,10053,Credit Card,SUCCESS,,REGULAR,25,26,10,16,1,True,False,0.6,2.7,43,0,2026-06-26T16:42:30.408267
TXN-00951,CUST-8077,3517,Debit Card,SUCCESS,,LOYAL,14,29,15,14,1,True,True,0.34,1.7,7,0,2026-07-17T16:42:30.408267
TXN-00952,CUST-6460,457,Credit Card,SUCCESS,,NEW,5,22,12,10,0,False,True,0.55,6.4,44,0,2026-07-06T16:42:30.408267
TXN-00953,CUST-4200,751,Net Banking,SUCCESS,,AT_RISK,13,16,16,0,0,False,True,0.85,3.0,34,0,2026-07-31T16:42:30.408267
TXN-00954,CUST-7979,6523,Credit Card,FAILED,NETWORK_TIMEOUT,AT_RISK,20,17,11,6,2,True,True,0.39,4.2,43,2,2026-09-04T16:42:30.408267
TXN-00955,CUST-6577,1092,UPI,SUCCESS,,NEW,13,23,8,15,1,True,False,0.13,7.0,52,0,2026-08-04T16:42:30.408267
TXN-00956,CUST-4606,17094,Debit Card,SUCCESS,,LOYAL,10,28,28,0,1,True,True,0.88,0.2,18,0,2026-08-18T16:42:30.408267
TXN-00957,CUST-6798,17958,Debit Card,SUCCESS,,NEW,35,15,7,8,1,False,True,0.22,1.5,38,0,2026-08-15T16:42:30.408267
TXN-00958,CUST-7803,6758,Wallet,SUCCESS,,NEW,17,30,13,17,0,False,False,0.71,3.4,48,0,2026-08-18T16:42:30.408267
TXN-00959,CUST-9252,3638,Debit Card,SUCCESS,,NEW,16,12,9,3,2,False,False,0.92,1.3,30,0,2026-07-21T16:42:30.408267
TXN-00960,CUST-3574,15617,Wallet,SUCCESS,,AT_RISK,23,2,2,0,0,False,False,0.68,6.7,57,0,2026-07-15T16:42:30.408267
TXN-00961,CUST-1065,457,UPI,SUCCESS,,NEW,15,13,12,1,3,False,True,0.6,4.5,42,0,2026-08-27T16:42:30.408267
TXN-00962,CUST-1694,949,Net Banking,SUCCESS,,REGULAR,17,1,1,0,1,True,True,0.33,0.4,33,0,2026-07-17T16:42:30.408267
TXN-00963,CUST-5786,1284,Net Banking,SUCCESS,,AT_RISK,8,20,8,12,3,False,False,0.67,4.3,48,0,2026-07-30T16:42:30.408267
TXN-00964,CUST-1831,3914,Debit Card,SUCCESS,,REGULAR,12,28,5,23,2,False,True,0.2,0.3,14,0,2026-06-21T16:42:30.408267
TXN-00965,CUST-7930,962,Debit Card,SUCCESS,,REGULAR,22,10,1,9,1,True,False,0.82,5.9,17,0,2026-07-24T16:42:30.408267
TXN-00966,CUST-7064,843,UPI,SUCCESS,,REGULAR,21,26,14,12,1,False,True,0.45,5.6,48,0,2026-06-25T16:42:30.408267
TXN-00967,CUST-2008,6912,Wallet,FAILED,NETWORK_TIMEOUT,REGULAR,18,24,1,23,2,False,True,0.62,6.5,51,1,2026-09-02T16:42:30.408267
TXN-00968,CUST-1695,1679,Credit Card,SUCCESS,,AT_RISK,36,11,8,3,0,False,True,0.5,6.6,20,0,2026-07-15T16:42:30.408267
TXN-00969,CUST-2697,599,Credit Card,FAILED,INSUFFICIENT_FUNDS,REGULAR,1,23,7,16,1,False,True,0.51,2.3,20,1,2026-06-06T16:42:30.408267
TXN-00970,CUST-9400,3501,UPI,SUCCESS,,REGULAR,26,29,25,4,1,True,False,0.38,6.8,48,0,2026-06-16T16:42:30.408267
TXN-00971,CUST-8200,1979,Debit Card,SUCCESS,,REGULAR,22,2,0,2,0,False,False,0.44,2.3,15,0,2026-08-28T16:42:30.408267
TXN-00972,CUST-7772,19355,Credit Card,FAILED,INSUFFICIENT_FUNDS,REGULAR,14,20,20,0,3,False,True,0.62,0.6,48,0,2026-06-24T16:42:30.408267
TXN-00973,CUST-3145,877,Credit Card,SUCCESS,,REGULAR,33,9,5,4,1,False,False,0.31,0.9,48,0,2026-07-23T16:42:30.408267
TXN-00974,CUST-2734,10539,Debit Card,SUCCESS,,LOYAL,16,4,1,3,1,False,False,0.86,6.1,49,0,2026-08-21T16:42:30.408267
TXN-00975,CUST-1188,19604,Debit Card,SUCCESS,,LOYAL,36,8,0,8,0,False,False,0.48,2.2,37,0,2026-07-23T16:42:30.408267
TXN-00976,CUST-8073,2114,Debit Card,SUCCESS,,LOYAL,31,21,9,12,0,False,False,0.49,5.5,32,0,2026-07-25T16:42:30.408267
TXN-00977,CUST-2683,305,Wallet,FAILED,CUSTOMER_ABANDONED,NEW,26,9,3,6,2,True,False,0.15,3.2,9,2,2026-06-12T16:42:30.408267
TXN-00978,CUST-5660,533,Debit Card,FAILED,INSUFFICIENT_FUNDS,AT_RISK,18,15,14,1,2,False,False,0.64,2.9,27,2,2026-08-02T16:42:30.408267
TXN-00979,CUST-2630,860,Credit Card,SUCCESS,,AT_RISK,6,13,11,2,1,False,False,0.21,5.1,6,0,2026-07-24T16:42:30.408267
TXN-00980,CUST-3325,19713,Debit Card,SUCCESS,,AT_RISK,22,15,11,4,3,False,True,0.93,5.1,42,0,2026-06-07T16:42:30.408267
TXN-00981,CUST-8880,214,Debit Card,SUCCESS,,NEW,14,17,9,8,2,True,False,0.38,5.4,2,0,2026-07-08T16:42:30.408267
TXN-00982,CUST-3867,16184,UPI,FAILED,CARD_EXPIRED,LOYAL,22,9,8,1,0,False,False,0.78,6.6,53,2,2026-07-09T16:42:30.408267
TXN-00983,CUST-9936,2605,Wallet,SUCCESS,,NEW,3,22,5,17,0,False,False,0.77,5.0,56,0,2026-08-30T16:42:30.408267
TXN-00984,CUST-7424,479,UPI,FAILED,NETWORK_TIMEOUT,AT_RISK,7,27,4,23,0,False,False,0.78,5.5,24,1,2026-06-12T16:42:30.408267
TXN-00985,CUST-5331,280,Wallet,FAILED,INSUFFICIENT_FUNDS,REGULAR,2,4,4,0,3,True,True,0.15,0.6,19,0,2026-06-17T16:42:30.408267
TXN-00986,CUST-1781,2852,Wallet,SUCCESS,,NEW,26,21,17,4,1,True,False,0.34,5.4,55,0,2026-06-16T16:42:30.408267
TXN-00987,CUST-3628,359,Debit Card,SUCCESS,,NEW,14,17,2,15,2,True,True,0.25,4.8,37,0,2026-08-12T16:42:30.408267
TXN-00988,CUST-7483,1291,Debit Card,SUCCESS,,LOYAL,22,8,6,2,0,False,False,0.57,5.9,44,0,2026-07-17T16:42:30.408267
TXN-00989,CUST-8848,609,Net Banking,SUCCESS,,NEW,24,12,9,3,1,True,False,0.21,0.6,27,0,2026-08-31T16:42:30.408267
TXN-00990,CUST-2631,1830,Debit Card,FAILED,BANK_ERROR,AT_RISK,7,25,17,8,2,True,True,0.15,6.8,9,1,2026-06-13T16:42:30.408267
TXN-00991,CUST-2970,16827,Net Banking,SUCCESS,,LOYAL,29,19,12,7,3,True,True,0.5,5.6,53,0,2026-07-06T16:42:30.408267
TXN-00992,CUST-4837,1229,Debit Card,FAILED,PAYMENT_DECLINED,LOYAL,34,19,10,9,1,True,True,0.78,4.0,23,0,2026-07-06T16:42:30.408267
TXN-00993,CUST-4974,1879,Wallet,SUCCESS,,NEW,24,21,5,16,1,True,False,0.7,6.9,32,0,2026-07-09T16:42:30.408267
TXN-00994,CUST-7690,2543,Net Banking,FAILED,PAYMENT_DECLINED,AT_RISK,22,10,5,5,3,False,False,0.24,2.7,32,3,2026-06-20T16:42:30.408267
TXN-00995,CUST-5587,4958,Credit Card,SUCCESS,,AT_RISK,13,25,14,11,1,True,True,0.34,1.5,3,0,2026-07-14T16:42:30.408267
TXN-00996,CUST-5876,2099,UPI,SUCCESS,,AT_RISK,22,25,9,16,3,True,True,0.24,2.4,49,0,2026-09-04T16:42:30.408267
TXN-00997,CUST-3601,3853,Credit Card,SUCCESS,,AT_RISK,36,10,5,5,2,True,True,0.91,6.5,18,0,2026-07-22T16:42:30.408267
TXN-00998,CUST-3543,4223,Wallet,SUCCESS,,NEW,28,2,0,2,3,True,False,0.52,4.5,46,0,2026-06-22T16:42:30.408267
TXN-00999,CUST-9699,2400,Net Banking,SUCCESS,,REGULAR,4,17,15,2,1,False,False,0.36,0.8,55,0,2026-07-12T16:42:30.408267
TXN-01000,CUST-8476,12590,Net Banking,FAILED,CARD_EXPIRED,AT_RISK,13,6,5,1,1,True,False,0.55,3.6,28,1,2026-06-09T16:42:30.408267
TXN-01001,CUST-8382,514,UPI,SUCCESS,,REGULAR,11,5,5,0,2,False,True,0.76,5.8,41,0,2026-08-06T16:42:30.408267
TXN-01002,CUST-9762,3700,Wallet,FAILED,NETWORK_TIMEOUT,LOYAL,27,14,6,8,0,False,True,0.83,2.1,37,1,2026-06-09T16:42:30.408267
TXN-01003,CUST-6648,1255,UPI,FAILED,INSUFFICIENT_FUNDS,LOYAL,36,12,1,11,2,True,True,0.55,4.2,39,0,2026-07-13T16:42:30.408267
TXN-01004,CUST-4215,3893,Wallet,FAILED,BANK_ERROR,REGULAR,5,7,4,3,3,False,False,0.47,2.2,21,3,2026-07-25T16:42:30.408267
TXN-01005,CUST-7437,2092,Wallet,FAILED,CUSTOMER_ABANDONED,NEW,25,7,6,1,3,True,True,0.89,1.3,48,0,2026-07-23T16:42:30.408267
TXN-01006,CUST-4336,16246,Wallet,SUCCESS,,REGULAR,30,17,6,11,0,False,True,0.38,1.9,34,0,2026-08-01T16:42:30.408267
TXN-01007,CUST-3930,15649,UPI,SUCCESS,,LOYAL,26,25,11,14,3,False,False,0.26,2.2,59,0,2026-08-23T16:42:30.408267
TXN-01008,CUST-5075,10658,Credit Card,SUCCESS,,AT_RISK,28,29,28,1,2,True,False,0.14,4.6,48,0,2026-07-23T16:42:30.408267
TXN-01009,CUST-2631,19262,Wallet,SUCCESS,,REGULAR,1,19,4,15,1,True,True,0.26,0.2,47,0,2026-06-21T16:42:30.408267
TXN-01010,CUST-2467,13344,Debit Card,FAILED,NETWORK_TIMEOUT,LOYAL,23,14,7,7,3,True,False,0.71,4.6,27,1,2026-06-11T16:42:30.408267
TXN-01011,CUST-3129,3851,Wallet,SUCCESS,,NEW,14,25,13,12,0,False,False,0.39,0.6,48,0,2026-06-11T16:42:30.408267
TXN-01012,CUST-9981,11100,Wallet,FAILED,CUSTOMER_ABANDONED,AT_RISK,10,4,3,1,3,True,False,0.72,0.0,22,0,2026-08-26T16:42:30.408267
TXN-01013,CUST-8067,5154,Credit Card,SUCCESS,,LOYAL,7,22,3,19,1,True,False,0.32,1.8,26,0,2026-08-24T16:42:30.408267
TXN-01014,CUST-7929,15892,Debit Card,SUCCESS,,REGULAR,1,3,1,2,2,True,False,0.24,6.6,6,0,2026-06-07T16:42:30.408267
TXN-01015,CUST-5540,3349,Net Banking,FAILED,CARD_EXPIRED,REGULAR,5,6,2,4,3,True,True,0.7,2.2,22,0,2026-08-19T16:42:30.408267
TXN-01016,CUST-5759,17423,UPI,SUCCESS,,AT_RISK,7,27,8,19,3,True,True,0.5,4.0,29,0,2026-08-07T16:42:30.408267
TXN-01017,CUST-3428,842,Wallet,SUCCESS,,REGULAR,24,20,6,14,2,False,True,0.89,2.8,6,0,2026-08-08T16:42:30.408267
TXN-01018,CUST-4250,16214,UPI,SUCCESS,,AT_RISK,18,26,18,8,0,False,False,0.65,5.5,55,0,2026-08-18T16:42:30.408267
TXN-01019,CUST-8289,8143,Debit Card,SUCCESS,,LOYAL,5,28,17,11,0,False,True,0.14,4.0,42,0,2026-06-26T16:42:30.408267
TXN-01020,CUST-9869,11467,Debit Card,SUCCESS,,LOYAL,17,4,4,0,0,False,True,0.1,3.4,21,0,2026-08-06T16:42:30.408267
TXN-01021,CUST-7939,487,Net Banking,SUCCESS,,NEW,35,6,6,0,3,True,False,0.11,1.4,49,0,2026-08-24T16:42:30.408267
TXN-01022,CUST-3004,4963,Debit Card,FAILED,NETWORK_TIMEOUT,AT_RISK,17,21,19,2,2,False,True,0.36,4.9,15,3,2026-08-07T16:42:30.408267
TXN-01023,CUST-8176,705,Net Banking,SUCCESS,,REGULAR,15,15,1,14,3,False,True,0.48,4.7,25,0,2026-06-10T16:42:30.408267
TXN-01024,CUST-8295,8065,Wallet,FAILED,PAYMENT_DECLINED,REGULAR,4,9,5,4,2,True,False,0.4,5.2,30,2,2026-08-03T16:42:30.408267
TXN-01025,CUST-3970,301,Debit Card,SUCCESS,,LOYAL,14,14,13,1,3,False,False,0.83,4.8,56,0,2026-06-09T16:42:30.408267
TXN-01026,CUST-3246,11640,Credit Card,FAILED,BANK_ERROR,REGULAR,11,26,8,18,2,False,True,0.87,1.3,39,1,2026-07-03T16:42:30.408267
TXN-01027,CUST-6988,15990,UPI,SUCCESS,,LOYAL,23,11,3,8,2,True,False,0.72,5.4,34,0,2026-07-31T16:42:30.408267
TXN-01028,CUST-4907,3645,Net Banking,SUCCESS,,REGULAR,4,22,2,20,1,True,True,0.62,2.2,47,0,2026-08-09T16:42:30.408267
TXN-01029,CUST-7206,18844,Wallet,SUCCESS,,LOYAL,18,11,2,9,3,False,False,0.63,4.8,31,0,2026-08-17T16:42:30.408267
TXN-01030,CUST-6190,246,Net Banking,SUCCESS,,LOYAL,5,27,20,7,1,True,False,0.61,5.9,1,0,2026-08-11T16:42:30.408267
TXN-01031,CUST-8054,16268,Net Banking,SUCCESS,,REGULAR,6,22,22,0,2,False,True,0.58,4.3,6,0,2026-06-14T16:42:30.408267
TXN-01032,CUST-6170,439,Wallet,SUCCESS,,NEW,27,8,3,5,0,False,False,0.83,3.7,51,0,2026-06-16T16:42:30.408267
TXN-01033,CUST-5581,509,Debit Card,FAILED,CUSTOMER_ABANDONED,NEW,14,3,2,1,2,True,False,0.9,2.7,58,2,2026-06-26T16:42:30.408267
TXN-01034,CUST-2580,407,Net Banking,FAILED,NETWORK_TIMEOUT,AT_RISK,19,14,6,8,1,True,False,0.31,2.6,13,2,2026-07-01T16:42:30.408267
TXN-01035,CUST-1936,394,Net Banking,FAILED,PAYMENT_DECLINED,LOYAL,13,22,20,2,3,True,False,0.14,4.9,38,0,2026-08-25T16:42:30.408267
TXN-01036,CUST-6743,7337,Net Banking,SUCCESS,,REGULAR,32,25,16,9,1,True,False,0.59,6.3,30,0,2026-06-28T16:42:30.408267
TXN-01037,CUST-2409,1278,Credit Card,SUCCESS,,AT_RISK,9,19,10,9,2,False,True,0.17,3.7,3,0,2026-07-02T16:42:30.408267
TXN-01038,CUST-4877,7402,Debit Card,SUCCESS,,NEW,11,24,0,24,1,True,False,0.77,3.1,31,0,2026-09-03T16:42:30.408267
TXN-01039,CUST-1723,4757,Wallet,SUCCESS,,REGULAR,20,1,1,0,0,False,True,0.23,3.3,19,0,2026-07-05T16:42:30.408267
TXN-01040,CUST-5171,6857,Net Banking,SUCCESS,,REGULAR,23,17,17,0,2,False,True,0.8,6.9,37,0,2026-06-11T16:42:30.408267
TXN-01041,CUST-7706,910,Wallet,SUCCESS,,NEW,15,10,1,9,3,True,True,0.36,1.1,10,0,2026-07-03T16:42:30.408267
TXN-01042,CUST-7329,381,Wallet,SUCCESS,,NEW,5,4,4,0,0,False,True,0.75,6.2,36,0,2026-07-26T16:42:30.408267
TXN-01043,CUST-8258,15428,Debit Card,FAILED,CUSTOMER_ABANDONED,NEW,23,21,13,8,0,False,False,0.32,3.3,14,3,2026-06-10T16:42:30.408267
TXN-01044,CUST-3342,699,Debit Card,SUCCESS,,AT_RISK,20,8,3,5,0,False,False,0.66,2.1,26,0,2026-06-06T16:42:30.408267
TXN-01045,CUST-1127,2444,Debit Card,FAILED,CARD_EXPIRED,AT_RISK,35,28,10,18,3,True,True,0.39,0.1,32,3,2026-06-11T16:42:30.408267
TXN-01046,CUST-1454,18985,Credit Card,FAILED,NETWORK_TIMEOUT,NEW,21,28,22,6,2,True,True,0.34,6.6,22,2,2026-07-12T16:42:30.408267
TXN-01047,CUST-6975,16152,Credit Card,SUCCESS,,REGULAR,34,25,17,8,3,True,True,0.83,1.4,8,0,2026-07-21T16:42:30.408267
TXN-01048,CUST-5941,8553,Debit Card,FAILED,INSUFFICIENT_FUNDS,NEW,31,9,6,3,1,False,True,0.56,6.9,46,2,2026-07-18T16:42:30.408267
TXN-01049,CUST-9886,12625,UPI,SUCCESS,,NEW,1,30,3,27,1,True,False,0.27,1.0,1,0,2026-08-12T16:42:30.408267
TXN-01050,CUST-4619,868,Net Banking,FAILED,INSUFFICIENT_FUNDS,LOYAL,19,6,5,1,3,True,False,0.53,5.6,5,3,2026-06-11T16:42:30.408267
TXN-01051,CUST-1553,519,Wallet,SUCCESS,,LOYAL,22,2,0,2,3,True,True,0.41,6.0,50,0,2026-06-11T16:42:30.408267
TXN-01052,CUST-1187,6725,Debit Card,SUCCESS,,LOYAL,11,5,5,0,3,True,True,0.12,6.2,38,0,2026-06-28T16:42:30.408267
TXN-01053,CUST-5439,3884,Net Banking,SUCCESS,,REGULAR,11,3,3,0,2,False,False,0.38,0.4,34,0,2026-09-03T16:42:30.408267
TXN-01054,CUST-5110,604,UPI,SUCCESS,,REGULAR,25,6,3,3,1,False,False,0.38,2.1,16,0,2026-06-08T16:42:30.408267
TXN-01055,CUST-4833,1834,Wallet,SUCCESS,,AT_RISK,36,4,0,4,0,False,True,0.18,4.5,37,0,2026-06-21T16:42:30.408267
TXN-01056,CUST-3312,972,Net Banking,FAILED,INSUFFICIENT_FUNDS,NEW,25,10,7,3,3,True,True,0.59,3.1,5,2,2026-07-09T16:42:30.408267
TXN-01057,CUST-2376,1265,Wallet,FAILED,INSUFFICIENT_FUNDS,LOYAL,13,6,1,5,3,False,False,0.2,5.9,52,3,2026-07-15T16:42:30.408267
TXN-01058,CUST-8218,896,Net Banking,SUCCESS,,REGULAR,18,27,1,26,3,False,False,0.37,1.8,11,0,2026-07-14T16:42:30.408267
TXN-01059,CUST-7547,3459,Debit Card,SUCCESS,,LOYAL,16,4,1,3,0,False,True,0.14,3.1,31,0,2026-07-11T16:42:30.408267
TXN-01060,CUST-4818,15473,Net Banking,SUCCESS,,REGULAR,30,9,3,6,2,False,True,0.88,3.5,10,0,2026-06-17T16:42:30.408267
TXN-01061,CUST-1553,2072,Wallet,SUCCESS,,REGULAR,36,6,6,0,2,True,False,0.11,1.7,34,0,2026-08-26T16:42:30.408267
TXN-01062,CUST-5482,277,Wallet,SUCCESS,,AT_RISK,12,26,19,7,2,True,True,0.42,5.8,48,0,2026-08-06T16:42:30.408267
TXN-01063,CUST-4846,18254,Credit Card,SUCCESS,,REGULAR,34,26,24,2,0,False,False,0.37,3.2,30,0,2026-06-27T16:42:30.408267
TXN-01064,CUST-9950,315,Net Banking,SUCCESS,,NEW,27,22,13,9,3,True,False,0.66,3.2,51,0,2026-07-20T16:42:30.408267
TXN-01065,CUST-2262,18936,UPI,SUCCESS,,LOYAL,8,14,2,12,0,False,True,0.82,5.8,39,0,2026-08-09T16:42:30.408267
TXN-01066,CUST-9221,6814,Wallet,SUCCESS,,REGULAR,30,30,28,2,2,False,False,0.27,0.1,29,0,2026-06-14T16:42:30.408267
TXN-01067,CUST-3266,994,UPI,SUCCESS,,NEW,29,17,13,4,0,False,False,0.45,6.7,28,0,2026-08-02T16:42:30.408267
TXN-01068,CUST-8979,6220,Wallet,SUCCESS,,NEW,17,28,21,7,0,False,True,0.45,1.7,31,0,2026-06-19T16:42:30.408267
TXN-01069,CUST-9828,4133,Wallet,FAILED,NETWORK_TIMEOUT,NEW,15,19,6,13,0,False,False,0.8,1.8,21,0,2026-07-30T16:42:30.408267
TXN-01070,CUST-4934,959,Net Banking,SUCCESS,,NEW,2,1,0,1,3,True,False,0.11,4.5,1,0,2026-07-24T16:42:30.408267
TXN-01071,CUST-1894,4986,Net Banking,SUCCESS,,NEW,1,16,13,3,1,False,False,0.86,6.0,31,0,2026-06-24T16:42:30.408267
TXN-01072,CUST-7216,4012,UPI,FAILED,PAYMENT_DECLINED,NEW,36,5,1,4,0,False,True,0.86,6.8,28,3,2026-06-14T16:42:30.408267
TXN-01073,CUST-6266,19516,Wallet,SUCCESS,,NEW,2,2,2,0,1,True,True,0.29,2.1,43,0,2026-07-26T16:42:30.408267
TXN-01074,CUST-9642,218,Credit Card,SUCCESS,,LOYAL,17,8,0,8,1,True,True,0.48,0.2,20,0,2026-08-21T16:42:30.408267
TXN-01075,CUST-7825,19889,Credit Card,SUCCESS,,NEW,24,1,0,1,2,True,False,0.39,5.7,51,0,2026-07-09T16:42:30.408267
TXN-01076,CUST-7200,2478,UPI,FAILED,CARD_EXPIRED,LOYAL,20,5,5,0,0,False,False,0.82,2.4,38,0,2026-08-23T16:42:30.408267
TXN-01077,CUST-9125,534,Wallet,SUCCESS,,REGULAR,5,7,4,3,0,False,True,0.37,1.4,3,0,2026-07-29T16:42:30.408267
TXN-01078,CUST-3707,2766,Net Banking,SUCCESS,,AT_RISK,10,27,0,27,0,False,True,0.92,0.1,30,0,2026-08-28T16:42:30.408267
TXN-01079,CUST-8314,659,Credit Card,FAILED,CARD_EXPIRED,REGULAR,12,10,9,1,0,False,False,0.61,5.2,26,2,2026-08-21T16:42:30.408267
TXN-01080,CUST-5419,3960,Wallet,SUCCESS,,AT_RISK,34,1,1,0,2,True,True,0.33,2.1,39,0,2026-07-13T16:42:30.408267
TXN-01081,CUST-1839,13032,UPI,SUCCESS,,AT_RISK,32,26,7,19,3,True,True,0.4,6.2,46,0,2026-07-17T16:42:30.408267
TXN-01082,CUST-4034,799,Wallet,SUCCESS,,LOYAL,24,15,2,13,0,False,False,0.38,6.4,41,0,2026-09-03T16:42:30.408267
TXN-01083,CUST-6516,2383,Debit Card,SUCCESS,,NEW,33,28,28,0,3,True,True,0.49,0.2,23,0,2026-08-12T16:42:30.408267
TXN-01084,CUST-8990,12658,UPI,FAILED,INSUFFICIENT_FUNDS,REGULAR,20,5,1,4,1,True,True,0.38,6.1,46,0,2026-06-21T16:42:30.408267
TXN-01085,CUST-7171,1107,Debit Card,SUCCESS,,LOYAL,33,23,21,2,2,True,True,0.58,1.4,55,0,2026-08-23T16:42:30.408267
TXN-01086,CUST-6802,245,Debit Card,SUCCESS,,REGULAR,11,29,23,6,2,False,False,0.65,3.7,59,0,2026-07-28T16:42:30.408267
TXN-01087,CUST-9645,661,Credit Card,SUCCESS,,REGULAR,10,3,1,2,3,True,True,0.52,5.7,52,0,2026-07-20T16:42:30.408267
TXN-01088,CUST-7611,955,Debit Card,SUCCESS,,LOYAL,10,19,18,1,1,False,False,0.18,1.2,39,0,2026-07-16T16:42:30.408267
TXN-01089,CUST-4986,4548,Credit Card,SUCCESS,,LOYAL,17,22,0,22,0,False,True,0.42,4.7,7,0,2026-08-01T16:42:30.408267
TXN-01090,CUST-6036,14224,Wallet,SUCCESS,,NEW,18,7,3,4,1,True,False,0.12,6.9,30,0,2026-08-30T16:42:30.408267
TXN-01091,CUST-8923,13724,Credit Card,SUCCESS,,AT_RISK,31,4,4,0,3,True,True,0.58,0.1,43,0,2026-08-31T16:42:30.408267
TXN-01092,CUST-5552,4680,Credit Card,SUCCESS,,LOYAL,31,24,13,11,0,False,True,0.55,5.7,41,0,2026-06-30T16:42:30.408267
TXN-01093,CUST-9194,13955,UPI,SUCCESS,,LOYAL,13,5,5,0,0,False,True,0.88,3.8,1,0,2026-08-07T16:42:30.408267
TXN-01094,CUST-3522,797,Net Banking,SUCCESS,,AT_RISK,30,18,6,12,1,True,False,0.66,6.9,37,0,2026-06-14T16:42:30.408267
TXN-01095,CUST-7670,921,Credit Card,SUCCESS,,AT_RISK,1,16,1,15,3,True,True,0.78,0.9,58,0,2026-08-26T16:42:30.408267
TXN-01096,CUST-4119,11570,Net Banking,SUCCESS,,LOYAL,16,18,8,10,2,False,True,0.92,2.8,43,0,2026-08-04T16:42:30.408267
TXN-01097,CUST-1328,18754,Debit Card,SUCCESS,,REGULAR,20,22,8,14,0,False,False,0.46,3.0,54,0,2026-06-23T16:42:30.408267
TXN-01098,CUST-2850,3585,UPI,SUCCESS,,REGULAR,32,16,5,11,2,False,False,0.71,0.9,9,0,2026-08-24T16:42:30.408267
TXN-01099,CUST-7979,3589,Debit Card,FAILED,PAYMENT_DECLINED,NEW,21,22,21,1,1,True,False,0.78,2.4,57,2,2026-06-10T16:42:30.408267
TXN-01100,CUST-4483,16561,Credit Card,FAILED,INSUFFICIENT_FUNDS,AT_RISK,36,14,12,2,1,False,True,0.34,4.8,20,2,2026-07-06T16:42:30.408267
TXN-01101,CUST-5945,3513,UPI,FAILED,NETWORK_TIMEOUT,REGULAR,2,7,3,4,2,True,False,0.13,3.4,9,2,2026-07-29T16:42:30.408267
TXN-01102,CUST-3912,9062,Credit Card,SUCCESS,,NEW,9,1,1,0,2,False,False,0.64,5.7,10,0,2026-08-01T16:42:30.408267
TXN-01103,CUST-6805,10981,Debit Card,SUCCESS,,AT_RISK,36,10,2,8,3,True,False,0.19,0.4,4,0,2026-07-04T16:42:30.408267
TXN-01104,CUST-2956,11282,Wallet,SUCCESS,,NEW,2,5,0,5,2,True,True,0.91,6.9,43,0,2026-08-01T16:42:30.408267
TXN-01105,CUST-5639,3346,UPI,FAILED,NETWORK_TIMEOUT,LOYAL,26,22,11,11,0,False,False,0.44,0.0,11,0,2026-06-20T16:42:30.408267
TXN-01106,CUST-3100,14930,Debit Card,SUCCESS,,LOYAL,23,18,15,3,2,True,False,0.3,0.9,4,0,2026-08-18T16:42:30.408267
TXN-01107,CUST-6517,3587,Wallet,FAILED,NETWORK_TIMEOUT,AT_RISK,31,10,1,9,0,False,False,0.44,0.5,20,0,2026-06-11T16:42:30.408267
TXN-01108,CUST-9817,2667,Wallet,SUCCESS,,REGULAR,10,13,1,12,3,True,True,0.61,0.5,11,0,2026-08-02T16:42:30.408267
TXN-01109,CUST-2708,19057,Net Banking,SUCCESS,,LOYAL,17,4,2,2,3,False,False,0.67,3.5,53,0,2026-06-06T16:42:30.408267
TXN-01110,CUST-5617,3733,UPI,SUCCESS,,LOYAL,11,2,1,1,0,False,True,0.74,4.0,25,0,2026-08-24T16:42:30.408267
TXN-01111,CUST-1109,1185,UPI,FAILED,INSUFFICIENT_FUNDS,LOYAL,36,24,10,14,1,True,True,0.11,6.5,40,0,2026-08-26T16:42:30.408267
TXN-01112,CUST-2261,1025,UPI,SUCCESS,,REGULAR,11,20,0,20,3,True,False,0.64,4.2,24,0,2026-06-22T16:42:30.408267
TXN-01113,CUST-5284,11897,Debit Card,SUCCESS,,NEW,19,1,0,1,3,False,True,0.12,6.0,13,0,2026-06-26T16:42:30.408267
TXN-01114,CUST-1057,795,Net Banking,SUCCESS,,LOYAL,7,21,12,9,2,False,False,0.46,2.2,36,0,2026-09-04T16:42:30.408267
TXN-01115,CUST-3318,894,Debit Card,SUCCESS,,REGULAR,23,21,13,8,0,False,True,0.14,2.0,9,0,2026-06-18T16:42:30.408267
TXN-01116,CUST-2988,8625,Wallet,SUCCESS,,REGULAR,35,8,1,7,2,True,False,0.45,5.2,14,0,2026-06-11T16:42:30.408267
TXN-01117,CUST-2945,707,UPI,SUCCESS,,AT_RISK,19,1,1,0,0,False,True,0.94,6.5,45,0,2026-06-28T16:42:30.408267
TXN-01118,CUST-5918,14170,Net Banking,SUCCESS,,AT_RISK,13,11,3,8,2,False,False,0.85,3.4,26,0,2026-08-01T16:42:30.408267
TXN-01119,CUST-6694,390,Wallet,FAILED,NETWORK_TIMEOUT,NEW,34,28,14,14,3,True,True,0.35,4.4,22,1,2026-08-11T16:42:30.408267
TXN-01120,CUST-3547,832,Net Banking,FAILED,BANK_ERROR,REGULAR,29,17,11,6,0,False,True,0.31,4.4,56,3,2026-08-17T16:42:30.408267
TXN-01121,CUST-6965,2463,UPI,SUCCESS,,LOYAL,9,12,10,2,2,True,False,0.86,0.7,20,0,2026-08-27T16:42:30.408267
TXN-01122,CUST-5510,4335,Credit Card,SUCCESS,,NEW,22,15,11,4,2,False,True,0.29,2.1,38,0,2026-06-21T16:42:30.408267
TXN-01123,CUST-3604,11978,Credit Card,SUCCESS,,AT_RISK,20,16,10,6,1,False,False,0.73,2.0,1,0,2026-08-15T16:42:30.408267
TXN-01124,CUST-8701,228,Debit Card,SUCCESS,,LOYAL,3,5,2,3,3,False,True,0.59,6.9,59,0,2026-06-17T16:42:30.408267
TXN-01125,CUST-7880,321,Credit Card,SUCCESS,,AT_RISK,1,29,13,16,0,False,False,0.59,4.2,54,0,2026-08-18T16:42:30.408267
TXN-01126,CUST-5557,12295,Net Banking,SUCCESS,,NEW,10,3,1,2,2,True,True,0.66,0.1,18,0,2026-07-05T16:42:30.408267
TXN-01127,CUST-4918,316,Debit Card,SUCCESS,,AT_RISK,30,10,1,9,3,True,True,0.76,3.7,51,0,2026-08-11T16:42:30.408267
TXN-01128,CUST-1616,12660,UPI,SUCCESS,,NEW,14,23,15,8,3,True,False,0.43,5.9,10,0,2026-08-25T16:42:30.408267
TXN-01129,CUST-5463,835,Credit Card,SUCCESS,,REGULAR,22,1,0,1,1,True,False,0.34,2.7,38,0,2026-06-25T16:42:30.408267
TXN-01130,CUST-3861,767,Wallet,FAILED,NETWORK_TIMEOUT,NEW,10,23,2,21,2,True,True,0.17,5.0,39,0,2026-07-30T16:42:30.408267
TXN-01131,CUST-2106,15443,Debit Card,SUCCESS,,NEW,13,4,1,3,2,False,False,0.1,0.9,30,0,2026-06-11T16:42:30.408267
TXN-01132,CUST-3354,312,Credit Card,FAILED,CUSTOMER_ABANDONED,AT_RISK,24,28,2,26,3,True,True,0.35,5.0,3,2,2026-07-02T16:42:30.408267
TXN-01133,CUST-6419,776,Debit Card,SUCCESS,,LOYAL,34,27,25,2,0,False,False,0.64,6.4,23,0,2026-06-13T16:42:30.408267
TXN-01134,CUST-5437,4403,Debit Card,SUCCESS,,AT_RISK,7,13,4,9,3,True,False,0.26,3.2,26,0,2026-06-08T16:42:30.408267
TXN-01135,CUST-1745,2406,Debit Card,SUCCESS,,LOYAL,2,30,28,2,0,False,False,0.84,5.5,33,0,2026-08-09T16:42:30.408267
TXN-01136,CUST-5059,8489,Net Banking,SUCCESS,,REGULAR,24,25,12,13,1,True,False,0.86,0.5,28,0,2026-06-06T16:42:30.408267
TXN-01137,CUST-9316,3170,UPI,SUCCESS,,AT_RISK,3,4,1,3,0,False,True,0.11,6.1,25,0,2026-08-20T16:42:30.408267
TXN-01138,CUST-6216,3181,Net Banking,SUCCESS,,REGULAR,14,6,2,4,0,False,False,0.83,0.1,18,0,2026-06-27T16:42:30.408267
TXN-01139,CUST-3195,14463,Net Banking,FAILED,CUSTOMER_ABANDONED,LOYAL,3,2,0,2,0,False,False,0.62,6.3,26,2,2026-08-10T16:42:30.408267
TXN-01140,CUST-8420,3238,Credit Card,FAILED,CUSTOMER_ABANDONED,LOYAL,1,16,10,6,2,True,True,0.61,2.6,39,3,2026-08-20T16:42:30.408267
TXN-01141,CUST-7025,2126,Net Banking,SUCCESS,,LOYAL,26,8,0,8,2,True,True,0.21,5.7,33,0,2026-08-26T16:42:30.408267
TXN-01142,CUST-4205,10778,Debit Card,SUCCESS,,LOYAL,22,4,1,3,3,True,False,0.55,4.1,51,0,2026-07-13T16:42:30.408267
TXN-01143,CUST-9319,926,Net Banking,SUCCESS,,AT_RISK,16,10,7,3,0,False,True,0.59,6.3,26,0,2026-06-08T16:42:30.408267
TXN-01144,CUST-5070,1927,UPI,SUCCESS,,LOYAL,15,18,5,13,3,True,True,0.44,6.7,47,0,2026-06-19T16:42:30.408267
TXN-01145,CUST-4054,2583,UPI,SUCCESS,,AT_RISK,21,26,4,22,2,True,False,0.47,4.6,29,0,2026-06-06T16:42:30.408267
TXN-01146,CUST-1157,605,UPI,SUCCESS,,LOYAL,2,3,2,1,3,True,False,0.24,3.0,28,0,2026-08-18T16:42:30.408267
TXN-01147,CUST-4899,417,Credit Card,SUCCESS,,REGULAR,5,16,0,16,1,True,False,0.74,4.7,24,0,2026-07-01T16:42:30.408267
TXN-01148,CUST-7078,3618,Wallet,FAILED,CUSTOMER_ABANDONED,REGULAR,15,19,19,0,1,False,True,0.44,3.1,26,1,2026-08-12T16:42:30.408267
TXN-01149,CUST-2722,4503,UPI,SUCCESS,,AT_RISK,25,20,18,2,3,True,True,0.49,0.7,39,0,2026-06-14T16:42:30.408267
TXN-01150,CUST-4851,12294,Wallet,SUCCESS,,NEW,1,9,2,7,1,False,False,0.51,1.3,11,0,2026-06-18T16:42:30.408267
TXN-01151,CUST-1097,14993,Credit Card,SUCCESS,,AT_RISK,6,18,18,0,3,True,True,0.7,4.7,5,0,2026-06-22T16:42:30.408267
TXN-01152,CUST-7508,316,Credit Card,SUCCESS,,AT_RISK,5,24,9,15,2,True,True,0.73,3.2,35,0,2026-08-03T16:42:30.408267
TXN-01153,CUST-6381,4196,UPI,SUCCESS,,NEW,10,24,7,17,0,False,False,0.92,6.5,3,0,2026-06-28T16:42:30.408267
TXN-01154,CUST-9472,957,UPI,FAILED,BANK_ERROR,LOYAL,16,24,15,9,1,False,False,0.18,0.2,32,2,2026-06-12T16:42:30.408267
TXN-01155,CUST-4584,495,Net Banking,SUCCESS,,REGULAR,35,26,8,18,0,False,True,0.77,0.1,45,0,2026-07-22T16:42:30.408267
TXN-01156,CUST-8239,645,UPI,SUCCESS,,NEW,34,22,19,3,2,True,False,0.66,0.4,21,0,2026-06-28T16:42:30.408267
TXN-01157,CUST-5560,14519,Debit Card,SUCCESS,,NEW,32,21,10,11,1,True,True,0.89,5.0,2,0,2026-07-20T16:42:30.408267
TXN-01158,CUST-3049,735,Wallet,SUCCESS,,REGULAR,29,22,8,14,0,False,False,0.93,0.7,9,0,2026-08-12T16:42:30.408267
TXN-01159,CUST-2817,4738,Debit Card,SUCCESS,,NEW,29,30,24,6,0,False,False,0.46,0.4,35,0,2026-06-07T16:42:30.408267
TXN-01160,CUST-7129,2146,Net Banking,SUCCESS,,NEW,4,5,0,5,0,False,True,0.21,3.7,6,0,2026-08-10T16:42:30.408267
TXN-01161,CUST-7229,297,UPI,FAILED,PAYMENT_DECLINED,NEW,15,4,4,0,2,True,True,0.84,5.4,23,0,2026-07-06T16:42:30.408267
TXN-01162,CUST-3841,802,Wallet,SUCCESS,,AT_RISK,24,8,7,1,0,False,True,0.23,2.9,22,0,2026-08-14T16:42:30.408267
TXN-01163,CUST-1623,13731,Debit Card,SUCCESS,,REGULAR,12,16,6,10,3,True,True,0.3,1.6,6,0,2026-07-21T16:42:30.408267
TXN-01164,CUST-5083,6409,Net Banking,SUCCESS,,LOYAL,31,16,4,12,3,False,True,0.53,1.0,39,0,2026-08-09T16:42:30.408267
TXN-01165,CUST-8980,4272,Net Banking,SUCCESS,,NEW,18,17,2,15,3,True,False,0.56,3.1,46,0,2026-08-13T16:42:30.408267
TXN-01166,CUST-3830,831,UPI,SUCCESS,,REGULAR,32,30,9,21,2,True,True,0.26,1.4,11,0,2026-08-02T16:42:30.408267
TXN-01167,CUST-4741,14611,UPI,SUCCESS,,AT_RISK,20,23,1,22,3,True,False,0.78,3.6,38,0,2026-06-20T16:42:30.408267
TXN-01168,CUST-2400,7196,UPI,SUCCESS,,NEW,29,3,1,2,0,False,True,0.93,6.4,25,0,2026-07-09T16:42:30.408267
TXN-01169,CUST-8777,18782,Wallet,SUCCESS,,NEW,9,17,14,3,3,False,True,0.19,6.5,17,0,2026-07-14T16:42:30.408267
TXN-01170,CUST-3613,1856,Net Banking,SUCCESS,,REGULAR,6,27,23,4,1,False,False,0.51,3.0,21,0,2026-06-20T16:42:30.408267
TXN-01171,CUST-6943,16951,Credit Card,SUCCESS,,LOYAL,21,30,1,29,3,False,False,0.22,2.2,52,0,2026-06-25T16:42:30.408267
TXN-01172,CUST-7095,754,Wallet,FAILED,BANK_ERROR,LOYAL,7,14,6,8,0,False,False,0.67,1.7,34,1,2026-08-13T16:42:30.408267
TXN-01173,CUST-8417,10582,Debit Card,SUCCESS,,AT_RISK,26,25,13,12,2,True,False,0.51,1.9,55,0,2026-08-14T16:42:30.408267
TXN-01174,CUST-3233,4966,Net Banking,SUCCESS,,AT_RISK,1,24,0,24,3,False,True,0.18,4.8,57,0,2026-06-30T16:42:30.408267
TXN-01175,CUST-2382,13586,Net Banking,SUCCESS,,LOYAL,24,4,2,2,3,True,False,0.29,6.6,5,0,2026-07-17T16:42:30.408267
TXN-01176,CUST-7712,15018,UPI,FAILED,PAYMENT_DECLINED,LOYAL,1,2,0,2,3,True,False,0.55,3.9,1,1,2026-08-01T16:42:30.408267
TXN-01177,CUST-5130,11196,Credit Card,SUCCESS,,NEW,5,27,8,19,0,False,False,0.17,1.0,14,0,2026-08-07T16:42:30.408267
TXN-01178,CUST-8982,560,Debit Card,SUCCESS,,NEW,7,19,0,19,2,False,False,0.93,2.7,18,0,2026-06-23T16:42:30.408267
TXN-01179,CUST-3574,1823,UPI,SUCCESS,,LOYAL,28,17,13,4,2,True,False,0.71,0.1,12,0,2026-06-20T16:42:30.408267
TXN-01180,CUST-8911,15786,Net Banking,SUCCESS,,REGULAR,3,12,3,9,1,True,True,0.31,2.7,12,0,2026-07-06T16:42:30.408267
TXN-01181,CUST-3056,282,Credit Card,FAILED,CUSTOMER_ABANDONED,NEW,2,2,2,0,2,True,True,0.7,5.1,26,2,2026-07-23T16:42:30.408267
TXN-01182,CUST-9605,12385,Credit Card,SUCCESS,,LOYAL,31,18,1,17,2,True,True,0.65,1.9,56,0,2026-06-06T16:42:30.408267
TXN-01183,CUST-2075,6517,Wallet,SUCCESS,,NEW,5,23,8,15,0,False,False,0.41,6.3,23,0,2026-06-09T16:42:30.408267
TXN-01184,CUST-5263,15616,Net Banking,SUCCESS,,AT_RISK,27,14,5,9,1,True,True,0.91,1.7,6,0,2026-08-17T16:42:30.408267
TXN-01185,CUST-5133,7927,Debit Card,FAILED,INSUFFICIENT_FUNDS,NEW,19,6,1,5,0,False,True,0.73,3.2,33,2,2026-07-20T16:42:30.408267
TXN-01186,CUST-3600,353,Wallet,SUCCESS,,REGULAR,28,25,19,6,2,False,True,0.69,1.3,52,0,2026-07-06T16:42:30.408267
TXN-01187,CUST-6073,11216,Credit Card,SUCCESS,,NEW,22,22,10,12,0,False,False,0.15,0.8,28,0,2026-06-09T16:42:30.408267
TXN-01188,CUST-1476,993,Wallet,SUCCESS,,AT_RISK,8,2,1,1,1,True,False,0.71,5.2,27,0,2026-07-07T16:42:30.408267
TXN-01189,CUST-4830,1616,Debit Card,SUCCESS,,AT_RISK,3,14,10,4,1,True,True,0.36,5.6,57,0,2026-08-30T16:42:30.408267
TXN-01190,CUST-1029,620,Wallet,SUCCESS,,AT_RISK,33,21,6,15,2,False,False,0.29,3.3,50,0,2026-09-02T16:42:30.408267
TXN-01191,CUST-2377,16772,Credit Card,SUCCESS,,LOYAL,16,22,8,14,3,True,True,0.15,3.0,56,0,2026-07-06T16:42:30.408267
TXN-01192,CUST-7887,4472,Credit Card,FAILED,BANK_ERROR,REGULAR,1,3,1,2,1,True,False,0.47,1.0,60,3,2026-08-10T16:42:30.408267
TXN-01193,CUST-2869,13189,Wallet,SUCCESS,,REGULAR,25,4,4,0,3,False,False,0.52,1.8,15,0,2026-07-17T16:42:30.408267
TXN-01194,CUST-6698,366,Wallet,FAILED,CARD_EXPIRED,LOYAL,5,14,4,10,0,False,False,0.94,2.0,18,2,2026-08-02T16:42:30.408267
TXN-01195,CUST-4669,457,Debit Card,SUCCESS,,AT_RISK,21,13,12,1,0,False,True,0.85,5.5,3,0,2026-08-04T16:42:30.408267
TXN-01196,CUST-2739,4328,Net Banking,SUCCESS,,NEW,22,21,6,15,2,True,True,0.33,3.0,53,0,2026-06-30T16:42:30.408267
TXN-01197,CUST-5504,15812,Credit Card,FAILED,CARD_EXPIRED,REGULAR,1,16,11,5,1,False,True,0.54,0.7,49,3,2026-06-22T16:42:30.408267
TXN-01198,CUST-6813,17339,Net Banking,SUCCESS,,AT_RISK,31,30,28,2,0,False,True,0.55,0.2,15,0,2026-07-03T16:42:30.408267
TXN-01199,CUST-1399,18453,UPI,SUCCESS,,AT_RISK,25,11,2,9,3,True,True,0.84,2.3,17,0,2026-07-15T16:42:30.408267
TXN-01200,CUST-8372,1583,Wallet,SUCCESS,,NEW,3,7,4,3,0,False,False,0.61,4.1,53,0,2026-06-21T16:42:30.408267
TXN-01201,CUST-8218,8579,UPI,SUCCESS,,NEW,13,4,4,0,2,True,True,0.1,0.7,25,0,2026-07-23T16:42:30.408267
TXN-01202,CUST-7355,3860,Debit Card,FAILED,BANK_ERROR,AT_RISK,15,11,0,11,2,True,True,0.22,4.0,57,1,2026-07-13T16:42:30.408267
TXN-01203,CUST-8709,991,UPI,FAILED,BANK_ERROR,LOYAL,5,3,3,0,0,False,False,0.78,0.0,20,0,2026-06-20T16:42:30.408267
TXN-01204,CUST-8981,15595,Net Banking,SUCCESS,,REGULAR,21,17,1,16,0,False,True,0.82,1.0,53,0,2026-07-17T16:42:30.408267
TXN-01205,CUST-8267,1833,UPI,SUCCESS,,REGULAR,6,24,17,7,0,False,False,0.82,6.7,31,0,2026-07-23T16:42:30.408267
TXN-01206,CUST-9743,570,Credit Card,SUCCESS,,AT_RISK,25,20,11,9,1,True,False,0.59,1.3,40,0,2026-06-11T16:42:30.408267
TXN-01207,CUST-3250,14260,Credit Card,SUCCESS,,REGULAR,29,29,12,17,3,True,False,0.23,3.4,58,0,2026-06-22T16:42:30.408267
TXN-01208,CUST-2768,3102,Credit Card,FAILED,INSUFFICIENT_FUNDS,LOYAL,11,8,7,1,1,False,False,0.46,3.9,32,0,2026-07-20T16:42:30.408267
TXN-01209,CUST-5199,924,Debit Card,FAILED,BANK_ERROR,REGULAR,14,15,14,1,1,True,False,0.58,5.5,30,3,2026-07-14T16:42:30.408267
TXN-01210,CUST-7353,11837,UPI,FAILED,NETWORK_TIMEOUT,REGULAR,2,2,2,0,1,False,True,0.92,4.8,49,2,2026-09-02T16:42:30.408267
TXN-01211,CUST-8709,7972,Credit Card,FAILED,CARD_EXPIRED,NEW,23,17,14,3,3,False,True,0.51,4.1,12,2,2026-07-04T16:42:30.408267
TXN-01212,CUST-9937,13689,Debit Card,SUCCESS,,LOYAL,10,21,20,1,0,False,False,0.8,6.8,5,0,2026-08-11T16:42:30.408267
TXN-01213,CUST-7740,837,Net Banking,SUCCESS,,NEW,11,30,18,12,2,True,True,0.29,4.2,10,0,2026-07-17T16:42:30.408267
TXN-01214,CUST-4075,2088,Debit Card,SUCCESS,,AT_RISK,17,17,15,2,3,False,False,0.69,1.6,12,0,2026-08-09T16:42:30.408267
TXN-01215,CUST-7446,1378,Debit Card,FAILED,CARD_EXPIRED,NEW,25,2,1,1,0,False,True,0.61,1.5,50,0,2026-07-14T16:42:30.408267
TXN-01216,CUST-7296,1367,Net Banking,SUCCESS,,LOYAL,32,28,3,25,1,True,False,0.14,6.3,32,0,2026-08-02T16:42:30.408267
TXN-01217,CUST-2343,18403,UPI,SUCCESS,,LOYAL,34,28,11,17,0,False,False,0.14,4.2,45,0,2026-07-25T16:42:30.408267
TXN-01218,CUST-7837,10192,Net Banking,SUCCESS,,REGULAR,21,24,14,10,2,True,True,0.62,6.8,53,0,2026-08-19T16:42:30.408267
TXN-01219,CUST-9382,9077,Net Banking,SUCCESS,,LOYAL,20,18,6,12,1,False,True,0.32,2.0,29,0,2026-08-10T16:42:30.408267
TXN-01220,CUST-4097,4753,Debit Card,FAILED,BANK_ERROR,REGULAR,7,10,9,1,2,True,True,0.88,5.4,45,0,2026-07-27T16:42:30.408267
TXN-01221,CUST-5621,15764,Net Banking,SUCCESS,,LOYAL,9,21,6,15,0,False,False,0.16,2.9,20,0,2026-08-21T16:42:30.408267
TXN-01222,CUST-3949,14445,Debit Card,SUCCESS,,REGULAR,28,25,16,9,2,True,False,0.84,1.2,1,0,2026-08-14T16:42:30.408267
TXN-01223,CUST-5034,704,UPI,SUCCESS,,LOYAL,32,25,9,16,2,True,True,0.49,6.5,34,0,2026-08-13T16:42:30.408267
TXN-01224,CUST-1959,4297,Net Banking,SUCCESS,,REGULAR,35,27,19,8,1,False,True,0.87,1.4,33,0,2026-07-08T16:42:30.408267
TXN-01225,CUST-6815,4453,Debit Card,SUCCESS,,LOYAL,32,12,10,2,2,False,True,0.31,6.1,50,0,2026-07-02T16:42:30.408267
TXN-01226,CUST-4713,969,Credit Card,SUCCESS,,AT_RISK,17,17,10,7,2,False,False,0.31,2.8,1,0,2026-08-23T16:42:30.408267
TXN-01227,CUST-5653,2442,Credit Card,SUCCESS,,REGULAR,14,20,13,7,1,False,False,0.59,2.9,38,0,2026-07-14T16:42:30.408267
TXN-01228,CUST-8981,17805,Net Banking,SUCCESS,,LOYAL,16,9,4,5,0,False,False,0.14,6.9,45,0,2026-07-29T16:42:30.408267
TXN-01229,CUST-3206,337,Net Banking,SUCCESS,,LOYAL,5,30,8,22,3,True,False,0.68,0.2,38,0,2026-06-11T16:42:30.408267
TXN-01230,CUST-1894,2372,Wallet,SUCCESS,,LOYAL,29,24,1,23,0,False,True,0.51,0.7,38,0,2026-08-25T16:42:30.408267
TXN-01231,CUST-5448,775,Net Banking,SUCCESS,,LOYAL,22,12,11,1,3,True,True,0.33,2.3,28,0,2026-08-06T16:42:30.408267
TXN-01232,CUST-6413,11463,Wallet,SUCCESS,,REGULAR,18,13,0,13,3,True,False,0.32,3.1,16,0,2026-07-09T16:42:30.408267
TXN-01233,CUST-7587,9518,Credit Card,SUCCESS,,NEW,31,22,19,3,3,True,False,0.82,3.8,3,0,2026-07-27T16:42:30.408267
TXN-01234,CUST-8903,11133,Wallet,SUCCESS,,NEW,11,7,4,3,3,False,False,0.62,4.2,29,0,2026-08-01T16:42:30.408267
TXN-01235,CUST-9583,8446,Debit Card,SUCCESS,,AT_RISK,6,24,0,24,1,False,False,0.62,1.3,55,0,2026-08-08T16:42:30.408267
TXN-01236,CUST-1991,10425,Wallet,SUCCESS,,REGULAR,22,8,8,0,2,True,True,0.93,0.4,50,0,2026-08-06T16:42:30.408267
TXN-01237,CUST-8779,610,Net Banking,SUCCESS,,LOYAL,29,2,0,2,0,False,False,0.91,6.6,38,0,2026-08-01T16:42:30.408267
TXN-01238,CUST-5457,434,Net Banking,FAILED,PAYMENT_DECLINED,NEW,21,4,4,0,1,True,True,0.65,6.4,26,2,2026-07-13T16:42:30.408267
TXN-01239,CUST-4208,3216,UPI,FAILED,CUSTOMER_ABANDONED,REGULAR,21,11,11,0,3,True,False,0.78,5.5,22,0,2026-07-29T16:42:30.408267
TXN-01240,CUST-1854,10038,Debit Card,SUCCESS,,REGULAR,31,24,22,2,3,True,False,0.25,1.4,5,0,2026-07-15T16:42:30.408267
TXN-01241,CUST-5803,569,Debit Card,SUCCESS,,AT_RISK,17,1,0,1,1,True,False,0.49,3.3,60,0,2026-07-11T16:42:30.408267
TXN-01242,CUST-3310,7864,Wallet,FAILED,CUSTOMER_ABANDONED,LOYAL,16,1,0,1,0,False,False,0.8,2.6,31,1,2026-07-22T16:42:30.408267
TXN-01243,CUST-9584,981,Debit Card,SUCCESS,,LOYAL,18,29,19,10,0,False,False,0.76,0.9,30,0,2026-06-24T16:42:30.408267
TXN-01244,CUST-3470,1222,Credit Card,SUCCESS,,REGULAR,20,12,3,9,2,True,True,0.16,4.4,56,0,2026-08-17T16:42:30.408267
TXN-01245,CUST-3610,16287,Debit Card,SUCCESS,,LOYAL,2,24,13,11,2,True,False,0.65,2.7,15,0,2026-07-14T16:42:30.408267
TXN-01246,CUST-9863,14311,Credit Card,SUCCESS,,NEW,29,10,10,0,1,True,False,0.62,5.3,24,0,2026-07-28T16:42:30.408267
TXN-01247,CUST-5831,18591,Net Banking,FAILED,CUSTOMER_ABANDONED,REGULAR,15,9,9,0,2,True,True,0.14,0.6,42,0,2026-06-12T16:42:30.408267
TXN-01248,CUST-3467,4904,Net Banking,SUCCESS,,NEW,17,26,0,26,3,True,True,0.8,3.4,17,0,2026-07-14T16:42:30.408267
TXN-01249,CUST-2135,15149,Debit Card,SUCCESS,,AT_RISK,17,7,3,4,0,False,False,0.62,4.9,7,0,2026-07-18T16:42:30.408267
TXN-01250,CUST-2271,3511,Wallet,SUCCESS,,AT_RISK,8,20,2,18,2,False,True,0.78,5.1,15,0,2026-07-24T16:42:30.408267
TXN-01251,CUST-7797,4470,Wallet,FAILED,BANK_ERROR,NEW,36,23,8,15,1,True,True,0.73,3.5,1,0,2026-06-09T16:42:30.408267
TXN-01252,CUST-2209,3860,UPI,FAILED,INSUFFICIENT_FUNDS,AT_RISK,6,5,0,5,0,False,False,0.89,2.5,60,0,2026-08-03T16:42:30.408267
TXN-01253,CUST-2976,8600,Wallet,SUCCESS,,LOYAL,12,3,2,1,3,True,True,0.55,6.3,6,0,2026-08-23T16:42:30.408267
TXN-01254,CUST-4414,8494,UPI,SUCCESS,,AT_RISK,17,14,7,7,0,False,False,0.61,2.1,56,0,2026-07-21T16:42:30.408267
TXN-01255,CUST-2261,3420,Wallet,SUCCESS,,LOYAL,3,15,7,8,2,False,True,0.14,1.0,23,0,2026-08-18T16:42:30.408267
TXN-01256,CUST-3783,17855,Debit Card,SUCCESS,,LOYAL,18,12,0,12,0,False,False,0.8,2.5,59,0,2026-07-26T16:42:30.408267
TXN-01257,CUST-7150,4536,UPI,FAILED,NETWORK_TIMEOUT,REGULAR,31,17,9,8,2,False,True,0.53,3.2,23,0,2026-08-01T16:42:30.408267
TXN-01258,CUST-9033,2338,Wallet,SUCCESS,,AT_RISK,29,19,5,14,0,False,False,0.55,1.5,51,0,2026-07-27T16:42:30.408267
TXN-01259,CUST-9725,3706,Debit Card,SUCCESS,,LOYAL,34,9,6,3,3,False,False,0.42,3.8,31,0,2026-08-01T16:42:30.408267
TXN-01260,CUST-7880,673,UPI,SUCCESS,,REGULAR,8,29,23,6,0,False,True,0.75,3.0,10,0,2026-08-18T16:42:30.408267
TXN-01261,CUST-7281,3821,UPI,SUCCESS,,NEW,16,3,1,2,0,False,False,0.41,3.6,17,0,2026-08-04T16:42:30.408267
TXN-01262,CUST-2606,3453,UPI,SUCCESS,,AT_RISK,2,12,0,12,3,True,True,0.77,4.6,58,0,2026-08-13T16:42:30.408267
TXN-01263,CUST-8311,10395,UPI,SUCCESS,,REGULAR,8,15,3,12,2,False,False,0.72,0.2,19,0,2026-07-10T16:42:30.408267
TXN-01264,CUST-6820,10523,Debit Card,FAILED,INSUFFICIENT_FUNDS,LOYAL,4,29,9,20,2,True,True,0.41,4.9,42,1,2026-08-23T16:42:30.408267
TXN-01265,CUST-3611,4592,Wallet,SUCCESS,,LOYAL,25,28,23,5,0,False,False,0.48,3.1,15,0,2026-08-20T16:42:30.408267
TXN-01266,CUST-4758,370,Wallet,SUCCESS,,NEW,24,1,1,0,2,True,True,0.54,2.1,7,0,2026-06-20T16:42:30.408267
TXN-01267,CUST-5957,19228,Credit Card,FAILED,CARD_EXPIRED,AT_RISK,26,2,0,2,3,False,False,0.78,3.4,58,1,2026-08-07T16:42:30.408267
TXN-01268,CUST-9683,4984,Net Banking,SUCCESS,,REGULAR,6,17,17,0,1,False,False,0.85,0.3,35,0,2026-07-22T16:42:30.408267
TXN-01269,CUST-7217,2704,Net Banking,FAILED,CUSTOMER_ABANDONED,NEW,21,20,0,20,0,False,False,0.61,5.8,53,0,2026-09-04T16:42:30.408267
TXN-01270,CUST-4820,4337,UPI,SUCCESS,,NEW,33,6,3,3,3,False,True,0.71,2.4,53,0,2026-06-11T16:42:30.408267
TXN-01271,CUST-6322,742,Wallet,SUCCESS,,NEW,20,18,8,10,1,True,True,0.42,3.5,40,0,2026-07-08T16:42:30.408267
TXN-01272,CUST-7958,1913,Wallet,SUCCESS,,LOYAL,2,12,3,9,1,False,True,0.85,5.3,59,0,2026-08-18T16:42:30.408267
TXN-01273,CUST-1727,2369,Credit Card,SUCCESS,,LOYAL,21,26,12,14,3,False,False,0.1,0.8,51,0,2026-08-21T16:42:30.408267
TXN-01274,CUST-2968,623,Debit Card,FAILED,INSUFFICIENT_FUNDS,LOYAL,36,13,4,9,0,False,True,0.55,6.6,1,2,2026-08-02T16:42:30.408267
TXN-01275,CUST-9394,4293,UPI,SUCCESS,,AT_RISK,14,8,2,6,1,True,True,0.34,4.6,60,0,2026-08-06T16:42:30.408267
TXN-01276,CUST-8911,1823,Net Banking,SUCCESS,,LOYAL,30,20,9,11,0,False,False,0.69,0.5,60,0,2026-08-25T16:42:30.408267
TXN-01277,CUST-8586,19450,Wallet,FAILED,NETWORK_TIMEOUT,LOYAL,21,1,0,1,0,False,True,0.68,5.9,2,2,2026-06-21T16:42:30.408267
TXN-01278,CUST-1104,3791,Credit Card,FAILED,INSUFFICIENT_FUNDS,LOYAL,13,10,6,4,2,True,True,0.79,5.7,18,0,2026-08-31T16:42:30.408267
TXN-01279,CUST-7565,5692,Wallet,SUCCESS,,LOYAL,13,18,14,4,2,True,False,0.43,6.8,29,0,2026-07-01T16:42:30.408267
TXN-01280,CUST-2982,3852,Wallet,SUCCESS,,REGULAR,2,5,3,2,0,False,True,0.93,6.1,53,0,2026-08-01T16:42:30.408267
TXN-01281,CUST-9292,4541,Net Banking,SUCCESS,,NEW,14,5,2,3,2,True,False,0.5,4.1,41,0,2026-08-12T16:42:30.408267
TXN-01282,CUST-4100,543,Debit Card,SUCCESS,,REGULAR,18,14,5,9,3,False,True,0.54,5.4,5,0,2026-06-19T16:42:30.408267
TXN-01283,CUST-1967,18905,Debit Card,SUCCESS,,REGULAR,21,24,7,17,3,True,True,0.88,4.3,36,0,2026-08-10T16:42:30.408267
TXN-01284,CUST-7408,321,UPI,SUCCESS,,NEW,31,21,4,17,1,True,False,0.84,6.1,21,0,2026-06-10T16:42:30.408267
TXN-01285,CUST-8075,10693,Wallet,SUCCESS,,AT_RISK,6,7,5,2,0,False,False,0.35,0.6,49,0,2026-06-11T16:42:30.408267
TXN-01286,CUST-9216,6668,Debit Card,SUCCESS,,REGULAR,10,8,6,2,3,True,True,0.4,2.5,53,0,2026-07-24T16:42:30.408267
TXN-01287,CUST-3238,16154,Wallet,FAILED,CARD_EXPIRED,LOYAL,19,4,4,0,3,False,False,0.36,6.2,24,3,2026-07-31T16:42:30.408267
TXN-01288,CUST-8713,883,Debit Card,SUCCESS,,LOYAL,16,21,7,14,2,True,False,0.49,4.2,50,0,2026-08-21T16:42:30.408267
TXN-01289,CUST-1490,18713,Credit Card,SUCCESS,,LOYAL,8,16,12,4,2,True,False,0.32,1.5,55,0,2026-08-26T16:42:30.408267
TXN-01290,CUST-2990,6020,Wallet,SUCCESS,,NEW,4,8,2,6,0,False,True,0.51,1.5,57,0,2026-08-21T16:42:30.408267
TXN-01291,CUST-2300,8720,Net Banking,SUCCESS,,AT_RISK,5,8,1,7,0,False,False,0.44,6.6,55,0,2026-08-13T16:42:30.408267
TXN-01292,CUST-8530,743,Credit Card,FAILED,CARD_EXPIRED,AT_RISK,35,10,8,2,1,True,True,0.86,4.2,53,2,2026-08-25T16:42:30.408267
TXN-01293,CUST-6232,457,Debit Card,SUCCESS,,REGULAR,11,10,3,7,3,True,True,0.55,0.2,41,0,2026-07-28T16:42:30.408267
TXN-01294,CUST-8177,890,UPI,FAILED,PAYMENT_DECLINED,LOYAL,11,11,1,10,3,False,True,0.9,0.0,49,0,2026-08-29T16:42:30.408267
TXN-01295,CUST-3515,12824,Net Banking,FAILED,BANK_ERROR,LOYAL,33,8,7,1,2,False,True,0.56,2.2,25,3,2026-07-25T16:42:30.408267
TXN-01296,CUST-1173,17509,Net Banking,SUCCESS,,NEW,35,1,1,0,2,False,False,0.34,0.4,17,0,2026-06-20T16:42:30.408267
TXN-01297,CUST-8865,1861,Net Banking,SUCCESS,,AT_RISK,5,27,22,5,2,True,True,0.74,6.1,42,0,2026-06-15T16:42:30.408267
TXN-01298,CUST-1339,3961,Net Banking,SUCCESS,,REGULAR,4,25,5,20,3,False,False,0.24,4.1,20,0,2026-08-28T16:42:30.408267
TXN-01299,CUST-1674,987,Wallet,SUCCESS,,NEW,7,27,14,13,0,False,False,0.3,6.5,52,0,2026-08-02T16:42:30.408267
TXN-01300,CUST-6134,19475,UPI,SUCCESS,,REGULAR,6,26,12,14,1,True,False,0.92,6.7,2,0,2026-06-29T16:42:30.408267
TXN-01301,CUST-1938,16125,Debit Card,SUCCESS,,REGULAR,14,24,14,10,1,True,True,0.49,6.5,56,0,2026-07-28T16:42:30.408267
TXN-01302,CUST-4735,1811,Net Banking,SUCCESS,,LOYAL,23,9,6,3,2,True,True,0.16,0.4,9,0,2026-09-02T16:42:30.408267
TXN-01303,CUST-4400,812,UPI,SUCCESS,,LOYAL,8,5,4,1,0,False,False,0.74,1.8,46,0,2026-07-13T16:42:30.408267
TXN-01304,CUST-3456,16172,UPI,SUCCESS,,AT_RISK,9,30,1,29,3,True,False,0.28,1.7,33,0,2026-08-04T16:42:30.408267
TXN-01305,CUST-1552,581,UPI,SUCCESS,,LOYAL,5,2,2,0,1,False,False,0.25,2.0,25,0,2026-08-07T16:42:30.408267
TXN-01306,CUST-9488,19628,Credit Card,SUCCESS,,NEW,35,22,2,20,0,False,False,0.19,2.2,44,0,2026-06-10T16:42:30.408267
TXN-01307,CUST-2828,254,Debit Card,SUCCESS,,AT_RISK,2,25,22,3,0,False,True,0.71,3.4,33,0,2026-07-31T16:42:30.408267
TXN-01308,CUST-4949,750,Credit Card,SUCCESS,,NEW,22,2,0,2,1,True,True,0.67,6.1,14,0,2026-08-21T16:42:30.408267
TXN-01309,CUST-2656,2735,Net Banking,SUCCESS,,LOYAL,27,1,1,0,0,False,False,0.67,4.2,38,0,2026-07-11T16:42:30.408267
TXN-01310,CUST-3140,18111,Wallet,FAILED,NETWORK_TIMEOUT,NEW,21,23,10,13,3,True,False,0.11,5.7,45,2,2026-07-15T16:42:30.408267
TXN-01311,CUST-9409,439,Wallet,SUCCESS,,REGULAR,3,15,14,1,1,True,False,0.1,1.3,30,0,2026-07-24T16:42:30.408267
TXN-01312,CUST-5739,3587,Credit Card,SUCCESS,,AT_RISK,28,30,28,2,2,False,False,0.62,1.9,10,0,2026-08-26T16:42:30.408267
TXN-01313,CUST-1151,2066,UPI,FAILED,BANK_ERROR,NEW,18,24,21,3,2,True,True,0.49,1.0,10,1,2026-07-15T16:42:30.408267
TXN-01314,CUST-8743,958,Net Banking,SUCCESS,,AT_RISK,28,21,13,8,1,True,False,0.72,1.0,53,0,2026-08-08T16:42:30.408267
TXN-01315,CUST-2109,19929,Debit Card,SUCCESS,,NEW,3,30,5,25,3,True,False,0.78,7.0,3,0,2026-07-31T16:42:30.408267
TXN-01316,CUST-2227,2325,Net Banking,SUCCESS,,REGULAR,35,27,22,5,0,False,True,0.62,6.8,37,0,2026-06-24T16:42:30.408267
TXN-01317,CUST-1554,4974,UPI,SUCCESS,,REGULAR,7,23,23,0,3,False,True,0.45,3.7,34,0,2026-08-09T16:42:30.408267
TXN-01318,CUST-2138,630,UPI,SUCCESS,,NEW,7,15,5,10,2,True,False,0.54,0.4,57,0,2026-08-01T16:42:30.408267
TXN-01319,CUST-9441,6746,Debit Card,SUCCESS,,LOYAL,4,22,12,10,2,False,False,0.61,1.0,12,0,2026-08-28T16:42:30.408267
TXN-01320,CUST-5107,543,Credit Card,SUCCESS,,LOYAL,25,7,4,3,1,True,False,0.5,1.7,13,0,2026-06-16T16:42:30.408267
TXN-01321,CUST-4563,306,Debit Card,SUCCESS,,LOYAL,30,29,23,6,1,False,False,0.59,1.7,20,0,2026-08-23T16:42:30.408267
TXN-01322,CUST-1099,3758,UPI,SUCCESS,,AT_RISK,22,5,3,2,3,True,True,0.21,3.4,58,0,2026-07-14T16:42:30.408267
TXN-01323,CUST-1757,10075,Debit Card,FAILED,NETWORK_TIMEOUT,REGULAR,2,24,14,10,1,True,True,0.8,0.2,15,3,2026-08-03T16:42:30.408267
TXN-01324,CUST-5797,983,Debit Card,SUCCESS,,AT_RISK,17,20,15,5,3,True,True,0.39,5.0,15,0,2026-08-03T16:42:30.408267
TXN-01325,CUST-2559,1045,Credit Card,SUCCESS,,LOYAL,7,24,11,13,2,False,False,0.52,4.8,35,0,2026-06-14T16:42:30.408267
TXN-01326,CUST-7443,12483,UPI,SUCCESS,,LOYAL,30,1,0,1,0,False,True,0.79,3.4,59,0,2026-06-16T16:42:30.408267
TXN-01327,CUST-6285,3653,Debit Card,FAILED,BANK_ERROR,NEW,6,28,14,14,3,False,False,0.92,6.9,43,0,2026-07-16T16:42:30.408267
TXN-01328,CUST-1486,4678,Debit Card,SUCCESS,,AT_RISK,7,2,1,1,1,True,True,0.77,4.4,3,0,2026-06-13T16:42:30.408267
TXN-01329,CUST-1524,1523,Credit Card,SUCCESS,,LOYAL,33,5,5,0,0,False,False,0.63,4.6,60,0,2026-08-31T16:42:30.408267
TXN-01330,CUST-1735,923,UPI,SUCCESS,,NEW,12,3,0,3,3,False,False,0.48,6.8,34,0,2026-08-06T16:42:30.408267
TXN-01331,CUST-8382,19197,Credit Card,SUCCESS,,LOYAL,28,28,18,10,2,True,True,0.83,3.2,4,0,2026-07-31T16:42:30.408267
TXN-01332,CUST-3007,2738,UPI,FAILED,PAYMENT_DECLINED,LOYAL,24,30,21,9,1,True,True,0.45,4.9,53,3,2026-07-19T16:42:30.408267
TXN-01333,CUST-6464,972,UPI,FAILED,NETWORK_TIMEOUT,AT_RISK,5,20,11,9,2,True,True,0.44,1.0,47,3,2026-07-09T16:42:30.408267
TXN-01334,CUST-7544,736,Credit Card,SUCCESS,,REGULAR,7,1,1,0,0,False,True,0.61,0.8,8,0,2026-07-06T16:42:30.408267
TXN-01335,CUST-7840,12575,Net Banking,FAILED,BANK_ERROR,NEW,18,6,5,1,1,False,False,0.37,5.6,47,3,2026-09-03T16:42:30.408267
TXN-01336,CUST-2186,745,Credit Card,SUCCESS,,AT_RISK,23,7,7,0,2,True,True,0.11,1.1,12,0,2026-08-01T16:42:30.408267
TXN-01337,CUST-8652,636,Credit Card,FAILED,CUSTOMER_ABANDONED,REGULAR,18,18,14,4,3,True,True,0.12,0.9,36,1,2026-07-29T16:42:30.408267
TXN-01338,CUST-3888,745,Net Banking,SUCCESS,,LOYAL,34,8,7,1,3,True,True,0.57,2.7,46,0,2026-08-05T16:42:30.408267
TXN-01339,CUST-8698,894,Credit Card,SUCCESS,,AT_RISK,33,1,0,1,3,True,False,0.77,4.8,5,0,2026-08-04T16:42:30.408267
TXN-01340,CUST-3864,4860,Debit Card,FAILED,BANK_ERROR,AT_RISK,19,4,4,0,1,False,True,0.38,6.9,7,2,2026-08-07T16:42:30.408267
TXN-01341,CUST-1300,3341,UPI,SUCCESS,,LOYAL,31,2,1,1,2,True,False,0.26,6.7,54,0,2026-06-17T16:42:30.408267
TXN-01342,CUST-2151,2930,Net Banking,SUCCESS,,NEW,19,28,26,2,2,True,True,0.2,6.9,12,0,2026-08-11T16:42:30.408267
TXN-01343,CUST-6278,1417,Credit Card,SUCCESS,,NEW,26,29,3,26,1,True,False,0.64,3.9,40,0,2026-06-11T16:42:30.408267
TXN-01344,CUST-6320,7132,Credit Card,SUCCESS,,AT_RISK,5,8,1,7,1,True,False,0.34,6.0,17,0,2026-07-08T16:42:30.408267
TXN-01345,CUST-2957,804,UPI,SUCCESS,,LOYAL,15,8,7,1,3,True,False,0.34,0.2,40,0,2026-08-27T16:42:30.408267
TXN-01346,CUST-1835,3324,Debit Card,FAILED,CUSTOMER_ABANDONED,AT_RISK,27,24,18,6,0,False,True,0.44,3.5,28,1,2026-06-29T16:42:30.408267
TXN-01347,CUST-2670,3228,UPI,FAILED,CARD_EXPIRED,NEW,4,21,18,3,3,True,False,0.83,3.2,50,2,2026-08-25T16:42:30.408267
TXN-01348,CUST-7473,10736,UPI,FAILED,INSUFFICIENT_FUNDS,REGULAR,7,22,10,12,1,True,True,0.25,2.5,28,1,2026-06-07T16:42:30.408267
TXN-01349,CUST-7907,9695,Debit Card,SUCCESS,,LOYAL,6,30,22,8,3,True,True,0.89,1.1,7,0,2026-07-22T16:42:30.408267
TXN-01350,CUST-9347,1472,Wallet,SUCCESS,,LOYAL,27,13,11,2,3,True,True,0.21,1.3,2,0,2026-07-11T16:42:30.408267
TXN-01351,CUST-7957,1362,Wallet,SUCCESS,,AT_RISK,30,16,3,13,2,True,False,0.22,0.6,8,0,2026-06-14T16:42:30.408267
TXN-01352,CUST-2669,3444,Wallet,SUCCESS,,AT_RISK,26,7,0,7,1,False,False,0.58,6.5,9,0,2026-07-27T16:42:30.408267
TXN-01353,CUST-6216,3160,Debit Card,SUCCESS,,REGULAR,24,16,7,9,2,False,True,0.29,3.4,51,0,2026-07-27T16:42:30.408267
TXN-01354,CUST-5417,988,UPI,SUCCESS,,LOYAL,6,1,1,0,1,True,True,0.89,0.8,20,0,2026-08-04T16:42:30.408267
TXN-01355,CUST-1633,695,Wallet,FAILED,CUSTOMER_ABANDONED,LOYAL,10,12,5,7,1,False,True,0.44,0.7,45,1,2026-08-26T16:42:30.408267
TXN-01356,CUST-2722,831,Wallet,SUCCESS,,REGULAR,7,20,6,14,2,True,True,0.59,5.4,39,0,2026-07-27T16:42:30.408267
TXN-01357,CUST-5849,899,Credit Card,SUCCESS,,REGULAR,34,9,2,7,3,True,True,0.87,2.4,18,0,2026-07-12T16:42:30.408267
TXN-01358,CUST-2656,4140,Credit Card,SUCCESS,,LOYAL,6,3,3,0,1,False,True,0.23,2.7,22,0,2026-08-03T16:42:30.408267
TXN-01359,CUST-6908,9207,UPI,SUCCESS,,LOYAL,28,23,11,12,2,True,False,0.79,5.9,38,0,2026-06-23T16:42:30.408267
TXN-01360,CUST-8818,14861,Credit Card,SUCCESS,,LOYAL,8,19,11,8,3,False,False,0.49,4.5,14,0,2026-08-23T16:42:30.408267
TXN-01361,CUST-1656,514,Net Banking,FAILED,CUSTOMER_ABANDONED,LOYAL,35,10,7,3,1,True,False,0.9,1.1,5,2,2026-07-09T16:42:30.408267
TXN-01362,CUST-3280,8948,UPI,SUCCESS,,NEW,28,19,8,11,2,True,True,0.9,4.0,25,0,2026-06-24T16:42:30.408267
TXN-01363,CUST-2058,4262,UPI,SUCCESS,,REGULAR,12,9,9,0,2,True,False,0.24,5.8,38,0,2026-06-10T16:42:30.408267
TXN-01364,CUST-7996,4495,Credit Card,SUCCESS,,REGULAR,4,13,4,9,3,False,False,0.27,2.8,50,0,2026-09-04T16:42:30.408267
TXN-01365,CUST-2991,875,UPI,SUCCESS,,NEW,2,17,16,1,1,True,False,0.91,0.5,12,0,2026-07-27T16:42:30.408267
TXN-01366,CUST-9020,16093,Debit Card,SUCCESS,,NEW,23,13,13,0,2,False,False,0.61,6.9,30,0,2026-06-18T16:42:30.408267
TXN-01367,CUST-1342,13951,Net Banking,SUCCESS,,NEW,19,11,3,8,0,False,True,0.63,5.5,3,0,2026-07-14T16:42:30.408267
TXN-01368,CUST-8507,2911,Credit Card,FAILED,NETWORK_TIMEOUT,REGULAR,5,29,11,18,1,True,False,0.13,1.2,1,1,2026-08-24T16:42:30.408267
TXN-01369,CUST-7471,4704,Net Banking,SUCCESS,,LOYAL,14,3,1,2,1,True,True,0.68,4.7,10,0,2026-06-08T16:42:30.408267
TXN-01370,CUST-1378,14605,Wallet,SUCCESS,,AT_RISK,33,14,11,3,3,True,True,0.64,5.9,27,0,2026-07-22T16:42:30.408267
TXN-01371,CUST-8074,3832,Net Banking,SUCCESS,,REGULAR,10,20,18,2,1,False,False,0.16,3.4,37,0,2026-07-28T16:42:30.408267
TXN-01372,CUST-9526,4213,Net Banking,SUCCESS,,AT_RISK,25,7,6,1,1,False,False,0.91,2.2,55,0,2026-07-16T16:42:30.408267
TXN-01373,CUST-7269,4782,UPI,SUCCESS,,AT_RISK,33,13,8,5,0,False,False,0.85,0.7,9,0,2026-07-03T16:42:30.408267
TXN-01374,CUST-9185,1852,Credit Card,SUCCESS,,LOYAL,3,26,16,10,0,False,True,0.15,0.5,25,0,2026-07-15T16:42:30.408267
TXN-01375,CUST-8006,310,UPI,FAILED,BANK_ERROR,LOYAL,32,30,21,9,1,True,False,0.39,3.4,48,3,2026-08-29T16:42:30.408267
TXN-01376,CUST-4189,10519,UPI,FAILED,NETWORK_TIMEOUT,AT_RISK,13,25,5,20,2,True,False,0.46,5.5,49,0,2026-09-03T16:42:30.408267
TXN-01377,CUST-3379,597,Wallet,SUCCESS,,LOYAL,3,8,6,2,1,True,True,0.63,2.8,10,0,2026-08-25T16:42:30.408267
TXN-01378,CUST-6391,3883,Wallet,FAILED,CARD_EXPIRED,REGULAR,17,9,2,7,1,True,True,0.28,6.9,60,3,2026-08-05T16:42:30.408267
TXN-01379,CUST-4492,2894,Net Banking,SUCCESS,,AT_RISK,7,2,2,0,0,False,True,0.87,2.6,29,0,2026-08-24T16:42:30.408267
TXN-01380,CUST-1084,2605,Net Banking,SUCCESS,,REGULAR,13,1,1,0,2,True,False,0.19,2.1,59,0,2026-08-01T16:42:30.408267
TXN-01381,CUST-8648,476,Wallet,SUCCESS,,AT_RISK,3,23,6,17,2,False,True,0.88,6.1,32,0,2026-08-27T16:42:30.408267
TXN-01382,CUST-5535,673,UPI,SUCCESS,,NEW,31,29,22,7,0,False,True,0.8,1.1,56,0,2026-06-08T16:42:30.408267
TXN-01383,CUST-7116,2116,Credit Card,SUCCESS,,REGULAR,3,18,5,13,2,False,False,0.79,6.3,50,0,2026-08-02T16:42:30.408267
TXN-01384,CUST-2574,2900,Net Banking,SUCCESS,,NEW,16,23,2,21,3,False,False,0.34,5.0,21,0,2026-06-25T16:42:30.408267
TXN-01385,CUST-9386,19239,Net Banking,SUCCESS,,LOYAL,35,19,8,11,1,False,False,0.81,6.0,59,0,2026-08-06T16:42:30.408267
TXN-01386,CUST-4535,1621,Debit Card,SUCCESS,,LOYAL,11,8,1,7,0,False,True,0.23,0.2,13,0,2026-06-11T16:42:30.408267
TXN-01387,CUST-9224,14197,Debit Card,SUCCESS,,LOYAL,9,16,6,10,1,False,True,0.12,5.6,21,0,2026-08-10T16:42:30.408267
TXN-01388,CUST-6080,1173,Wallet,FAILED,CUSTOMER_ABANDONED,NEW,20,25,16,9,1,True,False,0.59,5.7,10,2,2026-07-05T16:42:30.408267
TXN-01389,CUST-1650,16995,Net Banking,SUCCESS,,NEW,10,7,5,2,2,True,False,0.89,0.5,3,0,2026-07-04T16:42:30.408267
TXN-01390,CUST-9259,16915,Wallet,FAILED,CARD_EXPIRED,LOYAL,30,28,19,9,3,True,True,0.87,6.3,35,2,2026-07-25T16:42:30.408267
TXN-01391,CUST-7834,786,Credit Card,SUCCESS,,NEW,11,2,1,1,0,False,False,0.65,4.3,4,0,2026-08-30T16:42:30.408267
TXN-01392,CUST-3907,11517,Debit Card,SUCCESS,,REGULAR,30,13,9,4,0,False,True,0.72,2.6,3,0,2026-08-04T16:42:30.408267
TXN-01393,CUST-6674,2396,Wallet,FAILED,PAYMENT_DECLINED,REGULAR,15,6,5,1,1,False,False,0.43,3.0,26,2,2026-06-19T16:42:30.408267
TXN-01394,CUST-5485,2262,Debit Card,SUCCESS,,NEW,8,1,0,1,3,False,True,0.95,3.0,34,0,2026-08-25T16:42:30.408267
TXN-01395,CUST-5689,924,Credit Card,SUCCESS,,NEW,26,2,1,1,2,False,True,0.27,3.4,50,0,2026-08-01T16:42:30.408267
TXN-01396,CUST-7223,795,Net Banking,SUCCESS,,LOYAL,30,4,2,2,0,False,False,0.49,5.0,7,0,2026-07-02T16:42:30.408267
TXN-01397,CUST-2548,10638,Net Banking,FAILED,CUSTOMER_ABANDONED,REGULAR,2,6,3,3,0,False,True,0.12,4.9,39,1,2026-07-29T16:42:30.408267
TXN-01398,CUST-7519,11477,Credit Card,SUCCESS,,NEW,12,23,3,20,3,True,False,0.5,5.6,34,0,2026-09-02T16:42:30.408267
TXN-01399,CUST-6240,525,UPI,FAILED,CUSTOMER_ABANDONED,REGULAR,18,1,0,1,1,False,True,0.92,5.0,51,3,2026-07-21T16:42:30.408267
TXN-01400,CUST-3780,3271,Net Banking,SUCCESS,,NEW,28,30,3,27,0,False,True,0.68,3.0,46,0,2026-07-08T16:42:30.408267
TXN-01401,CUST-4850,3854,Credit Card,SUCCESS,,AT_RISK,11,11,11,0,2,False,True,0.2,3.4,14,0,2026-07-22T16:42:30.408267
TXN-01402,CUST-8729,847,Credit Card,SUCCESS,,LOYAL,4,1,0,1,3,True,True,0.65,5.8,52,0,2026-08-15T16:42:30.408267
TXN-01403,CUST-2475,284,Wallet,SUCCESS,,NEW,36,27,22,5,2,True,True,0.94,6.3,1,0,2026-06-24T16:42:30.408267
TXN-01404,CUST-4196,11839,Credit Card,FAILED,INSUFFICIENT_FUNDS,AT_RISK,5,20,13,7,2,True,True,0.44,1.8,42,3,2026-06-15T16:42:30.408267
TXN-01405,CUST-6946,986,Credit Card,FAILED,INSUFFICIENT_FUNDS,NEW,36,27,9,18,1,False,True,0.4,4.3,18,3,2026-08-11T16:42:30.408267
TXN-01406,CUST-6443,14685,UPI,SUCCESS,,AT_RISK,32,18,11,7,0,False,False,0.79,4.8,32,0,2026-07-22T16:42:30.408267
TXN-01407,CUST-4810,644,Credit Card,SUCCESS,,AT_RISK,3,3,0,3,2,False,False,0.52,5.7,34,0,2026-08-11T16:42:30.408267
TXN-01408,CUST-8162,3541,Net Banking,SUCCESS,,AT_RISK,10,1,0,1,0,False,False,0.17,4.1,32,0,2026-08-30T16:42:30.408267
TXN-01409,CUST-6599,7126,Wallet,SUCCESS,,NEW,13,29,12,17,3,True,True,0.85,3.0,58,0,2026-06-24T16:42:30.408267
TXN-01410,CUST-2134,672,Wallet,SUCCESS,,AT_RISK,29,2,1,1,0,False,False,0.66,3.7,60,0,2026-07-28T16:42:30.408267
TXN-01411,CUST-1045,767,Net Banking,FAILED,CUSTOMER_ABANDONED,LOYAL,35,5,5,0,0,False,False,0.13,2.2,56,1,2026-06-29T16:42:30.408267
TXN-01412,CUST-8120,4489,Wallet,SUCCESS,,NEW,17,17,15,2,3,True,False,0.57,0.2,56,0,2026-06-12T16:42:30.408267
TXN-01413,CUST-5826,1690,Wallet,FAILED,CARD_EXPIRED,AT_RISK,27,15,10,5,0,False,True,0.62,2.0,22,1,2026-07-23T16:42:30.408267
TXN-01414,CUST-8761,233,Credit Card,SUCCESS,,AT_RISK,15,14,13,1,0,False,False,0.4,4.3,37,0,2026-06-19T16:42:30.408267
TXN-01415,CUST-8423,308,Wallet,SUCCESS,,REGULAR,35,19,12,7,0,False,True,0.33,4.5,21,0,2026-08-12T16:42:30.408267
TXN-01416,CUST-7596,8627,Wallet,SUCCESS,,REGULAR,10,1,0,1,1,False,False,0.63,4.0,60,0,2026-06-17T16:42:30.408267
TXN-01417,CUST-4075,633,UPI,SUCCESS,,NEW,30,15,1,14,1,False,False,0.23,6.3,18,0,2026-06-22T16:42:30.408267
TXN-01418,CUST-6182,2835,UPI,SUCCESS,,REGULAR,24,25,9,16,2,True,True,0.44,6.0,43,0,2026-06-22T16:42:30.408267
TXN-01419,CUST-6783,1684,UPI,SUCCESS,,REGULAR,11,26,10,16,1,False,True,0.29,6.3,26,0,2026-08-31T16:42:30.408267
TXN-01420,CUST-6663,648,Wallet,SUCCESS,,NEW,1,29,0,29,3,False,True,0.41,4.5,43,0,2026-07-09T16:42:30.408267
TXN-01421,CUST-2889,1964,UPI,SUCCESS,,AT_RISK,14,15,15,0,1,True,True,0.66,2.2,55,0,2026-08-10T16:42:30.408267
TXN-01422,CUST-2661,516,Wallet,SUCCESS,,NEW,10,8,0,8,0,False,False,0.65,3.8,50,0,2026-07-16T16:42:30.408267
TXN-01423,CUST-6338,17687,UPI,SUCCESS,,LOYAL,7,4,1,3,2,True,True,0.68,6.8,35,0,2026-06-22T16:42:30.408267
TXN-01424,CUST-1689,19667,Debit Card,SUCCESS,,AT_RISK,13,9,2,7,0,False,False,0.82,3.7,25,0,2026-08-05T16:42:30.408267
TXN-01425,CUST-3974,307,Wallet,SUCCESS,,AT_RISK,16,22,16,6,2,True,True,0.23,0.3,36,0,2026-06-16T16:42:30.408267
TXN-01426,CUST-4281,828,Net Banking,FAILED,CARD_EXPIRED,NEW,5,10,4,6,0,False,True,0.89,1.2,48,0,2026-08-15T16:42:30.408267
TXN-01427,CUST-7129,2927,Wallet,SUCCESS,,REGULAR,10,22,4,18,1,False,False,0.12,2.2,17,0,2026-07-01T16:42:30.408267
TXN-01428,CUST-7163,8298,UPI,SUCCESS,,NEW,18,21,11,10,3,True,False,0.94,4.1,47,0,2026-07-03T16:42:30.408267
TXN-01429,CUST-5358,3652,Net Banking,SUCCESS,,NEW,12,20,1,19,0,False,False,0.53,0.3,9,0,2026-09-02T16:42:30.408267
TXN-01430,CUST-9131,16278,Net Banking,SUCCESS,,REGULAR,18,30,21,9,0,False,False,0.1,2.5,59,0,2026-07-10T16:42:30.408267
TXN-01431,CUST-2643,856,Wallet,SUCCESS,,REGULAR,17,14,7,7,0,False,False,0.17,4.7,32,0,2026-08-21T16:42:30.408267
TXN-01432,CUST-1279,10784,UPI,SUCCESS,,AT_RISK,16,16,16,0,0,False,True,0.44,2.4,25,0,2026-08-18T16:42:30.408267
TXN-01433,CUST-4644,13724,UPI,SUCCESS,,AT_RISK,5,7,4,3,0,False,False,0.73,3.6,42,0,2026-08-18T16:42:30.408267
TXN-01434,CUST-6782,11662,Credit Card,SUCCESS,,NEW,12,5,0,5,0,False,False,0.72,4.0,37,0,2026-06-21T16:42:30.408267
TXN-01435,CUST-4860,2481,UPI,SUCCESS,,LOYAL,9,3,0,3,3,False,False,0.41,0.3,1,0,2026-07-10T16:42:30.408267
TXN-01436,CUST-1061,562,Net Banking,FAILED,CUSTOMER_ABANDONED,LOYAL,36,19,15,4,1,True,False,0.7,2.9,49,2,2026-08-08T16:42:30.408267
TXN-01437,CUST-7372,857,Wallet,FAILED,PAYMENT_DECLINED,REGULAR,4,3,1,2,1,False,True,0.17,6.7,56,2,2026-06-10T16:42:30.408267
TXN-01438,CUST-7846,960,Wallet,SUCCESS,,NEW,10,12,9,3,3,False,False,0.13,5.6,53,0,2026-06-29T16:42:30.408267
TXN-01439,CUST-3273,1693,Wallet,SUCCESS,,LOYAL,12,27,8,19,2,True,False,0.91,4.0,59,0,2026-06-19T16:42:30.408267
TXN-01440,CUST-7890,19002,Debit Card,FAILED,NETWORK_TIMEOUT,AT_RISK,35,21,9,12,0,False,True,0.82,1.2,34,2,2026-08-21T16:42:30.408267
TXN-01441,CUST-5176,2499,Debit Card,SUCCESS,,AT_RISK,15,10,4,6,1,False,True,0.89,6.3,7,0,2026-08-16T16:42:30.408267
TXN-01442,CUST-7356,16616,Credit Card,FAILED,NETWORK_TIMEOUT,LOYAL,3,20,12,8,0,False,False,0.24,1.6,52,2,2026-06-25T16:42:30.408267
TXN-01443,CUST-9338,986,Credit Card,FAILED,INSUFFICIENT_FUNDS,REGULAR,26,30,27,3,3,True,False,0.59,3.7,43,2,2026-09-04T16:42:30.408267
TXN-01444,CUST-2267,1866,Net Banking,SUCCESS,,REGULAR,33,25,3,22,3,True,True,0.47,2.1,48,0,2026-07-30T16:42:30.408267
TXN-01445,CUST-9651,240,Debit Card,SUCCESS,,NEW,3,19,0,19,0,False,True,0.26,2.6,12,0,2026-06-21T16:42:30.408267
TXN-01446,CUST-6996,8134,Debit Card,FAILED,INSUFFICIENT_FUNDS,REGULAR,25,2,1,1,1,True,False,0.49,0.0,52,1,2026-07-17T16:42:30.408267
TXN-01447,CUST-5067,923,Wallet,SUCCESS,,LOYAL,1,3,0,3,1,True,True,0.32,0.9,8,0,2026-08-17T16:42:30.408267
TXN-01448,CUST-4358,259,Wallet,SUCCESS,,NEW,18,9,7,2,0,False,False,0.93,6.6,51,0,2026-07-10T16:42:30.408267
TXN-01449,CUST-9725,435,Wallet,SUCCESS,,LOYAL,16,5,3,2,0,False,True,0.23,0.6,32,0,2026-08-04T16:42:30.408267
TXN-01450,CUST-8408,18781,Debit Card,SUCCESS,,AT_RISK,1,2,2,0,3,False,False,0.16,1.3,33,0,2026-06-13T16:42:30.408267
TXN-01451,CUST-4094,431,UPI,FAILED,BANK_ERROR,REGULAR,10,25,20,5,3,True,False,0.31,2.8,13,0,2026-06-17T16:42:30.408267
TXN-01452,CUST-1447,2507,Net Banking,SUCCESS,,NEW,35,19,4,15,3,False,False,0.93,3.6,46,0,2026-07-16T16:42:30.408267
TXN-01453,CUST-2575,9502,Wallet,SUCCESS,,NEW,23,14,14,0,2,True,True,0.79,5.3,8,0,2026-06-22T16:42:30.408267
TXN-01454,CUST-9863,18454,Credit Card,FAILED,INSUFFICIENT_FUNDS,LOYAL,35,17,3,14,1,True,False,0.51,1.6,41,3,2026-07-06T16:42:30.408267
TXN-01455,CUST-6741,359,Net Banking,SUCCESS,,REGULAR,31,19,13,6,0,False,True,0.95,1.5,13,0,2026-07-05T16:42:30.408267
TXN-01456,CUST-3184,3999,Net Banking,FAILED,PAYMENT_DECLINED,REGULAR,14,16,15,1,1,True,False,0.53,6.0,56,3,2026-08-07T16:42:30.408267
TXN-01457,CUST-1718,376,Credit Card,FAILED,CARD_EXPIRED,LOYAL,14,4,3,1,3,True,False,0.42,6.3,24,1,2026-07-14T16:42:30.408267
TXN-01458,CUST-7662,12004,Wallet,SUCCESS,,LOYAL,23,17,8,9,2,False,True,0.74,5.9,6,0,2026-07-11T16:42:30.408267
TXN-01459,CUST-4690,646,Net Banking,SUCCESS,,AT_RISK,22,13,11,2,2,True,False,0.34,3.8,55,0,2026-07-30T16:42:30.408267
TXN-01460,CUST-8063,741,Net Banking,SUCCESS,,REGULAR,35,29,28,1,2,True,False,0.3,1.0,57,0,2026-08-15T16:42:30.408267
TXN-01461,CUST-2984,10698,UPI,SUCCESS,,LOYAL,12,11,1,10,2,True,False,0.53,6.8,48,0,2026-07-10T16:42:30.408267
TXN-01462,CUST-1957,1273,Debit Card,FAILED,CUSTOMER_ABANDONED,NEW,33,3,1,2,2,True,False,0.66,1.8,20,3,2026-07-01T16:42:30.408267
TXN-01463,CUST-3315,19208,UPI,SUCCESS,,AT_RISK,24,17,17,0,1,False,True,0.74,5.6,43,0,2026-08-19T16:42:30.408267
TXN-01464,CUST-4071,615,Debit Card,FAILED,CARD_EXPIRED,AT_RISK,34,23,22,1,2,True,False,0.27,3.3,9,2,2026-06-29T16:42:30.408267
TXN-01465,CUST-4843,2806,UPI,SUCCESS,,AT_RISK,21,5,3,2,2,True,False,0.29,1.8,29,0,2026-06-12T16:42:30.408267
TXN-01466,CUST-6134,4019,Credit Card,FAILED,PAYMENT_DECLINED,NEW,15,23,6,17,1,False,True,0.63,1.7,57,0,2026-07-06T16:42:30.408267
TXN-01467,CUST-9646,1946,UPI,SUCCESS,,NEW,25,27,22,5,2,False,False,0.35,4.3,25,0,2026-06-16T16:42:30.408267
TXN-01468,CUST-3225,4496,Net Banking,SUCCESS,,AT_RISK,8,13,9,4,3,False,True,0.36,2.5,24,0,2026-07-07T16:42:30.408267
TXN-01469,CUST-9216,11774,Credit Card,SUCCESS,,REGULAR,1,1,1,0,3,True,True,0.35,4.3,9,0,2026-07-02T16:42:30.408267
TXN-01470,CUST-4601,592,Net Banking,SUCCESS,,LOYAL,34,25,14,11,2,True,False,0.26,6.0,54,0,2026-06-20T16:42:30.408267
TXN-01471,CUST-2351,2107,Credit Card,FAILED,CARD_EXPIRED,AT_RISK,1,27,15,12,2,True,True,0.9,4.0,46,1,2026-07-28T16:42:30.408267
TXN-01472,CUST-9478,3076,Debit Card,FAILED,BANK_ERROR,NEW,28,18,12,6,2,True,False,0.92,3.2,4,1,2026-06-20T16:42:30.408267
TXN-01473,CUST-1868,396,Wallet,FAILED,CARD_EXPIRED,REGULAR,27,13,8,5,2,True,True,0.88,5.3,60,2,2026-08-31T16:42:30.408267
TXN-01474,CUST-4389,10431,Credit Card,FAILED,INSUFFICIENT_FUNDS,LOYAL,17,22,10,12,3,False,False,0.17,1.6,10,0,2026-06-06T16:42:30.408267
TXN-01475,CUST-2032,11979,Wallet,SUCCESS,,NEW,25,18,6,12,0,False,True,0.23,5.2,44,0,2026-07-12T16:42:30.408267
TXN-01476,CUST-7333,922,UPI,SUCCESS,,AT_RISK,13,26,19,7,2,True,False,0.15,2.9,57,0,2026-07-28T16:42:30.408267
TXN-01477,CUST-2684,17514,Credit Card,SUCCESS,,AT_RISK,35,27,27,0,1,False,False,0.36,0.1,54,0,2026-07-15T16:42:30.408267
TXN-01478,CUST-6930,3649,Credit Card,SUCCESS,,AT_RISK,11,12,12,0,3,False,True,0.7,1.7,30,0,2026-06-14T16:42:30.408267
TXN-01479,CUST-8625,17067,Credit Card,FAILED,PAYMENT_DECLINED,NEW,22,24,9,15,2,True,False,0.13,5.7,54,2,2026-07-02T16:42:30.408267
TXN-01480,CUST-4424,398,Credit Card,FAILED,NETWORK_TIMEOUT,REGULAR,36,26,6,20,1,True,False,0.12,2.0,1,1,2026-06-12T16:42:30.408267
TXN-01481,CUST-8254,512,Debit Card,SUCCESS,,AT_RISK,25,24,22,2,3,False,True,0.19,1.8,30,0,2026-08-31T16:42:30.408267
TXN-01482,CUST-8514,1038,Wallet,FAILED,CARD_EXPIRED,NEW,17,18,3,15,2,True,True,0.42,2.7,36,1,2026-06-08T16:42:30.408267
TXN-01483,CUST-4524,853,Credit Card,SUCCESS,,LOYAL,32,11,4,7,1,True,True,0.84,5.9,58,0,2026-08-10T16:42:30.408267
TXN-01484,CUST-4611,636,UPI,SUCCESS,,AT_RISK,31,12,1,11,2,False,True,0.43,5.4,55,0,2026-06-09T16:42:30.408267
TXN-01485,CUST-6893,14283,Debit Card,SUCCESS,,NEW,31,9,6,3,0,False,True,0.59,6.8,19,0,2026-08-15T16:42:30.408267
TXN-01486,CUST-5227,1685,Net Banking,SUCCESS,,NEW,5,29,26,3,3,False,False,0.42,3.0,2,0,2026-08-04T16:42:30.408267
TXN-01487,CUST-5910,16286,UPI,SUCCESS,,AT_RISK,24,19,18,1,0,False,False,0.69,5.0,11,0,2026-08-07T16:42:30.408267
TXN-01488,CUST-2043,11696,UPI,FAILED,INSUFFICIENT_FUNDS,REGULAR,18,26,2,24,1,False,False,0.38,0.7,54,0,2026-07-05T16:42:30.408267
TXN-01489,CUST-9137,363,Credit Card,FAILED,NETWORK_TIMEOUT,AT_RISK,32,30,4,26,3,True,False,0.44,5.4,54,1,2026-08-24T16:42:30.408267
TXN-01490,CUST-5591,4316,UPI,SUCCESS,,AT_RISK,19,3,2,1,0,False,False,0.12,6.9,25,0,2026-06-21T16:42:30.408267
TXN-01491,CUST-2347,750,UPI,SUCCESS,,LOYAL,8,9,1,8,3,True,True,0.3,5.7,46,0,2026-08-09T16:42:30.408267
TXN-01492,CUST-9717,4436,UPI,SUCCESS,,LOYAL,22,4,4,0,3,True,True,0.51,0.0,15,0,2026-08-08T16:42:30.408267
TXN-01493,CUST-4403,19304,Net Banking,SUCCESS,,AT_RISK,7,3,3,0,0,False,True,0.82,2.0,4,0,2026-08-28T16:42:30.408267
TXN-01494,CUST-7938,8887,Debit Card,SUCCESS,,LOYAL,15,28,12,16,0,False,True,0.38,2.7,53,0,2026-08-05T16:42:30.408267
TXN-01495,CUST-5295,590,Net Banking,SUCCESS,,REGULAR,11,3,1,2,0,False,False,0.82,1.4,54,0,2026-07-26T16:42:30.408267
TXN-01496,CUST-5290,496,Debit Card,SUCCESS,,NEW,25,25,16,9,3,True,False,0.95,3.8,42,0,2026-08-24T16:42:30.408267
TXN-01497,CUST-7716,329,Debit Card,FAILED,BANK_ERROR,AT_RISK,13,27,0,27,1,False,False,0.56,1.3,35,0,2026-08-14T16:42:30.408267
TXN-01498,CUST-1062,973,Wallet,SUCCESS,,LOYAL,23,26,1,25,3,False,True,0.86,0.1,6,0,2026-08-07T16:42:30.408267
TXN-01499,CUST-5475,951,UPI,SUCCESS,,AT_RISK,34,18,10,8,0,False,True,0.82,1.8,12,0,2026-06-06T16:42:30.408267
TXN-01500,CUST-9158,999,Net Banking,FAILED,CUSTOMER_ABANDONED,REGULAR,21,16,12,4,3,False,False,0.56,6.8,6,3,2026-09-01T16:42:30.408267
TXN-01501,CUST-5204,3338,UPI,SUCCESS,,REGULAR,35,9,5,4,2,False,True,0.36,0.3,16,0,2026-07-28T16:42:30.408267
TXN-01502,CUST-8028,862,UPI,SUCCESS,,NEW,6,25,5,20,0,False,True,0.41,3.8,45,0,2026-08-02T16:42:30.408267
TXN-01503,CUST-3412,477,Wallet,SUCCESS,,AT_RISK,18,8,8,0,0,False,False,0.38,1.2,36,0,2026-06-22T16:42:30.408267
TXN-01504,CUST-8293,17001,Net Banking,SUCCESS,,LOYAL,11,27,4,23,3,True,False,0.29,1.8,51,0,2026-09-01T16:42:30.408267
TXN-01505,CUST-9723,17057,Wallet,SUCCESS,,LOYAL,5,10,2,8,1,False,False,0.29,5.6,6,0,2026-07-13T16:42:30.408267
TXN-01506,CUST-2958,1696,Wallet,SUCCESS,,REGULAR,21,18,8,10,3,False,False,0.89,3.0,9,0,2026-09-02T16:42:30.408267
TXN-01507,CUST-1732,631,Debit Card,SUCCESS,,REGULAR,2,10,5,5,2,False,True,0.23,4.1,41,0,2026-08-06T16:42:30.408267
TXN-01508,CUST-9373,10458,UPI,FAILED,CUSTOMER_ABANDONED,LOYAL,8,15,5,10,2,True,False,0.81,6.1,17,1,2026-06-28T16:42:30.408267
TXN-01509,CUST-7129,3463,Credit Card,SUCCESS,,LOYAL,4,24,20,4,0,False,False,0.69,3.9,24,0,2026-08-20T16:42:30.408267
TXN-01510,CUST-1179,3413,Net Banking,FAILED,BANK_ERROR,NEW,24,20,9,11,2,True,False,0.31,6.5,47,3,2026-06-21T16:42:30.408267
TXN-01511,CUST-5236,17294,Net Banking,SUCCESS,,AT_RISK,25,13,10,3,0,False,False,0.37,3.0,12,0,2026-07-14T16:42:30.408267
TXN-01512,CUST-7335,3427,UPI,FAILED,PAYMENT_DECLINED,AT_RISK,9,15,13,2,3,False,False,0.65,1.6,6,1,2026-07-03T16:42:30.408267
TXN-01513,CUST-4728,1844,Net Banking,SUCCESS,,REGULAR,32,20,20,0,2,True,True,0.76,6.7,36,0,2026-08-23T16:42:30.408267
TXN-01514,CUST-8228,1255,UPI,SUCCESS,,LOYAL,30,21,14,7,0,False,True,0.43,6.5,40,0,2026-09-04T16:42:30.408267
TXN-01515,CUST-3150,5195,UPI,SUCCESS,,REGULAR,26,15,12,3,1,True,True,0.25,1.1,51,0,2026-07-06T16:42:30.408267
TXN-01516,CUST-8520,593,UPI,SUCCESS,,AT_RISK,31,3,0,3,1,True,False,0.39,2.2,10,0,2026-09-02T16:42:30.408267
TXN-01517,CUST-9696,5760,Net Banking,SUCCESS,,REGULAR,2,23,5,18,0,False,True,0.65,6.2,53,0,2026-08-14T16:42:30.408267
TXN-01518,CUST-1776,18092,UPI,SUCCESS,,REGULAR,28,29,18,11,0,False,True,0.3,2.4,27,0,2026-07-08T16:42:30.408267
TXN-01519,CUST-2245,13740,Wallet,SUCCESS,,REGULAR,19,11,3,8,2,False,False,0.59,1.4,49,0,2026-07-06T16:42:30.408267
TXN-01520,CUST-5998,2060,Credit Card,SUCCESS,,NEW,24,29,5,24,1,True,False,0.89,3.8,47,0,2026-08-01T16:42:30.408267
TXN-01521,CUST-2658,7583,Debit Card,SUCCESS,,NEW,13,27,26,1,0,False,True,0.55,6.2,29,0,2026-08-21T16:42:30.408267
TXN-01522,CUST-1042,2262,Credit Card,SUCCESS,,AT_RISK,11,17,8,9,2,True,True,0.41,6.1,31,0,2026-09-03T16:42:30.408267
TXN-01523,CUST-4775,4471,Credit Card,SUCCESS,,LOYAL,27,1,0,1,1,False,True,0.6,6.0,33,0,2026-07-26T16:42:30.408267
TXN-01524,CUST-3814,6050,Net Banking,SUCCESS,,LOYAL,35,6,6,0,0,False,False,0.26,6.9,45,0,2026-07-16T16:42:30.408267
TXN-01525,CUST-1693,3113,Debit Card,FAILED,CARD_EXPIRED,LOYAL,8,22,0,22,0,False,True,0.29,4.4,25,1,2026-08-29T16:42:30.408267
TXN-01526,CUST-5436,2858,Debit Card,FAILED,NETWORK_TIMEOUT,NEW,17,21,11,10,3,False,False,0.76,3.9,9,1,2026-08-03T16:42:30.408267
TXN-01527,CUST-1884,621,Credit Card,FAILED,CUSTOMER_ABANDONED,AT_RISK,1,20,10,10,0,False,False,0.41,3.1,24,2,2026-09-01T16:42:30.408267
TXN-01528,CUST-5366,1631,Net Banking,FAILED,BANK_ERROR,NEW,31,25,25,0,1,True,True,0.34,2.8,30,3,2026-06-16T16:42:30.408267
TXN-01529,CUST-9496,655,Wallet,FAILED,CARD_EXPIRED,NEW,29,10,7,3,2,False,False,0.39,1.8,36,2,2026-06-30T16:42:30.408267
TXN-01530,CUST-9861,11269,Net Banking,SUCCESS,,LOYAL,24,4,2,2,0,False,False,0.56,0.6,21,0,2026-06-20T16:42:30.408267
TXN-01531,CUST-1313,2669,Credit Card,FAILED,INSUFFICIENT_FUNDS,NEW,17,2,0,2,2,True,True,0.52,2.4,24,2,2026-07-24T16:42:30.408267
TXN-01532,CUST-2260,3224,Debit Card,SUCCESS,,LOYAL,18,18,5,13,2,False,True,0.51,3.4,58,0,2026-07-12T16:42:30.408267
TXN-01533,CUST-6439,6538,Debit Card,SUCCESS,,AT_RISK,29,2,2,0,3,True,True,0.35,0.6,22,0,2026-07-22T16:42:30.408267
TXN-01534,CUST-5497,2580,Net Banking,FAILED,INSUFFICIENT_FUNDS,REGULAR,23,4,4,0,3,True,True,0.61,6.2,38,0,2026-07-30T16:42:30.408267
TXN-01535,CUST-1437,2047,Credit Card,SUCCESS,,LOYAL,8,10,7,3,0,False,True,0.64,6.8,17,0,2026-08-25T16:42:30.408267
TXN-01536,CUST-2922,517,UPI,SUCCESS,,AT_RISK,2,3,2,1,0,False,False,0.93,5.6,51,0,2026-08-12T16:42:30.408267
TXN-01537,CUST-5127,10836,Wallet,SUCCESS,,AT_RISK,8,6,6,0,1,False,False,0.68,4.5,22,0,2026-06-30T16:42:30.408267
TXN-01538,CUST-6024,454,Debit Card,FAILED,PAYMENT_DECLINED,LOYAL,2,17,0,17,3,True,False,0.63,6.2,17,0,2026-07-16T16:42:30.408267
TXN-01539,CUST-1755,253,UPI,SUCCESS,,LOYAL,29,26,18,8,0,False,True,0.62,1.7,2,0,2026-09-03T16:42:30.408267
TXN-01540,CUST-6740,2097,Wallet,FAILED,CUSTOMER_ABANDONED,LOYAL,21,11,0,11,1,True,True,0.55,0.5,44,1,2026-07-16T16:42:30.408267
TXN-01541,CUST-5538,5098,UPI,SUCCESS,,AT_RISK,16,11,10,1,1,True,False,0.47,2.7,19,0,2026-07-22T16:42:30.408267
TXN-01542,CUST-3847,781,UPI,SUCCESS,,AT_RISK,5,1,1,0,1,False,True,0.4,0.0,38,0,2026-09-03T16:42:30.408267
TXN-01543,CUST-4773,604,Wallet,FAILED,CARD_EXPIRED,NEW,27,4,4,0,1,False,True,0.55,5.9,15,0,2026-06-24T16:42:30.408267
TXN-01544,CUST-4706,11135,Wallet,SUCCESS,,LOYAL,21,20,13,7,2,True,False,0.71,7.0,8,0,2026-08-17T16:42:30.408267
TXN-01545,CUST-9470,595,Net Banking,SUCCESS,,NEW,10,23,3,20,3,True,True,0.2,0.1,30,0,2026-06-29T16:42:30.408267
TXN-01546,CUST-8315,11339,Net Banking,SUCCESS,,AT_RISK,21,15,11,4,3,True,False,0.85,6.1,56,0,2026-08-13T16:42:30.408267
TXN-01547,CUST-3698,2090,Debit Card,SUCCESS,,REGULAR,13,17,12,5,0,False,True,0.53,2.6,37,0,2026-08-30T16:42:30.408267
TXN-01548,CUST-7812,11780,Wallet,SUCCESS,,LOYAL,14,13,12,1,3,True,True,0.94,2.1,37,0,2026-07-16T16:42:30.408267
TXN-01549,CUST-6261,383,Debit Card,SUCCESS,,LOYAL,28,16,13,3,3,True,False,0.33,3.8,54,0,2026-08-08T16:42:30.408267
TXN-01550,CUST-7200,402,Credit Card,FAILED,BANK_ERROR,LOYAL,15,28,26,2,2,True,True,0.62,3.4,54,2,2026-07-29T16:42:30.408267
TXN-01551,CUST-2068,2625,Wallet,SUCCESS,,REGULAR,8,22,10,12,2,False,True,0.52,5.1,41,0,2026-06-26T16:42:30.408267
TXN-01552,CUST-7024,18308,Debit Card,SUCCESS,,LOYAL,4,2,1,1,3,False,False,0.53,0.7,10,0,2026-07-29T16:42:30.408267
TXN-01553,CUST-6200,3306,UPI,SUCCESS,,LOYAL,22,1,0,1,0,False,False,0.67,0.7,11,0,2026-06-14T16:42:30.408267
TXN-01554,CUST-3300,4660,Wallet,FAILED,PAYMENT_DECLINED,REGULAR,6,16,9,7,3,False,True,0.18,5.5,35,1,2026-08-19T16:42:30.408267
TXN-01555,CUST-4412,978,Debit Card,SUCCESS,,REGULAR,34,22,11,11,1,True,True,0.54,6.6,27,0,2026-07-29T16:42:30.408267
TXN-01556,CUST-4178,2849,Wallet,SUCCESS,,REGULAR,16,16,16,0,2,True,False,0.32,5.1,5,0,2026-07-17T16:42:30.408267
TXN-01557,CUST-4395,9826,Wallet,SUCCESS,,NEW,31,5,1,4,3,True,False,0.38,3.6,9,0,2026-08-03T16:42:30.408267
TXN-01558,CUST-7904,2071,Wallet,SUCCESS,,LOYAL,3,27,12,15,3,True,True,0.74,2.0,1,0,2026-07-07T16:42:30.408267
TXN-01559,CUST-3609,2991,Debit Card,SUCCESS,,REGULAR,35,18,18,0,0,False,True,0.23,5.5,59,0,2026-08-05T16:42:30.408267
TXN-01560,CUST-4894,3445,Net Banking,SUCCESS,,AT_RISK,12,2,1,1,3,True,True,0.73,1.4,1,0,2026-06-12T16:42:30.408267
TXN-01561,CUST-2306,9740,Credit Card,SUCCESS,,LOYAL,35,25,19,6,0,False,False,0.46,6.5,53,0,2026-06-25T16:42:30.408267
TXN-01562,CUST-9444,435,Net Banking,SUCCESS,,REGULAR,19,28,21,7,0,False,True,0.61,5.6,1,0,2026-06-21T16:42:30.408267
TXN-01563,CUST-7910,3607,Net Banking,SUCCESS,,AT_RISK,23,3,0,3,0,False,False,0.62,2.0,48,0,2026-07-29T16:42:30.408267
TXN-01564,CUST-7964,361,Net Banking,FAILED,CARD_EXPIRED,NEW,7,14,1,13,2,True,True,0.6,3.9,45,3,2026-06-24T16:42:30.408267
TXN-01565,CUST-7953,6518,Net Banking,SUCCESS,,AT_RISK,26,16,14,2,0,False,True,0.47,5.3,55,0,2026-08-24T16:42:30.408267
TXN-01566,CUST-7109,684,Wallet,SUCCESS,,REGULAR,34,28,4,24,2,False,False,0.15,1.6,27,0,2026-06-27T16:42:30.408267
TXN-01567,CUST-9250,16356,Credit Card,SUCCESS,,NEW,35,7,7,0,3,True,False,0.87,5.9,24,0,2026-07-13T16:42:30.408267
TXN-01568,CUST-4422,703,Debit Card,FAILED,PAYMENT_DECLINED,AT_RISK,11,2,2,0,3,True,True,0.83,1.8,30,2,2026-07-09T16:42:30.408267
TXN-01569,CUST-6724,5911,Credit Card,SUCCESS,,NEW,20,23,7,16,0,False,False,0.58,0.9,4,0,2026-08-07T16:42:30.408267
TXN-01570,CUST-7647,4361,Credit Card,SUCCESS,,AT_RISK,1,10,8,2,1,True,False,0.81,1.5,29,0,2026-08-20T16:42:30.408267
TXN-01571,CUST-2802,4846,UPI,SUCCESS,,REGULAR,5,11,11,0,1,True,False,0.84,5.1,24,0,2026-09-02T16:42:30.408267
TXN-01572,CUST-8381,7319,Debit Card,SUCCESS,,REGULAR,3,23,7,16,0,False,True,0.67,6.9,60,0,2026-07-05T16:42:30.408267
TXN-01573,CUST-9181,458,Credit Card,SUCCESS,,NEW,6,4,1,3,3,False,False,0.32,3.8,55,0,2026-08-28T16:42:30.408267
TXN-01574,CUST-7551,19746,Net Banking,FAILED,CARD_EXPIRED,AT_RISK,18,5,2,3,3,False,True,0.84,4.9,50,2,2026-08-04T16:42:30.408267
TXN-01575,CUST-9048,19208,Credit Card,FAILED,CUSTOMER_ABANDONED,AT_RISK,1,5,5,0,1,True,True,0.24,6.3,47,0,2026-07-07T16:42:30.408267
TXN-01576,CUST-9479,203,UPI,SUCCESS,,NEW,25,16,0,16,2,True,True,0.66,2.6,14,0,2026-07-31T16:42:30.408267
TXN-01577,CUST-2399,5190,Wallet,SUCCESS,,REGULAR,19,24,20,4,2,False,True,0.91,5.9,42,0,2026-06-06T16:42:30.408267
TXN-01578,CUST-7279,868,Wallet,FAILED,CARD_EXPIRED,LOYAL,16,25,20,5,3,True,False,0.32,3.5,12,1,2026-07-07T16:42:30.408267
TXN-01579,CUST-8790,2264,UPI,SUCCESS,,AT_RISK,35,19,1,18,3,True,True,0.42,4.2,22,0,2026-08-26T16:42:30.408267
TXN-01580,CUST-1543,1929,Debit Card,SUCCESS,,NEW,15,8,7,1,0,False,True,0.61,5.1,36,0,2026-07-16T16:42:30.408267
TXN-01581,CUST-2148,16309,Credit Card,SUCCESS,,AT_RISK,4,24,17,7,3,False,False,0.57,1.6,41,0,2026-09-04T16:42:30.408267
TXN-01582,CUST-9803,1008,Net Banking,FAILED,INSUFFICIENT_FUNDS,AT_RISK,7,25,12,13,3,False,False,0.5,5.3,49,2,2026-07-17T16:42:30.408267
TXN-01583,CUST-3083,3671,Wallet,SUCCESS,,REGULAR,4,30,17,13,1,False,True,0.52,1.4,50,0,2026-06-19T16:42:30.408267
TXN-01584,CUST-7036,737,UPI,SUCCESS,,REGULAR,22,6,6,0,1,True,False,0.57,0.5,33,0,2026-07-16T16:42:30.424330
TXN-01585,CUST-5770,3026,Net Banking,SUCCESS,,NEW,35,29,22,7,3,False,True,0.9,4.6,30,0,2026-07-01T16:42:30.424330
TXN-01586,CUST-9620,16185,Net Banking,SUCCESS,,LOYAL,4,25,22,3,1,True,True,0.13,4.9,18,0,2026-07-08T16:42:30.424330
TXN-01587,CUST-2081,9666,UPI,SUCCESS,,AT_RISK,35,30,13,17,0,False,True,0.26,6.8,38,0,2026-06-06T16:42:30.424330
TXN-01588,CUST-7712,1082,UPI,SUCCESS,,NEW,24,19,17,2,3,False,False,0.55,6.1,28,0,2026-08-20T16:42:30.424330
TXN-01589,CUST-8174,16956,UPI,SUCCESS,,REGULAR,21,16,16,0,1,True,True,0.39,3.4,17,0,2026-08-18T16:42:30.424330
TXN-01590,CUST-8846,4431,Wallet,SUCCESS,,AT_RISK,14,16,14,2,0,False,False,0.66,5.1,20,0,2026-07-22T16:42:30.424330
TXN-01591,CUST-3161,660,Wallet,SUCCESS,,NEW,13,5,0,5,0,False,False,0.41,6.8,51,0,2026-07-14T16:42:30.424330
TXN-01592,CUST-1910,1792,Wallet,FAILED,PAYMENT_DECLINED,REGULAR,2,23,5,18,3,True,False,0.66,4.1,29,1,2026-07-28T16:42:30.424330
TXN-01593,CUST-7032,7216,Debit Card,SUCCESS,,REGULAR,19,7,3,4,1,True,True,0.17,6.6,2,0,2026-07-18T16:42:30.424330
TXN-01594,CUST-7494,4934,Wallet,SUCCESS,,AT_RISK,32,1,0,1,1,False,True,0.39,1.3,59,0,2026-07-04T16:42:30.424330
TXN-01595,CUST-7829,499,Net Banking,SUCCESS,,NEW,13,23,0,23,3,True,False,0.25,3.9,37,0,2026-07-01T16:42:30.424330
TXN-01596,CUST-1187,4116,Credit Card,SUCCESS,,REGULAR,12,5,4,1,3,False,True,0.88,1.3,32,0,2026-08-16T16:42:30.424330
TXN-01597,CUST-1967,5358,Wallet,FAILED,BANK_ERROR,LOYAL,1,11,10,1,1,False,True,0.12,4.1,44,3,2026-08-24T16:42:30.424330
TXN-01598,CUST-4911,336,UPI,SUCCESS,,LOYAL,8,18,1,17,0,False,False,0.69,5.8,21,0,2026-07-18T16:42:30.424330
TXN-01599,CUST-3765,3827,Credit Card,FAILED,BANK_ERROR,NEW,7,5,3,2,3,False,True,0.16,2.3,51,1,2026-06-08T16:42:30.424330
TXN-01600,CUST-1077,13222,UPI,SUCCESS,,LOYAL,30,26,15,11,3,False,False,0.14,6.5,27,0,2026-07-11T16:42:30.424330
TXN-01601,CUST-7124,13473,Debit Card,SUCCESS,,NEW,4,13,10,3,3,True,False,0.64,3.7,5,0,2026-08-21T16:42:30.424330
TXN-01602,CUST-2049,4013,Debit Card,FAILED,NETWORK_TIMEOUT,NEW,23,17,7,10,3,True,True,0.47,4.3,28,2,2026-07-26T16:42:30.424330
TXN-01603,CUST-2238,607,UPI,SUCCESS,,REGULAR,33,23,11,12,3,True,False,0.11,6.4,32,0,2026-08-19T16:42:30.424330
TXN-01604,CUST-8522,2531,UPI,SUCCESS,,LOYAL,22,1,0,1,2,True,True,0.85,6.0,14,0,2026-09-03T16:42:30.424330
TXN-01605,CUST-7051,979,Debit Card,SUCCESS,,LOYAL,4,27,10,17,0,False,False,0.58,6.3,3,0,2026-08-13T16:42:30.424330
TXN-01606,CUST-2953,18375,Net Banking,SUCCESS,,NEW,27,14,5,9,3,True,False,0.38,3.0,56,0,2026-08-15T16:42:30.424330
TXN-01607,CUST-7694,914,Debit Card,SUCCESS,,NEW,19,19,19,0,3,False,True,0.12,0.3,4,0,2026-07-25T16:42:30.424330
TXN-01608,CUST-1930,483,Credit Card,SUCCESS,,LOYAL,28,8,0,8,3,True,False,0.75,6.6,15,0,2026-08-07T16:42:30.424330
TXN-01609,CUST-6471,1101,Wallet,FAILED,PAYMENT_DECLINED,LOYAL,26,1,0,1,2,True,False,0.9,0.5,6,3,2026-08-02T16:42:30.424330
TXN-01610,CUST-9956,7431,Net Banking,FAILED,INSUFFICIENT_FUNDS,LOYAL,21,16,9,7,1,True,True,0.64,0.0,9,1,2026-08-13T16:42:30.424330
TXN-01611,CUST-2155,823,UPI,FAILED,NETWORK_TIMEOUT,AT_RISK,18,30,18,12,2,True,True,0.67,6.9,34,3,2026-08-17T16:42:30.424330
TXN-01612,CUST-8455,5893,Wallet,SUCCESS,,NEW,32,8,7,1,0,False,False,0.55,3.5,23,0,2026-06-29T16:42:30.424330
TXN-01613,CUST-6052,4022,Wallet,SUCCESS,,AT_RISK,4,24,21,3,1,True,True,0.13,3.0,17,0,2026-08-29T16:42:30.424330
TXN-01614,CUST-7353,318,Debit Card,FAILED,CUSTOMER_ABANDONED,AT_RISK,33,21,20,1,1,True,False,0.45,2.2,25,2,2026-06-07T16:42:30.424330
TXN-01615,CUST-9395,1121,Net Banking,SUCCESS,,LOYAL,29,6,4,2,3,False,False,0.39,0.6,45,0,2026-08-20T16:42:30.424330
TXN-01616,CUST-3590,1419,Wallet,SUCCESS,,LOYAL,12,5,0,5,1,True,True,0.85,4.1,23,0,2026-07-11T16:42:30.424330
TXN-01617,CUST-3878,6268,Credit Card,SUCCESS,,REGULAR,36,6,3,3,2,True,False,0.61,0.6,46,0,2026-08-29T16:42:30.424330
TXN-01618,CUST-7557,980,Debit Card,SUCCESS,,AT_RISK,36,7,3,4,1,True,False,0.89,5.6,45,0,2026-06-25T16:42:30.424330
TXN-01619,CUST-7178,19283,Credit Card,SUCCESS,,REGULAR,28,13,9,4,3,True,True,0.84,3.3,21,0,2026-07-27T16:42:30.424330
TXN-01620,CUST-5842,277,Credit Card,FAILED,PAYMENT_DECLINED,REGULAR,25,20,13,7,0,False,True,0.93,5.6,14,0,2026-08-30T16:42:30.424330
TXN-01621,CUST-5547,4454,Net Banking,SUCCESS,,LOYAL,21,24,9,15,0,False,True,0.54,4.8,3,0,2026-06-22T16:42:30.424330
TXN-01622,CUST-9822,13309,Credit Card,SUCCESS,,NEW,36,23,7,16,0,False,True,0.39,5.2,15,0,2026-08-16T16:42:30.424330
TXN-01623,CUST-5977,3780,Debit Card,SUCCESS,,REGULAR,33,4,1,3,3,False,False,0.29,6.8,10,0,2026-08-01T16:42:30.424330
TXN-01624,CUST-9718,11868,Wallet,SUCCESS,,LOYAL,29,25,0,25,3,False,False,0.95,6.2,23,0,2026-07-30T16:42:30.424330
TXN-01625,CUST-8116,3852,Net Banking,SUCCESS,,REGULAR,25,7,0,7,2,True,True,0.53,0.1,29,0,2026-06-10T16:42:30.424330
TXN-01626,CUST-5903,18173,UPI,SUCCESS,,NEW,16,20,7,13,0,False,False,0.19,2.7,57,0,2026-06-12T16:42:30.424330
TXN-01627,CUST-1878,8409,Wallet,SUCCESS,,AT_RISK,20,30,15,15,2,True,False,0.72,1.3,56,0,2026-06-18T16:42:30.424330
TXN-01628,CUST-4294,2943,Credit Card,SUCCESS,,NEW,15,21,13,8,3,False,True,0.26,2.4,6,0,2026-06-17T16:42:30.424330
TXN-01629,CUST-8155,7623,Debit Card,SUCCESS,,LOYAL,13,9,0,9,2,True,False,0.43,3.5,7,0,2026-06-26T16:42:30.424330
TXN-01630,CUST-7814,980,Debit Card,SUCCESS,,REGULAR,32,7,6,1,2,True,False,0.68,2.6,58,0,2026-07-23T16:42:30.424330
TXN-01631,CUST-2143,366,Credit Card,SUCCESS,,NEW,25,4,3,1,2,True,True,0.88,0.8,24,0,2026-06-24T16:42:30.424330
TXN-01632,CUST-7084,7922,Net Banking,FAILED,NETWORK_TIMEOUT,AT_RISK,12,8,0,8,2,False,True,0.41,2.1,49,0,2026-08-18T16:42:30.424330
TXN-01633,CUST-6760,4193,Net Banking,SUCCESS,,AT_RISK,3,17,3,14,3,True,False,0.4,4.4,42,0,2026-06-21T16:42:30.424330
TXN-01634,CUST-5908,19111,Wallet,SUCCESS,,LOYAL,13,13,8,5,3,True,True,0.53,3.8,51,0,2026-08-30T16:42:30.424330
TXN-01635,CUST-6664,416,UPI,FAILED,CUSTOMER_ABANDONED,REGULAR,23,27,3,24,2,True,False,0.55,0.8,3,2,2026-08-25T16:42:30.424330
TXN-01636,CUST-9366,15288,Credit Card,FAILED,CARD_EXPIRED,REGULAR,31,1,0,1,0,False,False,0.79,5.4,23,3,2026-08-26T16:42:30.424330
TXN-01637,CUST-5745,2839,Debit Card,SUCCESS,,AT_RISK,30,19,12,7,2,False,False,0.87,4.2,50,0,2026-08-04T16:42:30.424330
TXN-01638,CUST-1903,556,Net Banking,SUCCESS,,LOYAL,21,20,16,4,3,True,False,0.66,1.0,49,0,2026-07-21T16:42:30.424330
TXN-01639,CUST-9942,14505,UPI,SUCCESS,,REGULAR,17,12,7,5,3,True,True,0.57,2.7,42,0,2026-06-15T16:42:30.424330
TXN-01640,CUST-7445,824,UPI,SUCCESS,,AT_RISK,22,17,14,3,3,False,True,0.75,0.1,21,0,2026-08-25T16:42:30.424330
TXN-01641,CUST-3240,386,Credit Card,SUCCESS,,LOYAL,33,20,10,10,3,True,True,0.21,4.2,5,0,2026-07-18T16:42:30.424330
TXN-01642,CUST-8968,10656,Wallet,SUCCESS,,REGULAR,2,12,8,4,3,False,False,0.28,1.6,40,0,2026-08-07T16:42:30.424330
TXN-01643,CUST-9338,11948,Debit Card,SUCCESS,,AT_RISK,31,15,1,14,3,False,True,0.84,4.2,5,0,2026-06-06T16:42:30.424330
TXN-01644,CUST-7195,18736,Wallet,FAILED,NETWORK_TIMEOUT,AT_RISK,6,9,5,4,0,False,False,0.25,1.8,49,1,2026-06-10T16:42:30.424330
TXN-01645,CUST-3625,13485,Wallet,FAILED,CUSTOMER_ABANDONED,AT_RISK,32,17,17,0,3,True,False,0.88,1.7,38,0,2026-08-04T16:42:30.424330
TXN-01646,CUST-5757,4688,Net Banking,FAILED,BANK_ERROR,NEW,8,24,11,13,1,False,False,0.8,4.7,16,2,2026-08-09T16:42:30.424330
TXN-01647,CUST-8942,4745,Credit Card,SUCCESS,,LOYAL,24,29,0,29,2,True,False,0.91,5.4,32,0,2026-07-06T16:42:30.424330
TXN-01648,CUST-9560,3794,Debit Card,FAILED,CARD_EXPIRED,NEW,8,29,5,24,0,False,False,0.64,4.8,23,3,2026-06-22T16:42:30.424330
TXN-01649,CUST-2737,3659,UPI,FAILED,BANK_ERROR,REGULAR,25,16,6,10,2,True,False,0.26,5.3,60,0,2026-08-19T16:42:30.424330
TXN-01650,CUST-5197,3704,Wallet,SUCCESS,,LOYAL,25,6,3,3,0,False,True,0.19,1.3,12,0,2026-07-14T16:42:30.424330
TXN-01651,CUST-6859,409,Debit Card,SUCCESS,,LOYAL,29,30,23,7,3,True,False,0.87,2.0,28,0,2026-06-17T16:42:30.424330
TXN-01652,CUST-5514,3187,Wallet,SUCCESS,,AT_RISK,8,30,30,0,0,False,True,0.69,1.1,10,0,2026-08-06T16:42:30.424330
TXN-01653,CUST-7011,1984,Debit Card,SUCCESS,,REGULAR,21,7,1,6,0,False,True,0.72,1.9,2,0,2026-06-06T16:42:30.424330
TXN-01654,CUST-1927,3983,Wallet,SUCCESS,,AT_RISK,26,9,7,2,2,False,True,0.71,6.5,15,0,2026-06-18T16:42:30.424330
TXN-01655,CUST-3287,745,Wallet,SUCCESS,,NEW,22,9,6,3,3,True,False,0.23,0.8,54,0,2026-07-28T16:42:30.424330
TXN-01656,CUST-6727,3807,UPI,FAILED,BANK_ERROR,LOYAL,14,24,6,18,2,False,True,0.88,2.7,37,0,2026-07-31T16:42:30.424330
TXN-01657,CUST-4090,3847,Credit Card,SUCCESS,,NEW,20,29,17,12,0,False,True,0.47,3.5,47,0,2026-08-02T16:42:30.424330
TXN-01658,CUST-1961,206,Wallet,FAILED,CARD_EXPIRED,REGULAR,32,6,0,6,1,False,True,0.67,5.4,42,3,2026-08-12T16:42:30.424330
TXN-01659,CUST-5680,488,Net Banking,SUCCESS,,REGULAR,28,11,1,10,0,False,False,0.91,6.3,46,0,2026-06-16T16:42:30.424330
TXN-01660,CUST-1977,9904,Wallet,SUCCESS,,NEW,1,18,9,9,0,False,False,0.83,0.2,30,0,2026-08-22T16:42:30.424330
TXN-01661,CUST-2237,3579,Wallet,FAILED,BANK_ERROR,LOYAL,25,20,1,19,1,False,False,0.58,4.0,32,2,2026-07-18T16:42:30.424330
TXN-01662,CUST-2408,228,UPI,SUCCESS,,REGULAR,17,27,22,5,1,True,True,0.51,6.8,59,0,2026-08-30T16:42:30.424330
TXN-01663,CUST-5683,8314,Net Banking,SUCCESS,,AT_RISK,31,16,12,4,3,True,True,0.41,1.6,42,0,2026-08-21T16:42:30.424330
TXN-01664,CUST-5327,4840,Debit Card,SUCCESS,,LOYAL,29,10,2,8,1,True,True,0.72,2.1,60,0,2026-06-06T16:42:30.424330
TXN-01665,CUST-8452,5783,UPI,SUCCESS,,NEW,25,11,7,4,2,True,False,0.42,2.0,1,0,2026-08-14T16:42:30.424330
TXN-01666,CUST-8871,864,Credit Card,SUCCESS,,REGULAR,7,29,16,13,1,True,True,0.55,0.6,37,0,2026-08-20T16:42:30.424330
TXN-01667,CUST-8724,17184,UPI,SUCCESS,,NEW,22,10,2,8,1,True,True,0.72,2.6,52,0,2026-07-09T16:42:30.424330
TXN-01668,CUST-3282,2830,Debit Card,FAILED,BANK_ERROR,REGULAR,19,9,9,0,3,True,True,0.44,0.6,46,0,2026-09-04T16:42:30.424330
TXN-01669,CUST-3392,4312,Credit Card,SUCCESS,,LOYAL,18,1,1,0,0,False,False,0.33,5.1,51,0,2026-07-11T16:42:30.424330
TXN-01670,CUST-9973,1706,UPI,SUCCESS,,NEW,5,9,4,5,1,True,True,0.62,6.2,34,0,2026-07-30T16:42:30.424330
TXN-01671,CUST-3782,226,Net Banking,SUCCESS,,NEW,16,1,0,1,1,True,True,0.38,5.3,29,0,2026-08-15T16:42:30.424330
TXN-01672,CUST-3303,1150,Credit Card,SUCCESS,,LOYAL,18,27,14,13,1,False,True,0.38,5.5,37,0,2026-07-25T16:42:30.424330
TXN-01673,CUST-6536,941,Credit Card,SUCCESS,,AT_RISK,35,3,1,2,0,False,False,0.55,4.0,54,0,2026-07-07T16:42:30.424330
TXN-01674,CUST-4031,11529,UPI,SUCCESS,,NEW,35,13,8,5,2,True,True,0.7,4.4,37,0,2026-07-16T16:42:30.424330
TXN-01675,CUST-8390,2772,Debit Card,SUCCESS,,REGULAR,32,26,1,25,1,True,False,0.87,0.8,55,0,2026-06-16T16:42:30.424330
TXN-01676,CUST-3497,13208,Wallet,SUCCESS,,AT_RISK,1,1,1,0,3,True,False,0.34,1.9,34,0,2026-06-18T16:42:30.424330
TXN-01677,CUST-2531,3841,Credit Card,SUCCESS,,AT_RISK,5,6,5,1,2,True,True,0.6,0.6,28,0,2026-09-04T16:42:30.424330
TXN-01678,CUST-7498,10470,Wallet,SUCCESS,,LOYAL,24,1,0,1,0,False,False,0.57,0.8,50,0,2026-06-18T16:42:30.424330
TXN-01679,CUST-7643,630,Credit Card,SUCCESS,,NEW,14,8,7,1,2,True,True,0.34,4.0,1,0,2026-08-08T16:42:30.424330
TXN-01680,CUST-4261,659,UPI,SUCCESS,,REGULAR,36,4,2,2,2,False,True,0.33,1.5,16,0,2026-08-06T16:42:30.424330
TXN-01681,CUST-3060,542,Net Banking,SUCCESS,,NEW,35,20,12,8,3,True,False,0.18,7.0,44,0,2026-06-11T16:42:30.424330
TXN-01682,CUST-3677,15535,Wallet,FAILED,INSUFFICIENT_FUNDS,AT_RISK,19,26,8,18,3,True,True,0.87,4.1,39,0,2026-08-02T16:42:30.424330
TXN-01683,CUST-8740,384,Wallet,SUCCESS,,NEW,12,5,1,4,0,False,True,0.21,4.4,30,0,2026-07-20T16:42:30.424330
TXN-01684,CUST-1056,1345,Wallet,SUCCESS,,LOYAL,6,14,8,6,3,True,True,0.7,3.8,10,0,2026-07-22T16:42:30.424330
TXN-01685,CUST-7921,349,Debit Card,FAILED,CUSTOMER_ABANDONED,NEW,3,23,11,12,0,False,True,0.45,2.3,6,0,2026-06-18T16:42:30.424330
TXN-01686,CUST-4115,2750,UPI,FAILED,INSUFFICIENT_FUNDS,REGULAR,15,24,11,13,2,True,False,0.54,2.8,10,2,2026-07-03T16:42:30.424330
TXN-01687,CUST-2532,4862,Net Banking,SUCCESS,,LOYAL,5,11,1,10,3,True,True,0.64,1.1,29,0,2026-06-12T16:42:30.424330
TXN-01688,CUST-5402,4750,Wallet,SUCCESS,,NEW,24,15,10,5,0,False,True,0.55,3.6,30,0,2026-08-18T16:42:30.424330
TXN-01689,CUST-6640,725,UPI,FAILED,PAYMENT_DECLINED,AT_RISK,17,23,8,15,0,False,True,0.12,0.0,15,2,2026-07-05T16:42:30.424330
TXN-01690,CUST-5848,555,UPI,FAILED,NETWORK_TIMEOUT,LOYAL,31,17,0,17,1,True,True,0.65,2.5,35,1,2026-07-08T16:42:30.424330
TXN-01691,CUST-9584,394,Debit Card,SUCCESS,,AT_RISK,33,28,11,17,1,False,True,0.32,6.0,5,0,2026-08-15T16:42:30.424330
TXN-01692,CUST-7608,793,Net Banking,SUCCESS,,AT_RISK,34,11,0,11,2,True,False,0.8,4.1,28,0,2026-08-02T16:42:30.424330
TXN-01693,CUST-5228,422,Credit Card,FAILED,INSUFFICIENT_FUNDS,AT_RISK,18,11,9,2,3,False,True,0.74,4.3,25,2,2026-07-12T16:42:30.424330
TXN-01694,CUST-6826,3192,Wallet,SUCCESS,,REGULAR,2,8,7,1,0,False,True,0.49,2.0,3,0,2026-07-23T16:42:30.424330
TXN-01695,CUST-3081,3859,UPI,SUCCESS,,NEW,33,10,0,10,2,True,True,0.61,0.5,17,0,2026-08-11T16:42:30.424330
TXN-01696,CUST-7407,13494,Net Banking,SUCCESS,,REGULAR,7,9,8,1,0,False,False,0.37,3.4,36,0,2026-07-09T16:42:30.424330
TXN-01697,CUST-2250,339,Debit Card,FAILED,CUSTOMER_ABANDONED,LOYAL,34,19,13,6,3,True,True,0.59,2.0,7,2,2026-08-18T16:42:30.424330
TXN-01698,CUST-3770,968,Net Banking,FAILED,BANK_ERROR,LOYAL,21,8,4,4,0,False,False,0.51,6.2,12,0,2026-09-02T16:42:30.424330
TXN-01699,CUST-1057,592,UPI,SUCCESS,,AT_RISK,15,10,8,2,1,True,False,0.84,4.9,43,0,2026-06-29T16:42:30.424330
TXN-01700,CUST-3516,17582,Wallet,SUCCESS,,LOYAL,15,15,9,6,0,False,False,0.68,6.0,15,0,2026-08-12T16:42:30.424330
TXN-01701,CUST-2924,1383,UPI,SUCCESS,,NEW,33,4,0,4,3,False,True,0.35,5.2,21,0,2026-08-11T16:42:30.424330
TXN-01702,CUST-8244,2081,UPI,SUCCESS,,LOYAL,17,7,2,5,1,True,False,0.43,6.9,47,0,2026-09-01T16:42:30.424330
TXN-01703,CUST-3776,616,Wallet,SUCCESS,,AT_RISK,36,4,2,2,0,False,False,0.44,2.2,5,0,2026-07-18T16:42:30.424330
TXN-01704,CUST-8471,4434,Debit Card,FAILED,CARD_EXPIRED,NEW,33,26,11,15,1,False,True,0.93,6.5,6,3,2026-07-18T16:42:30.424330
TXN-01705,CUST-7468,3916,Debit Card,SUCCESS,,AT_RISK,25,16,0,16,0,False,True,0.29,3.3,40,0,2026-07-04T16:42:30.424330
TXN-01706,CUST-4592,9565,Net Banking,FAILED,CUSTOMER_ABANDONED,AT_RISK,17,25,15,10,1,True,False,0.37,0.1,18,3,2026-07-18T16:42:30.424330
TXN-01707,CUST-1172,236,Net Banking,SUCCESS,,NEW,10,1,0,1,1,False,False,0.83,0.3,40,0,2026-06-28T16:42:30.424330
TXN-01708,CUST-6273,2138,Net Banking,SUCCESS,,REGULAR,12,7,3,4,1,True,False,0.45,4.6,59,0,2026-07-15T16:42:30.424330
TXN-01709,CUST-6010,2776,Debit Card,SUCCESS,,NEW,21,12,5,7,3,False,False,0.48,5.0,45,0,2026-08-30T16:42:30.424330
TXN-01710,CUST-9783,991,Debit Card,SUCCESS,,LOYAL,10,5,0,5,1,True,True,0.84,0.1,19,0,2026-07-04T16:42:30.424330
TXN-01711,CUST-8887,10207,Credit Card,SUCCESS,,LOYAL,30,10,3,7,1,True,False,0.51,5.2,54,0,2026-07-04T16:42:30.424330
TXN-01712,CUST-9710,2654,UPI,SUCCESS,,NEW,23,29,5,24,2,True,True,0.52,6.6,8,0,2026-06-16T16:42:30.424330
TXN-01713,CUST-4978,326,Debit Card,SUCCESS,,AT_RISK,23,4,1,3,2,True,True,0.65,4.7,4,0,2026-08-02T16:42:30.424330
TXN-01714,CUST-9508,8892,UPI,SUCCESS,,NEW,10,25,19,6,3,True,True,0.63,4.4,55,0,2026-08-24T16:42:30.424330
TXN-01715,CUST-4674,9832,UPI,SUCCESS,,NEW,18,3,1,2,2,True,False,0.66,3.3,36,0,2026-07-31T16:42:30.424330
TXN-01716,CUST-2025,18891,Debit Card,SUCCESS,,AT_RISK,32,10,6,4,3,True,True,0.69,5.2,56,0,2026-07-11T16:42:30.424330
TXN-01717,CUST-9100,2823,UPI,FAILED,INSUFFICIENT_FUNDS,AT_RISK,7,5,1,4,2,True,True,0.23,1.8,13,1,2026-06-10T16:42:30.424330
TXN-01718,CUST-4059,8674,Debit Card,SUCCESS,,LOYAL,26,1,0,1,2,False,False,0.64,1.9,43,0,2026-08-29T16:42:30.424330
TXN-01719,CUST-9849,5796,Debit Card,SUCCESS,,AT_RISK,19,17,6,11,1,True,True,0.21,0.8,23,0,2026-07-07T16:42:30.424330
TXN-01720,CUST-6540,13650,UPI,SUCCESS,,AT_RISK,34,17,16,1,3,True,True,0.18,0.0,5,0,2026-07-22T16:42:30.424330
TXN-01721,CUST-6349,3141,UPI,SUCCESS,,NEW,26,28,18,10,0,False,False,0.28,0.1,8,0,2026-08-10T16:42:30.424330
TXN-01722,CUST-2774,4443,Credit Card,FAILED,CARD_EXPIRED,LOYAL,30,12,7,5,3,True,True,0.31,1.1,45,1,2026-07-13T16:42:30.424330
TXN-01723,CUST-7403,1695,UPI,SUCCESS,,LOYAL,21,8,4,4,1,True,True,0.85,2.4,46,0,2026-07-20T16:42:30.424330
TXN-01724,CUST-7457,6105,Debit Card,SUCCESS,,AT_RISK,31,20,2,18,2,True,True,0.95,1.5,59,0,2026-07-29T16:42:30.424330
TXN-01725,CUST-9949,4054,Debit Card,FAILED,NETWORK_TIMEOUT,LOYAL,3,21,0,21,0,False,True,0.4,1.9,55,2,2026-09-02T16:42:30.424330
TXN-01726,CUST-2075,2586,Credit Card,SUCCESS,,REGULAR,6,13,8,5,3,False,True,0.51,5.4,21,0,2026-08-04T16:42:30.424330
TXN-01727,CUST-1271,16426,UPI,SUCCESS,,NEW,13,26,13,13,0,False,True,0.76,4.1,30,0,2026-08-03T16:42:30.424330
TXN-01728,CUST-9774,11541,Credit Card,SUCCESS,,LOYAL,16,12,8,4,3,True,True,0.36,4.0,18,0,2026-06-28T16:42:30.424330
TXN-01729,CUST-6931,4785,Credit Card,SUCCESS,,REGULAR,8,27,16,11,0,False,False,0.89,1.5,45,0,2026-07-03T16:42:30.424330
TXN-01730,CUST-1558,15161,UPI,FAILED,CUSTOMER_ABANDONED,AT_RISK,27,28,16,12,2,False,False,0.25,1.4,60,2,2026-06-16T16:42:30.424330
TXN-01731,CUST-7863,18946,Wallet,SUCCESS,,REGULAR,32,30,25,5,3,True,False,0.71,0.9,38,0,2026-08-13T16:42:30.424330
TXN-01732,CUST-8302,2660,Debit Card,SUCCESS,,NEW,3,28,19,9,2,False,False,0.73,3.2,43,0,2026-06-06T16:42:30.425852
TXN-01733,CUST-7402,5724,Wallet,SUCCESS,,NEW,24,19,12,7,1,True,False,0.29,3.1,34,0,2026-07-30T16:42:30.425852
TXN-01734,CUST-2898,12631,UPI,SUCCESS,,REGULAR,20,17,3,14,3,True,True,0.22,5.9,22,0,2026-07-10T16:42:30.425852
TXN-01735,CUST-8557,4593,UPI,SUCCESS,,REGULAR,5,18,13,5,0,False,True,0.55,0.6,10,0,2026-07-11T16:42:30.425852
TXN-01736,CUST-4199,696,Wallet,SUCCESS,,NEW,13,26,2,24,2,False,False,0.57,4.9,8,0,2026-07-13T16:42:30.425852
TXN-01737,CUST-6161,667,Debit Card,FAILED,CARD_EXPIRED,AT_RISK,31,7,3,4,2,False,True,0.13,4.0,36,3,2026-08-28T16:42:30.425852
TXN-01738,CUST-2846,3754,Credit Card,SUCCESS,,AT_RISK,33,25,23,2,0,False,False,0.57,0.9,38,0,2026-07-03T16:42:30.425852
TXN-01739,CUST-5346,5125,UPI,FAILED,BANK_ERROR,REGULAR,6,24,13,11,1,True,True,0.37,6.6,46,2,2026-08-11T16:42:30.425852
TXN-01740,CUST-3577,4038,UPI,SUCCESS,,AT_RISK,3,7,2,5,2,False,True,0.63,4.4,24,0,2026-07-13T16:42:30.425852
TXN-01741,CUST-3523,340,Debit Card,SUCCESS,,AT_RISK,32,30,1,29,1,False,False,0.16,1.8,50,0,2026-06-23T16:42:30.425852
TXN-01742,CUST-7237,2355,Credit Card,SUCCESS,,NEW,3,26,22,4,0,False,False,0.79,3.0,45,0,2026-07-05T16:42:30.425852
TXN-01743,CUST-9794,8759,Wallet,SUCCESS,,AT_RISK,6,18,13,5,1,False,False,0.79,0.7,3,0,2026-07-11T16:42:30.425852
TXN-01744,CUST-4252,299,Wallet,SUCCESS,,NEW,12,22,9,13,0,False,False,0.9,6.7,4,0,2026-07-05T16:42:30.425852
TXN-01745,CUST-6203,9870,Debit Card,SUCCESS,,AT_RISK,13,22,6,16,2,False,False,0.83,3.5,35,0,2026-08-02T16:42:30.425852
TXN-01746,CUST-8062,984,Credit Card,SUCCESS,,NEW,31,9,9,0,1,False,True,0.32,0.7,22,0,2026-07-26T16:42:30.425852
TXN-01747,CUST-7152,978,Wallet,SUCCESS,,AT_RISK,27,23,20,3,0,False,False,0.39,1.7,46,0,2026-07-16T16:42:30.425852
TXN-01748,CUST-2738,17776,Credit Card,SUCCESS,,AT_RISK,30,7,6,1,2,False,False,0.29,2.7,30,0,2026-07-08T16:42:30.425852
TXN-01749,CUST-4254,490,Wallet,SUCCESS,,AT_RISK,36,23,5,18,3,True,True,0.63,2.6,58,0,2026-07-08T16:42:30.425852
TXN-01750,CUST-9889,8515,Credit Card,SUCCESS,,LOYAL,13,6,2,4,3,True,True,0.4,0.2,48,0,2026-06-23T16:42:30.425852
TXN-01751,CUST-6250,451,UPI,FAILED,INSUFFICIENT_FUNDS,AT_RISK,14,21,14,7,3,False,True,0.77,3.7,11,2,2026-07-01T16:42:30.425852
TXN-01752,CUST-2223,226,Wallet,FAILED,PAYMENT_DECLINED,AT_RISK,29,28,8,20,3,True,False,0.65,6.4,15,1,2026-08-28T16:42:30.425852
TXN-01753,CUST-8958,7460,UPI,SUCCESS,,AT_RISK,7,20,0,20,0,False,False,0.75,3.2,26,0,2026-06-13T16:42:30.425852
TXN-01754,CUST-2524,2934,UPI,SUCCESS,,LOYAL,4,7,6,1,3,False,False,0.32,3.3,59,0,2026-07-29T16:42:30.425852
TXN-01755,CUST-2500,865,Credit Card,FAILED,PAYMENT_DECLINED,NEW,15,4,0,4,0,False,False,0.92,3.3,33,1,2026-06-09T16:42:30.425852
TXN-01756,CUST-9684,535,Credit Card,SUCCESS,,LOYAL,33,9,8,1,2,True,False,0.9,4.8,9,0,2026-07-27T16:42:30.425852
TXN-01757,CUST-6246,2793,Credit Card,SUCCESS,,AT_RISK,34,9,0,9,0,False,False,0.62,6.7,36,0,2026-07-28T16:42:30.425852
TXN-01758,CUST-7973,8259,Wallet,SUCCESS,,REGULAR,7,1,1,0,3,True,True,0.44,2.7,23,0,2026-08-11T16:42:30.425852
TXN-01759,CUST-2580,11580,Net Banking,SUCCESS,,NEW,22,23,5,18,3,True,True,0.9,5.1,48,0,2026-07-10T16:42:30.425852
TXN-01760,CUST-2895,779,UPI,SUCCESS,,REGULAR,1,27,14,13,2,True,False,0.3,4.7,44,0,2026-07-24T16:42:30.425852
TXN-01761,CUST-5550,4553,UPI,SUCCESS,,NEW,9,2,2,0,0,False,True,0.72,3.3,8,0,2026-09-04T16:42:30.425852
TXN-01762,CUST-5003,3372,Wallet,SUCCESS,,LOYAL,3,8,3,5,1,False,False,0.92,4.7,30,0,2026-08-14T16:42:30.425852
TXN-01763,CUST-2305,8571,Wallet,SUCCESS,,REGULAR,33,18,11,7,1,True,False,0.72,2.2,18,0,2026-06-16T16:42:30.425852
TXN-01764,CUST-2578,5000,Debit Card,SUCCESS,,NEW,4,11,9,2,3,True,True,0.66,0.9,24,0,2026-08-12T16:42:30.425852
TXN-01765,CUST-2577,418,Debit Card,SUCCESS,,LOYAL,30,8,5,3,1,False,False,0.52,5.4,39,0,2026-09-03T16:42:30.425852
TXN-01766,CUST-1231,13272,Net Banking,SUCCESS,,LOYAL,7,18,9,9,3,True,True,0.33,5.0,16,0,2026-07-24T16:42:30.425852
TXN-01767,CUST-9872,1066,Wallet,FAILED,BANK_ERROR,REGULAR,21,28,2,26,3,True,False,0.55,4.9,59,3,2026-07-09T16:42:30.425852
TXN-01768,CUST-2495,8084,Wallet,FAILED,BANK_ERROR,LOYAL,32,18,17,1,1,True,False,0.11,2.7,57,0,2026-09-04T16:42:30.425852
TXN-01769,CUST-8012,13923,Net Banking,SUCCESS,,REGULAR,28,11,0,11,3,True,True,0.89,3.9,14,0,2026-07-11T16:42:30.425852
TXN-01770,CUST-6206,750,Credit Card,SUCCESS,,AT_RISK,11,13,10,3,0,False,True,0.27,0.2,10,0,2026-06-08T16:42:30.425852
TXN-01771,CUST-5480,13163,Debit Card,SUCCESS,,REGULAR,10,10,6,4,2,True,True,0.43,2.2,54,0,2026-06-12T16:42:30.425852
TXN-01772,CUST-9565,768,Debit Card,FAILED,BANK_ERROR,NEW,12,20,10,10,3,True,True,0.49,5.0,4,1,2026-07-05T16:42:30.425852
TXN-01773,CUST-3323,4543,Credit Card,SUCCESS,,NEW,2,15,0,15,3,True,True,0.94,4.7,7,0,2026-08-30T16:42:30.425852
TXN-01774,CUST-6833,680,Wallet,SUCCESS,,NEW,35,12,6,6,2,False,False,0.12,2.8,16,0,2026-07-31T16:42:30.425852
TXN-01775,CUST-5028,1714,Wallet,SUCCESS,,REGULAR,3,16,5,11,2,False,False,0.42,3.7,45,0,2026-08-22T16:42:30.425852
TXN-01776,CUST-1297,266,Credit Card,SUCCESS,,REGULAR,12,6,1,5,3,True,False,0.5,4.9,9,0,2026-08-30T16:42:30.425852
TXN-01777,CUST-7339,18319,Net Banking,FAILED,BANK_ERROR,LOYAL,7,4,2,2,3,True,False,0.72,5.5,1,3,2026-08-06T16:42:30.425852
TXN-01778,CUST-2986,2798,Wallet,SUCCESS,,LOYAL,11,3,0,3,3,False,False,0.68,5.6,18,0,2026-06-16T16:42:30.425852
TXN-01779,CUST-7748,13828,Net Banking,FAILED,NETWORK_TIMEOUT,NEW,19,10,1,9,3,True,True,0.32,3.6,9,1,2026-07-24T16:42:30.425852
TXN-01780,CUST-2915,3356,UPI,FAILED,PAYMENT_DECLINED,LOYAL,14,24,4,20,3,False,True,0.6,4.7,21,0,2026-07-26T16:42:30.425852
TXN-01781,CUST-4718,424,Wallet,SUCCESS,,AT_RISK,5,18,0,18,1,True,False,0.28,4.5,31,0,2026-07-10T16:42:30.425852
TXN-01782,CUST-9701,454,Credit Card,SUCCESS,,AT_RISK,1,13,5,8,0,False,False,0.25,2.3,39,0,2026-08-28T16:42:30.425852
TXN-01783,CUST-4173,612,Wallet,SUCCESS,,AT_RISK,34,21,0,21,0,False,True,0.41,2.7,8,0,2026-06-08T16:42:30.425852
TXN-01784,CUST-7299,1355,Wallet,SUCCESS,,LOYAL,27,19,5,14,3,False,True,0.6,3.9,17,0,2026-06-25T16:42:30.425852
TXN-01785,CUST-9316,4244,Debit Card,SUCCESS,,NEW,3,22,13,9,2,False,False,0.21,6.7,39,0,2026-07-10T16:42:30.425852
TXN-01786,CUST-6223,439,Net Banking,FAILED,PAYMENT_DECLINED,AT_RISK,3,8,4,4,3,False,False,0.67,4.4,57,3,2026-06-14T16:42:30.425852
TXN-01787,CUST-1714,911,Net Banking,FAILED,CUSTOMER_ABANDONED,REGULAR,14,29,20,9,2,True,False,0.86,5.6,2,3,2026-08-08T16:42:30.425852
TXN-01788,CUST-3518,4332,Net Banking,SUCCESS,,LOYAL,15,29,25,4,2,True,True,0.73,5.7,12,0,2026-06-17T16:42:30.425852
TXN-01789,CUST-3827,2360,Net Banking,FAILED,INSUFFICIENT_FUNDS,LOYAL,30,12,1,11,3,False,False,0.1,4.0,21,3,2026-08-25T16:42:30.425852
TXN-01790,CUST-9785,708,Debit Card,SUCCESS,,REGULAR,12,2,1,1,1,True,True,0.66,0.9,39,0,2026-07-04T16:42:30.425852
TXN-01791,CUST-6239,1236,Credit Card,FAILED,BANK_ERROR,LOYAL,34,18,15,3,2,True,True,0.62,1.7,11,1,2026-07-30T16:42:30.425852
TXN-01792,CUST-3391,7619,Credit Card,SUCCESS,,AT_RISK,12,3,1,2,1,False,True,0.62,6.8,36,0,2026-07-19T16:42:30.425852
TXN-01793,CUST-7167,3588,Debit Card,SUCCESS,,AT_RISK,15,28,16,12,0,False,False,0.53,6.7,16,0,2026-06-18T16:42:30.425852
TXN-01794,CUST-4104,16074,UPI,SUCCESS,,LOYAL,20,21,15,6,2,True,True,0.15,6.8,36,0,2026-07-29T16:42:30.425852
TXN-01795,CUST-2260,7937,Net Banking,SUCCESS,,NEW,24,12,9,3,1,False,False,0.32,3.5,33,0,2026-08-13T16:42:30.425852
TXN-01796,CUST-4242,4780,Credit Card,SUCCESS,,LOYAL,13,8,1,7,3,True,True,0.43,5.7,33,0,2026-06-07T16:42:30.425852
TXN-01797,CUST-5208,510,Debit Card,SUCCESS,,AT_RISK,23,2,2,0,1,True,False,0.33,1.3,43,0,2026-07-17T16:42:30.425852
TXN-01798,CUST-1095,5793,Debit Card,FAILED,INSUFFICIENT_FUNDS,REGULAR,14,14,0,14,2,True,False,0.19,1.4,5,0,2026-08-17T16:42:30.425852
TXN-01799,CUST-7202,18387,UPI,SUCCESS,,AT_RISK,23,2,2,0,3,False,False,0.54,6.8,33,0,2026-07-23T16:42:30.425852
TXN-01800,CUST-7496,5369,Debit Card,FAILED,INSUFFICIENT_FUNDS,REGULAR,27,29,13,16,2,True,False,0.49,4.7,4,3,2026-07-25T16:42:30.425852
TXN-01801,CUST-9428,17387,Net Banking,SUCCESS,,AT_RISK,10,16,4,12,0,False,True,0.65,5.5,1,0,2026-07-27T16:42:30.425852
TXN-01802,CUST-1778,15180,Net Banking,SUCCESS,,LOYAL,7,2,1,1,3,True,True,0.73,6.6,29,0,2026-07-13T16:42:30.425852
TXN-01803,CUST-7362,13399,Credit Card,FAILED,BANK_ERROR,REGULAR,35,21,21,0,3,False,True,0.8,4.5,11,2,2026-07-31T16:42:30.425852
TXN-01804,CUST-6274,7549,Net Banking,SUCCESS,,AT_RISK,7,30,20,10,1,False,False,0.69,2.4,21,0,2026-06-30T16:42:30.425852
TXN-01805,CUST-9671,413,Credit Card,SUCCESS,,NEW,16,6,6,0,2,False,True,0.18,5.3,10,0,2026-08-28T16:42:30.425852
TXN-01806,CUST-7222,15632,UPI,SUCCESS,,AT_RISK,3,17,17,0,2,True,False,0.66,3.3,52,0,2026-08-27T16:42:30.425852
TXN-01807,CUST-7606,4695,Debit Card,SUCCESS,,AT_RISK,18,14,1,13,1,True,True,0.51,7.0,11,0,2026-07-15T16:42:30.425852
TXN-01808,CUST-7737,3146,UPI,SUCCESS,,LOYAL,18,15,9,6,0,False,False,0.29,1.1,57,0,2026-07-26T16:42:30.425852
TXN-01809,CUST-1255,15172,Debit Card,SUCCESS,,AT_RISK,33,13,8,5,2,True,False,0.85,5.2,5,0,2026-06-17T16:42:30.425852
TXN-01810,CUST-4436,3143,Net Banking,SUCCESS,,LOYAL,17,19,1,18,1,False,True,0.48,6.2,54,0,2026-06-21T16:42:30.425852
TXN-01811,CUST-7728,1817,Debit Card,SUCCESS,,REGULAR,27,6,2,4,2,True,True,0.15,5.6,34,0,2026-07-21T16:42:30.425852
TXN-01812,CUST-1593,16166,Wallet,FAILED,BANK_ERROR,REGULAR,14,12,1,11,2,True,False,0.57,3.4,46,0,2026-06-10T16:42:30.425852
TXN-01813,CUST-9287,11886,Net Banking,SUCCESS,,AT_RISK,1,30,29,1,1,False,False,0.17,2.7,59,0,2026-06-29T16:42:30.425852
TXN-01814,CUST-4137,1237,Credit Card,SUCCESS,,AT_RISK,22,24,7,17,3,False,False,0.42,0.5,43,0,2026-08-13T16:42:30.425852
TXN-01815,CUST-2789,19477,Net Banking,FAILED,BANK_ERROR,AT_RISK,18,26,21,5,1,False,False,0.26,4.1,47,2,2026-06-27T16:42:30.425852
TXN-01816,CUST-3194,288,UPI,SUCCESS,,REGULAR,13,30,21,9,1,True,True,0.88,4.4,35,0,2026-07-17T16:42:30.425852
TXN-01817,CUST-2763,3476,Net Banking,SUCCESS,,REGULAR,15,8,7,1,3,False,False,0.19,1.9,25,0,2026-09-02T16:42:30.425852
TXN-01818,CUST-4611,524,UPI,FAILED,CARD_EXPIRED,NEW,16,17,13,4,3,True,True,0.16,2.2,53,2,2026-08-23T16:42:30.425852
TXN-01819,CUST-1519,11452,Credit Card,FAILED,CUSTOMER_ABANDONED,REGULAR,9,22,9,13,1,True,True,0.4,2.8,54,0,2026-07-18T16:42:30.425852
TXN-01820,CUST-7862,216,Credit Card,FAILED,INSUFFICIENT_FUNDS,REGULAR,14,23,5,18,3,True,True,0.89,3.4,6,3,2026-08-23T16:42:30.425852
TXN-01821,CUST-6063,1576,Debit Card,SUCCESS,,LOYAL,16,28,28,0,0,False,False,0.17,2.1,15,0,2026-06-14T16:42:30.425852
TXN-01822,CUST-1351,311,UPI,SUCCESS,,LOYAL,10,26,24,2,0,False,True,0.43,4.0,37,0,2026-06-22T16:42:30.425852
TXN-01823,CUST-1858,4352,UPI,FAILED,CUSTOMER_ABANDONED,REGULAR,29,17,13,4,0,False,False,0.55,2.7,59,1,2026-08-08T16:42:30.425852
TXN-01824,CUST-9404,8608,Net Banking,SUCCESS,,LOYAL,10,23,9,14,1,False,True,0.67,6.3,2,0,2026-06-25T16:42:30.425852
TXN-01825,CUST-5223,1517,UPI,SUCCESS,,REGULAR,13,15,5,10,2,False,True,0.46,1.5,16,0,2026-06-16T16:42:30.425852
TXN-01826,CUST-1433,3235,Debit Card,SUCCESS,,NEW,33,19,18,1,3,True,True,0.33,6.1,27,0,2026-06-26T16:42:30.425852
TXN-01827,CUST-6099,18833,Net Banking,SUCCESS,,NEW,29,12,12,0,3,True,False,0.47,6.3,46,0,2026-08-19T16:42:30.425852
TXN-01828,CUST-4496,771,Net Banking,SUCCESS,,LOYAL,6,16,14,2,1,False,True,0.75,5.2,41,0,2026-07-28T16:42:30.425852
TXN-01829,CUST-7207,847,Net Banking,SUCCESS,,NEW,19,19,6,13,1,True,True,0.46,5.8,37,0,2026-08-27T16:42:30.425852
TXN-01830,CUST-9999,1384,Wallet,FAILED,PAYMENT_DECLINED,LOYAL,32,4,1,3,2,True,True,0.43,0.2,21,2,2026-06-07T16:42:30.425852
TXN-01831,CUST-5249,376,Wallet,FAILED,CARD_EXPIRED,REGULAR,14,21,15,6,0,False,False,0.88,5.7,36,1,2026-08-29T16:42:30.425852
TXN-01832,CUST-8902,9412,Wallet,SUCCESS,,NEW,4,5,2,3,3,True,True,0.65,5.1,16,0,2026-07-23T16:42:30.425852
TXN-01833,CUST-3147,12467,Net Banking,SUCCESS,,NEW,12,8,0,8,0,False,True,0.54,2.3,43,0,2026-06-16T16:42:30.425852
TXN-01834,CUST-5918,413,UPI,SUCCESS,,LOYAL,31,19,4,15,0,False,False,0.51,4.6,51,0,2026-07-08T16:42:30.425852
TXN-01835,CUST-1781,821,UPI,SUCCESS,,LOYAL,7,5,3,2,0,False,False,0.1,4.4,53,0,2026-08-28T16:42:30.425852
TXN-01836,CUST-9136,3978,Wallet,FAILED,BANK_ERROR,REGULAR,20,24,6,18,2,True,False,0.41,1.2,50,2,2026-08-29T16:42:30.425852
TXN-01837,CUST-3488,7311,Net Banking,FAILED,BANK_ERROR,LOYAL,25,28,14,14,2,False,True,0.21,5.2,24,1,2026-06-06T16:42:30.425852
TXN-01838,CUST-6669,17908,UPI,SUCCESS,,LOYAL,18,9,4,5,0,False,False,0.58,3.6,4,0,2026-08-02T16:42:30.425852
TXN-01839,CUST-2136,12113,Debit Card,SUCCESS,,AT_RISK,28,21,19,2,1,False,True,0.94,6.4,3,0,2026-06-17T16:42:30.425852
TXN-01840,CUST-3549,849,Wallet,SUCCESS,,LOYAL,1,27,27,0,2,True,True,0.54,1.3,23,0,2026-06-21T16:42:30.425852
TXN-01841,CUST-7527,6040,Net Banking,SUCCESS,,NEW,1,28,4,24,0,False,True,0.18,2.2,25,0,2026-08-08T16:42:30.425852
TXN-01842,CUST-6434,2978,Wallet,SUCCESS,,NEW,19,8,7,1,1,True,True,0.13,1.5,49,0,2026-07-08T16:42:30.425852
TXN-01843,CUST-3437,15476,UPI,SUCCESS,,REGULAR,25,15,14,1,1,False,False,0.11,0.8,40,0,2026-07-01T16:42:30.425852
TXN-01844,CUST-6342,12752,UPI,FAILED,INSUFFICIENT_FUNDS,REGULAR,4,11,9,2,1,True,True,0.78,1.1,56,3,2026-08-17T16:42:30.425852
TXN-01845,CUST-8002,15982,Credit Card,FAILED,CUSTOMER_ABANDONED,AT_RISK,25,18,8,10,1,False,True,0.86,2.8,60,1,2026-06-16T16:42:30.425852
TXN-01846,CUST-6200,4402,UPI,SUCCESS,,LOYAL,35,7,5,2,2,True,True,0.75,1.5,20,0,2026-07-01T16:42:30.425852
TXN-01847,CUST-9098,4282,Debit Card,SUCCESS,,AT_RISK,16,17,9,8,1,True,False,0.49,1.7,10,0,2026-06-26T16:42:30.425852
TXN-01848,CUST-2842,800,Net Banking,SUCCESS,,NEW,16,5,1,4,1,True,True,0.61,5.6,4,0,2026-07-23T16:42:30.425852
TXN-01849,CUST-6495,650,UPI,SUCCESS,,LOYAL,16,15,1,14,0,False,True,0.55,4.2,3,0,2026-08-27T16:42:30.425852
TXN-01850,CUST-9961,4679,Credit Card,FAILED,PAYMENT_DECLINED,LOYAL,2,26,12,14,1,False,True,0.76,4.7,42,0,2026-07-29T16:42:30.425852
TXN-01851,CUST-8030,6052,Debit Card,SUCCESS,,REGULAR,3,9,8,1,3,True,False,0.46,2.6,24,0,2026-06-20T16:42:30.425852
TXN-01852,CUST-9746,221,UPI,SUCCESS,,LOYAL,20,18,3,15,3,True,False,0.74,1.0,35,0,2026-08-30T16:42:30.425852
TXN-01853,CUST-1697,3163,Credit Card,FAILED,BANK_ERROR,REGULAR,1,2,2,0,1,False,True,0.58,1.3,14,0,2026-06-20T16:42:30.425852
TXN-01854,CUST-3260,10555,Net Banking,SUCCESS,,NEW,1,10,3,7,1,True,True,0.8,4.1,1,0,2026-08-10T16:42:30.425852
TXN-01855,CUST-4403,13701,Debit Card,FAILED,PAYMENT_DECLINED,AT_RISK,7,20,1,19,1,False,True,0.84,1.9,31,0,2026-08-05T16:42:30.425852
TXN-01856,CUST-6274,15217,Credit Card,SUCCESS,,NEW,14,25,14,11,2,False,True,0.5,1.4,44,0,2026-07-20T16:42:30.425852
TXN-01857,CUST-1229,1548,Debit Card,SUCCESS,,AT_RISK,10,8,7,1,0,False,False,0.86,1.8,26,0,2026-07-11T16:42:30.425852
TXN-01858,CUST-2635,4773,Debit Card,SUCCESS,,NEW,25,8,8,0,2,True,False,0.63,5.7,54,0,2026-06-13T16:42:30.425852
TXN-01859,CUST-6372,989,UPI,FAILED,BANK_ERROR,REGULAR,13,5,1,4,0,False,False,0.57,4.6,44,0,2026-06-29T16:42:30.425852
TXN-01860,CUST-6601,1029,Debit Card,FAILED,CUSTOMER_ABANDONED,REGULAR,5,23,14,9,0,False,True,0.13,2.4,2,0,2026-08-24T16:42:30.425852
TXN-01861,CUST-1757,963,Debit Card,SUCCESS,,AT_RISK,23,19,6,13,0,False,True,0.42,5.4,26,0,2026-06-18T16:42:30.425852
TXN-01862,CUST-7739,17542,Net Banking,SUCCESS,,AT_RISK,6,10,8,2,0,False,False,0.22,5.1,55,0,2026-08-13T16:42:30.425852
TXN-01863,CUST-2910,8956,Credit Card,FAILED,INSUFFICIENT_FUNDS,AT_RISK,24,9,5,4,2,True,False,0.69,6.6,38,2,2026-07-24T16:42:30.425852
TXN-01864,CUST-3843,777,UPI,SUCCESS,,LOYAL,30,2,2,0,3,True,False,0.58,5.0,20,0,2026-06-12T16:42:30.425852
TXN-01865,CUST-5444,8494,Net Banking,SUCCESS,,LOYAL,13,27,25,2,2,True,False,0.39,0.3,2,0,2026-07-16T16:42:30.425852
TXN-01866,CUST-6031,703,Net Banking,FAILED,INSUFFICIENT_FUNDS,NEW,6,17,11,6,0,False,True,0.21,4.5,38,0,2026-07-31T16:42:30.425852
TXN-01867,CUST-4252,13246,Wallet,SUCCESS,,NEW,20,23,4,19,2,False,True,0.17,1.9,54,0,2026-06-16T16:42:30.425852
TXN-01868,CUST-8663,3613,Wallet,SUCCESS,,NEW,1,19,17,2,2,False,True,0.28,1.7,23,0,2026-06-27T16:42:30.425852
TXN-01869,CUST-8967,9169,UPI,SUCCESS,,AT_RISK,19,15,4,11,2,True,True,0.81,5.5,50,0,2026-07-23T16:42:30.425852
TXN-01870,CUST-7588,7599,UPI,FAILED,BANK_ERROR,REGULAR,18,9,4,5,0,False,False,0.31,3.6,9,0,2026-06-17T16:42:30.425852
TXN-01871,CUST-1017,259,Wallet,SUCCESS,,REGULAR,21,24,3,21,2,True,True,0.66,6.5,38,0,2026-07-08T16:42:30.425852
TXN-01872,CUST-2802,2632,Net Banking,FAILED,CUSTOMER_ABANDONED,LOYAL,15,13,1,12,0,False,False,0.3,3.9,60,2,2026-08-01T16:42:30.425852
TXN-01873,CUST-9780,10990,Debit Card,FAILED,CARD_EXPIRED,LOYAL,36,30,25,5,2,True,False,0.53,3.1,11,0,2026-08-22T16:42:30.425852
TXN-01874,CUST-8380,4693,Credit Card,SUCCESS,,NEW,11,6,0,6,2,True,False,0.84,6.7,56,0,2026-08-03T16:42:30.425852
TXN-01875,CUST-7253,1876,Net Banking,SUCCESS,,AT_RISK,20,18,1,17,1,True,True,0.55,6.5,37,0,2026-06-09T16:42:30.425852
TXN-01876,CUST-9325,11891,UPI,FAILED,PAYMENT_DECLINED,NEW,17,3,2,1,0,False,False,0.42,6.0,14,0,2026-08-04T16:42:30.425852
TXN-01877,CUST-7578,863,Wallet,SUCCESS,,NEW,23,20,15,5,3,True,False,0.64,2.8,50,0,2026-06-18T16:42:30.425852
TXN-01878,CUST-4077,11832,Net Banking,SUCCESS,,NEW,23,30,13,17,3,True,True,0.39,6.4,35,0,2026-06-28T16:42:30.425852
TXN-01879,CUST-7843,414,Credit Card,SUCCESS,,AT_RISK,7,19,3,16,0,False,True,0.39,1.0,6,0,2026-08-17T16:42:30.425852
TXN-01880,CUST-9436,970,Wallet,SUCCESS,,LOYAL,2,2,2,0,1,False,True,0.86,1.1,7,0,2026-08-20T16:42:30.425852
TXN-01881,CUST-5272,817,UPI,SUCCESS,,AT_RISK,35,17,9,8,0,False,True,0.29,4.1,34,0,2026-08-08T16:42:30.425852
TXN-01882,CUST-6591,2120,Debit Card,SUCCESS,,LOYAL,10,18,3,15,3,True,True,0.82,0.9,9,0,2026-07-25T16:42:30.425852
TXN-01883,CUST-2410,4055,Debit Card,SUCCESS,,REGULAR,32,17,7,10,0,False,False,0.77,6.7,18,0,2026-06-13T16:42:30.425852
TXN-01884,CUST-1389,1368,UPI,SUCCESS,,LOYAL,3,11,3,8,2,False,False,0.72,1.2,23,0,2026-07-26T16:42:30.425852
TXN-01885,CUST-8080,410,Credit Card,SUCCESS,,AT_RISK,35,4,2,2,1,True,False,0.13,2.5,3,0,2026-08-21T16:42:30.425852
TXN-01886,CUST-1988,18688,Credit Card,FAILED,BANK_ERROR,LOYAL,11,5,4,1,3,True,True,0.59,4.7,12,3,2026-08-29T16:42:30.425852
TXN-01887,CUST-7821,392,UPI,SUCCESS,,LOYAL,3,20,2,18,2,True,True,0.39,6.6,49,0,2026-07-20T16:42:30.425852
TXN-01888,CUST-2515,10430,Wallet,SUCCESS,,AT_RISK,13,27,23,4,3,False,False,0.55,3.5,58,0,2026-07-17T16:42:30.425852
TXN-01889,CUST-4130,15850,Credit Card,SUCCESS,,NEW,32,20,18,2,3,False,True,0.63,3.5,2,0,2026-07-19T16:42:30.425852
TXN-01890,CUST-1531,13932,Credit Card,SUCCESS,,AT_RISK,17,25,4,21,2,True,True,0.46,6.4,5,0,2026-07-22T16:42:30.425852
TXN-01891,CUST-6365,7281,Wallet,SUCCESS,,AT_RISK,5,7,2,5,1,True,True,0.19,6.9,42,0,2026-07-20T16:42:30.425852
TXN-01892,CUST-9176,758,Credit Card,SUCCESS,,NEW,30,29,27,2,1,False,False,0.3,1.8,46,0,2026-08-08T16:42:30.425852
TXN-01893,CUST-8103,2710,Net Banking,SUCCESS,,LOYAL,36,26,10,16,1,False,False,0.75,6.6,23,0,2026-07-09T16:42:30.425852
TXN-01894,CUST-1560,8296,Wallet,FAILED,NETWORK_TIMEOUT,NEW,36,6,1,5,1,True,True,0.42,6.1,13,3,2026-07-12T16:42:30.425852
TXN-01895,CUST-6617,928,Net Banking,SUCCESS,,AT_RISK,27,29,5,24,3,True,True,0.12,1.1,13,0,2026-07-02T16:42:30.425852
TXN-01896,CUST-8555,605,Credit Card,SUCCESS,,AT_RISK,20,8,7,1,3,False,False,0.73,0.7,22,0,2026-06-25T16:42:30.425852
TXN-01897,CUST-6773,3059,Debit Card,SUCCESS,,NEW,5,27,17,10,0,False,False,0.81,1.6,50,0,2026-07-29T16:42:30.425852
TXN-01898,CUST-3325,17909,Net Banking,FAILED,CARD_EXPIRED,LOYAL,15,1,1,0,3,False,True,0.37,4.7,17,3,2026-06-09T16:42:30.425852
TXN-01899,CUST-6477,10373,Debit Card,FAILED,NETWORK_TIMEOUT,LOYAL,9,17,3,14,3,False,True,0.67,6.6,37,1,2026-07-23T16:42:30.425852
TXN-01900,CUST-5696,17755,Debit Card,FAILED,CUSTOMER_ABANDONED,AT_RISK,8,1,0,1,1,True,True,0.33,5.5,38,0,2026-07-08T16:42:30.425852
TXN-01901,CUST-6463,1251,Wallet,SUCCESS,,NEW,3,30,1,29,0,False,False,0.5,5.9,11,0,2026-07-07T16:42:30.425852
TXN-01902,CUST-3766,18758,UPI,SUCCESS,,NEW,27,1,0,1,2,True,False,0.76,2.0,9,0,2026-06-30T16:42:30.425852
TXN-01903,CUST-9236,2956,Debit Card,SUCCESS,,REGULAR,11,26,25,1,3,False,False,0.88,3.9,55,0,2026-08-03T16:42:30.425852
TXN-01904,CUST-8862,296,Debit Card,FAILED,CUSTOMER_ABANDONED,NEW,2,5,3,2,0,False,False,0.67,6.2,14,1,2026-06-13T16:42:30.425852
TXN-01905,CUST-3673,6947,Wallet,SUCCESS,,LOYAL,14,7,4,3,1,True,True,0.48,5.1,18,0,2026-06-10T16:42:30.425852
TXN-01906,CUST-1795,2453,Net Banking,FAILED,PAYMENT_DECLINED,NEW,34,4,2,2,1,False,False,0.77,1.2,21,0,2026-06-08T16:42:30.425852
TXN-01907,CUST-4301,2850,Debit Card,SUCCESS,,AT_RISK,8,25,25,0,1,True,True,0.68,0.4,21,0,2026-06-10T16:42:30.425852
TXN-01908,CUST-8626,3847,Credit Card,SUCCESS,,REGULAR,23,16,11,5,2,True,False,0.2,4.5,60,0,2026-07-06T16:42:30.425852
TXN-01909,CUST-3585,19037,UPI,SUCCESS,,AT_RISK,26,12,2,10,3,True,False,0.5,6.2,4,0,2026-08-11T16:42:30.425852
TXN-01910,CUST-7637,1112,Debit Card,SUCCESS,,LOYAL,22,25,24,1,1,True,True,0.83,2.0,39,0,2026-08-28T16:42:30.425852
TXN-01911,CUST-3289,1821,Credit Card,SUCCESS,,REGULAR,12,21,7,14,3,False,True,0.82,5.2,2,0,2026-09-01T16:42:30.425852
TXN-01912,CUST-3089,6059,Wallet,FAILED,BANK_ERROR,NEW,10,14,10,4,1,True,False,0.72,4.9,45,3,2026-08-07T16:42:30.425852
TXN-01913,CUST-6711,2720,Net Banking,FAILED,PAYMENT_DECLINED,AT_RISK,16,5,1,4,2,True,True,0.54,5.4,9,0,2026-07-27T16:42:30.425852
TXN-01914,CUST-8709,349,Net Banking,SUCCESS,,REGULAR,31,26,18,8,0,False,False,0.92,6.0,21,0,2026-07-14T16:42:30.425852
TXN-01915,CUST-2848,1948,UPI,SUCCESS,,NEW,8,20,15,5,1,True,True,0.63,1.2,3,0,2026-07-11T16:42:30.425852
TXN-01916,CUST-6563,846,Net Banking,SUCCESS,,NEW,36,24,12,12,2,False,False,0.53,6.4,17,0,2026-07-18T16:42:30.425852
TXN-01917,CUST-5979,851,Debit Card,FAILED,BANK_ERROR,NEW,17,27,22,5,1,True,False,0.28,5.3,37,1,2026-08-15T16:42:30.425852
TXN-01918,CUST-9725,492,Net Banking,SUCCESS,,REGULAR,20,22,19,3,0,False,False,0.61,1.3,30,0,2026-08-29T16:42:30.425852
TXN-01919,CUST-7255,2476,Debit Card,SUCCESS,,REGULAR,14,27,12,15,0,False,True,0.91,4.7,35,0,2026-08-11T16:42:30.425852
TXN-01920,CUST-8855,544,Debit Card,SUCCESS,,LOYAL,23,13,6,7,3,True,False,0.66,0.0,16,0,2026-07-18T16:42:30.425852
TXN-01921,CUST-1880,4530,Credit Card,SUCCESS,,AT_RISK,4,4,2,2,1,False,False,0.7,1.1,3,0,2026-08-09T16:42:30.425852
TXN-01922,CUST-9596,8589,Credit Card,SUCCESS,,AT_RISK,21,7,4,3,1,True,True,0.54,1.9,27,0,2026-07-04T16:42:30.425852
TXN-01923,CUST-2199,673,Credit Card,SUCCESS,,NEW,7,16,12,4,1,True,True,0.6,0.1,20,0,2026-07-20T16:42:30.425852
TXN-01924,CUST-9910,627,Debit Card,SUCCESS,,NEW,34,23,23,0,2,False,False,0.9,6.6,17,0,2026-06-30T16:42:30.425852
TXN-01925,CUST-2580,6500,Debit Card,FAILED,INSUFFICIENT_FUNDS,LOYAL,4,27,20,7,1,False,True,0.47,4.3,19,3,2026-07-25T16:42:30.425852
TXN-01926,CUST-5510,930,Debit Card,SUCCESS,,NEW,29,9,4,5,2,False,False,0.91,6.7,26,0,2026-07-22T16:42:30.425852
TXN-01927,CUST-1725,4483,Debit Card,SUCCESS,,REGULAR,4,13,5,8,3,True,True,0.48,2.2,32,0,2026-06-19T16:42:30.425852
TXN-01928,CUST-3055,18768,UPI,SUCCESS,,LOYAL,34,1,1,0,2,False,False,0.45,6.9,34,0,2026-06-18T16:42:30.425852
TXN-01929,CUST-5086,2976,Credit Card,SUCCESS,,NEW,11,13,0,13,1,False,False,0.74,0.4,18,0,2026-07-23T16:42:30.425852
TXN-01930,CUST-2833,2606,Debit Card,SUCCESS,,LOYAL,29,7,7,0,2,False,True,0.29,0.1,36,0,2026-07-10T16:42:30.425852
TXN-01931,CUST-3132,1652,Debit Card,FAILED,NETWORK_TIMEOUT,REGULAR,3,1,0,1,2,False,True,0.4,6.3,49,0,2026-06-18T16:42:30.425852
TXN-01932,CUST-2541,1785,Wallet,SUCCESS,,LOYAL,33,8,5,3,2,True,False,0.61,5.5,46,0,2026-06-21T16:42:30.425852
TXN-01933,CUST-3653,19255,Debit Card,SUCCESS,,AT_RISK,32,1,1,0,2,False,False,0.75,0.6,2,0,2026-06-24T16:42:30.425852
TXN-01934,CUST-7200,4487,UPI,SUCCESS,,AT_RISK,36,30,17,13,1,False,True,0.79,3.0,14,0,2026-08-17T16:42:30.425852
TXN-01935,CUST-3623,7079,Credit Card,SUCCESS,,REGULAR,19,24,16,8,1,True,True,0.8,1.8,17,0,2026-06-11T16:42:30.425852
TXN-01936,CUST-1251,2897,Wallet,SUCCESS,,NEW,9,3,0,3,2,False,False,0.34,0.1,49,0,2026-07-22T16:42:30.425852
TXN-01937,CUST-7842,402,Wallet,SUCCESS,,LOYAL,12,5,4,1,2,True,True,0.83,3.8,8,0,2026-07-16T16:42:30.425852
TXN-01938,CUST-8825,526,Net Banking,SUCCESS,,NEW,10,4,0,4,0,False,True,0.56,3.7,2,0,2026-07-01T16:42:30.425852
TXN-01939,CUST-4061,9256,Wallet,SUCCESS,,LOYAL,28,10,8,2,2,True,True,0.63,4.4,14,0,2026-07-04T16:42:30.425852
TXN-01940,CUST-1398,336,UPI,FAILED,INSUFFICIENT_FUNDS,NEW,27,14,2,12,0,False,True,0.56,3.7,47,0,2026-07-07T16:42:30.425852
TXN-01941,CUST-2307,863,UPI,SUCCESS,,REGULAR,2,19,9,10,2,True,True,0.22,2.9,32,0,2026-08-20T16:42:30.425852
TXN-01942,CUST-3450,693,Net Banking,SUCCESS,,REGULAR,5,8,8,0,0,False,True,0.79,4.2,31,0,2026-06-14T16:42:30.425852
TXN-01943,CUST-4450,18441,UPI,SUCCESS,,REGULAR,4,1,1,0,0,False,False,0.19,1.5,44,0,2026-06-25T16:42:30.425852
TXN-01944,CUST-9543,15362,Debit Card,SUCCESS,,AT_RISK,27,2,2,0,2,True,False,0.15,3.5,38,0,2026-07-18T16:42:30.425852
TXN-01945,CUST-3951,3026,Credit Card,FAILED,CUSTOMER_ABANDONED,NEW,33,17,3,14,0,False,False,0.15,3.7,58,2,2026-07-30T16:42:30.425852
TXN-01946,CUST-8803,7954,UPI,FAILED,PAYMENT_DECLINED,LOYAL,11,17,8,9,2,False,True,0.8,3.6,53,1,2026-08-06T16:42:30.425852
TXN-01947,CUST-1873,8416,Wallet,SUCCESS,,LOYAL,35,2,2,0,3,False,False,0.28,2.4,47,0,2026-08-30T16:42:30.425852
TXN-01948,CUST-5872,3199,Wallet,FAILED,CARD_EXPIRED,AT_RISK,26,19,12,7,3,True,False,0.7,4.7,60,1,2026-07-25T16:42:30.425852
TXN-01949,CUST-2226,15908,Wallet,SUCCESS,,NEW,7,7,1,6,3,True,True,0.36,5.4,52,0,2026-08-07T16:42:30.425852
TXN-01950,CUST-4179,18988,Credit Card,SUCCESS,,LOYAL,10,21,7,14,2,True,True,0.65,3.7,9,0,2026-07-12T16:42:30.425852
TXN-01951,CUST-2756,860,Net Banking,FAILED,INSUFFICIENT_FUNDS,NEW,19,23,11,12,2,False,True,0.93,1.4,60,2,2026-08-07T16:42:30.425852
TXN-01952,CUST-6853,698,Debit Card,SUCCESS,,AT_RISK,28,6,4,2,1,True,True,0.84,2.3,41,0,2026-08-25T16:42:30.425852
TXN-01953,CUST-4622,15467,UPI,SUCCESS,,REGULAR,21,15,5,10,0,False,False,0.15,6.1,35,0,2026-07-05T16:42:30.425852
TXN-01954,CUST-8745,411,Debit Card,SUCCESS,,NEW,35,2,0,2,2,False,True,0.63,3.6,26,0,2026-07-22T16:42:30.425852
TXN-01955,CUST-9773,443,Wallet,FAILED,BANK_ERROR,REGULAR,23,23,14,9,3,True,True,0.93,5.9,21,3,2026-08-31T16:42:30.425852
TXN-01956,CUST-7875,8097,Net Banking,FAILED,NETWORK_TIMEOUT,NEW,6,20,8,12,3,False,False,0.68,2.6,46,0,2026-08-15T16:42:30.425852
TXN-01957,CUST-8556,15308,Wallet,SUCCESS,,LOYAL,9,8,0,8,0,False,False,0.76,5.4,13,0,2026-06-19T16:42:30.425852
TXN-01958,CUST-1731,18771,Debit Card,SUCCESS,,NEW,10,2,2,0,1,True,False,0.71,6.2,47,0,2026-06-11T16:42:30.425852
TXN-01959,CUST-5865,461,Credit Card,SUCCESS,,NEW,3,18,1,17,2,True,False,0.48,4.0,60,0,2026-07-10T16:42:30.425852
TXN-01960,CUST-3326,639,Net Banking,SUCCESS,,AT_RISK,26,5,2,3,1,True,True,0.29,1.4,17,0,2026-06-12T16:42:30.425852
TXN-01961,CUST-3858,5329,Debit Card,SUCCESS,,REGULAR,2,22,19,3,3,False,True,0.91,3.3,44,0,2026-07-03T16:42:30.425852
TXN-01962,CUST-9231,17781,Debit Card,SUCCESS,,NEW,12,27,5,22,2,True,False,0.25,4.4,19,0,2026-07-01T16:42:30.425852
TXN-01963,CUST-2559,2516,Wallet,FAILED,INSUFFICIENT_FUNDS,REGULAR,5,17,11,6,0,False,True,0.65,1.9,9,3,2026-06-06T16:42:30.425852
TXN-01964,CUST-2451,370,Wallet,SUCCESS,,NEW,24,24,21,3,1,True,False,0.87,5.4,60,0,2026-06-26T16:42:30.425852
TXN-01965,CUST-1855,7724,Debit Card,SUCCESS,,NEW,14,2,2,0,3,True,True,0.82,3.1,40,0,2026-06-27T16:42:30.425852
TXN-01966,CUST-2331,673,Debit Card,FAILED,PAYMENT_DECLINED,REGULAR,11,21,21,0,3,True,False,0.42,4.3,56,2,2026-08-07T16:42:30.425852
TXN-01967,CUST-9978,2530,Debit Card,SUCCESS,,REGULAR,6,4,0,4,3,True,False,0.65,6.0,60,0,2026-07-15T16:42:30.425852
TXN-01968,CUST-5583,394,Net Banking,SUCCESS,,AT_RISK,23,13,0,13,2,False,True,0.32,5.2,34,0,2026-08-09T16:42:30.425852
TXN-01969,CUST-3050,9022,Credit Card,SUCCESS,,AT_RISK,13,23,5,18,2,True,True,0.3,6.3,33,0,2026-07-11T16:42:30.425852
TXN-01970,CUST-8172,17001,Wallet,SUCCESS,,AT_RISK,1,4,2,2,2,False,True,0.77,6.6,4,0,2026-08-05T16:42:30.425852
TXN-01971,CUST-2606,18151,UPI,SUCCESS,,LOYAL,34,13,12,1,2,True,False,0.35,1.4,59,0,2026-08-19T16:42:30.425852
TXN-01972,CUST-5139,3527,Credit Card,FAILED,INSUFFICIENT_FUNDS,REGULAR,19,20,20,0,2,True,False,0.41,6.5,56,2,2026-07-15T16:42:30.425852
TXN-01973,CUST-9734,11758,Net Banking,SUCCESS,,REGULAR,1,6,5,1,3,True,False,0.29,5.0,17,0,2026-06-22T16:42:30.425852
TXN-01974,CUST-2917,1156,Debit Card,FAILED,CUSTOMER_ABANDONED,REGULAR,23,30,20,10,3,False,True,0.25,0.7,28,0,2026-07-03T16:42:30.425852
TXN-01975,CUST-8315,5468,Debit Card,SUCCESS,,NEW,10,4,4,0,3,True,False,0.52,4.2,48,0,2026-06-23T16:42:30.425852
TXN-01976,CUST-3842,630,Credit Card,SUCCESS,,LOYAL,33,22,12,10,2,True,True,0.36,4.6,20,0,2026-08-30T16:42:30.425852
TXN-01977,CUST-8492,4224,Wallet,SUCCESS,,LOYAL,28,28,0,28,1,True,True,0.18,4.7,39,0,2026-08-30T16:42:30.425852
TXN-01978,CUST-2180,632,Debit Card,SUCCESS,,NEW,5,2,1,1,3,True,True,0.25,1.9,54,0,2026-07-10T16:42:30.425852
TXN-01979,CUST-5642,6444,Debit Card,SUCCESS,,LOYAL,5,7,2,5,1,False,True,0.71,0.1,44,0,2026-06-20T16:42:30.425852
TXN-01980,CUST-5263,725,Wallet,SUCCESS,,LOYAL,16,11,8,3,3,True,True,0.84,4.5,2,0,2026-08-28T16:42:30.425852
TXN-01981,CUST-6955,501,UPI,SUCCESS,,LOYAL,36,7,4,3,1,True,False,0.51,5.6,41,0,2026-09-02T16:42:30.425852
TXN-01982,CUST-3448,5263,Credit Card,SUCCESS,,LOYAL,23,27,15,12,2,False,True,0.2,6.5,12,0,2026-08-11T16:42:30.425852
TXN-01983,CUST-4289,1794,Credit Card,FAILED,BANK_ERROR,REGULAR,11,23,2,21,1,True,True,0.11,4.3,36,3,2026-06-30T16:42:30.425852
TXN-01984,CUST-2012,8877,Wallet,FAILED,BANK_ERROR,NEW,4,29,29,0,3,False,True,0.89,2.7,11,0,2026-08-06T16:42:30.425852
TXN-01985,CUST-6697,640,Wallet,SUCCESS,,REGULAR,14,10,5,5,2,False,True,0.48,4.2,32,0,2026-08-14T16:42:30.425852
TXN-01986,CUST-4860,4428,Debit Card,SUCCESS,,NEW,18,15,15,0,0,False,True,0.84,5.6,9,0,2026-08-28T16:42:30.425852
TXN-01987,CUST-3770,654,Net Banking,SUCCESS,,LOYAL,28,22,1,21,3,True,True,0.57,1.9,18,0,2026-08-03T16:42:30.425852
TXN-01988,CUST-8772,3885,Credit Card,SUCCESS,,AT_RISK,3,2,1,1,1,True,False,0.56,1.8,27,0,2026-08-17T16:42:30.425852
TXN-01989,CUST-9734,2075,Credit Card,FAILED,NETWORK_TIMEOUT,NEW,22,1,1,0,2,False,True,0.9,6.9,39,3,2026-07-14T16:42:30.425852
TXN-01990,CUST-7474,14579,Wallet,SUCCESS,,REGULAR,11,15,9,6,3,True,True,0.19,3.8,19,0,2026-08-08T16:42:30.425852
TXN-01991,CUST-8851,1489,Debit Card,SUCCESS,,LOYAL,16,26,25,1,0,False,False,0.86,5.5,2,0,2026-09-01T16:42:30.425852
TXN-01992,CUST-9251,13106,Debit Card,FAILED,CARD_EXPIRED,AT_RISK,28,28,20,8,2,False,True,0.55,6.0,12,1,2026-09-04T16:42:30.425852
TXN-01993,CUST-3075,566,Net Banking,FAILED,CARD_EXPIRED,NEW,26,22,9,13,1,True,False,0.69,4.8,1,1,2026-07-25T16:42:30.425852
TXN-01994,CUST-8563,18104,Net Banking,SUCCESS,,LOYAL,28,9,3,6,2,True,False,0.95,4.2,11,0,2026-08-17T16:42:30.425852
TXN-01995,CUST-7597,593,Debit Card,FAILED,INSUFFICIENT_FUNDS,LOYAL,22,25,12,13,3,True,False,0.29,1.4,53,3,2026-08-05T16:42:30.425852
TXN-01996,CUST-4264,1886,Net Banking,SUCCESS,,AT_RISK,16,4,0,4,2,True,False,0.21,2.8,21,0,2026-06-13T16:42:30.425852
TXN-01997,CUST-3545,8308,UPI,SUCCESS,,LOYAL,31,25,17,8,0,False,True,0.51,4.6,34,0,2026-07-05T16:42:30.425852
TXN-01998,CUST-6135,418,Debit Card,FAILED,CUSTOMER_ABANDONED,NEW,12,7,1,6,2,False,False,0.8,3.8,37,2,2026-07-04T16:42:30.425852
TXN-01999,CUST-2897,3283,Net Banking,SUCCESS,,REGULAR,21,19,18,1,2,True,False,0.65,3.9,23,0,2026-08-18T16:42:30.425852
TXN-02000,CUST-4137,318,Wallet,SUCCESS,,REGULAR,14,26,15,11,2,True,True,0.68,0.4,42,0,2026-07-23T16:42:30.425852
TXN-02001,CUST-9469,599,UPI,SUCCESS,,NEW,32,28,10,18,3,True,False,0.14,5.9,42,0,2026-06-20T16:42:30.425852
TXN-02002,CUST-6167,2827,Debit Card,SUCCESS,,LOYAL,12,30,15,15,2,True,False,0.89,7.0,18,0,2026-07-06T16:42:30.425852
TXN-02003,CUST-9518,291,Wallet,SUCCESS,,LOYAL,9,8,1,7,2,False,False,0.25,0.3,34,0,2026-07-09T16:42:30.425852
TXN-02004,CUST-4891,224,UPI,SUCCESS,,NEW,31,1,0,1,1,False,False,0.11,6.3,14,0,2026-07-06T16:42:30.425852
TXN-02005,CUST-8400,4666,Net Banking,SUCCESS,,REGULAR,36,4,1,3,3,True,True,0.46,4.0,31,0,2026-07-08T16:42:30.425852
TXN-02006,CUST-9641,2374,Net Banking,SUCCESS,,REGULAR,33,3,0,3,2,True,True,0.68,1.9,31,0,2026-08-10T16:42:30.425852
TXN-02007,CUST-8224,15537,Wallet,SUCCESS,,REGULAR,9,3,0,3,3,True,False,0.49,2.1,59,0,2026-08-05T16:42:30.425852
TXN-02008,CUST-8749,5050,Debit Card,SUCCESS,,AT_RISK,3,30,6,24,1,True,False,0.54,4.8,17,0,2026-08-18T16:42:30.425852
TXN-02009,CUST-4087,877,Debit Card,SUCCESS,,NEW,12,28,6,22,1,True,False,0.29,4.6,44,0,2026-06-08T16:42:30.425852
TXN-02010,CUST-3122,17613,Net Banking,SUCCESS,,REGULAR,19,12,8,4,0,False,True,0.69,5.2,31,0,2026-08-24T16:42:30.425852
TXN-02011,CUST-9412,1148,UPI,SUCCESS,,AT_RISK,1,15,4,11,1,False,True,0.76,6.3,40,0,2026-08-23T16:42:30.425852
TXN-02012,CUST-5066,18114,Credit Card,SUCCESS,,NEW,5,23,12,11,1,False,False,0.4,6.0,15,0,2026-08-30T16:42:30.425852
TXN-02013,CUST-1878,796,Debit Card,SUCCESS,,LOYAL,21,12,2,10,0,False,False,0.35,5.4,28,0,2026-07-24T16:42:30.425852
TXN-02014,CUST-9444,950,Wallet,SUCCESS,,NEW,5,6,0,6,3,False,True,0.11,1.8,25,0,2026-08-07T16:42:30.425852
TXN-02015,CUST-9968,944,Debit Card,SUCCESS,,REGULAR,24,12,5,7,2,True,False,0.56,4.9,35,0,2026-08-20T16:42:30.425852
TXN-02016,CUST-6132,373,Credit Card,SUCCESS,,LOYAL,4,28,23,5,0,False,False,0.74,2.3,12,0,2026-06-18T16:42:30.425852
TXN-02017,CUST-1712,18569,Net Banking,SUCCESS,,LOYAL,22,27,4,23,0,False,True,0.22,3.7,35,0,2026-08-01T16:42:30.425852
TXN-02018,CUST-4828,584,Credit Card,FAILED,CUSTOMER_ABANDONED,REGULAR,16,26,24,2,1,False,True,0.78,0.7,36,0,2026-06-16T16:42:30.425852
TXN-02019,CUST-5908,15108,Debit Card,SUCCESS,,LOYAL,36,12,4,8,1,True,False,0.83,6.1,30,0,2026-06-14T16:42:30.425852
TXN-02020,CUST-9434,17741,Wallet,SUCCESS,,NEW,30,27,24,3,1,True,True,0.64,3.8,17,0,2026-07-29T16:42:30.425852
TXN-02021,CUST-5369,3278,Net Banking,SUCCESS,,AT_RISK,14,6,2,4,3,False,True,0.85,3.8,54,0,2026-08-29T16:42:30.425852
TXN-02022,CUST-6417,1292,Wallet,SUCCESS,,LOYAL,16,9,2,7,3,True,True,0.91,4.3,21,0,2026-08-22T16:42:30.425852
TXN-02023,CUST-4204,249,Wallet,SUCCESS,,LOYAL,21,22,8,14,1,True,False,0.26,2.3,31,0,2026-08-03T16:42:30.425852
TXN-02024,CUST-7401,8872,Wallet,SUCCESS,,AT_RISK,11,28,1,27,1,True,True,0.15,0.0,19,0,2026-06-12T16:42:30.425852
TXN-02025,CUST-8346,15094,Credit Card,SUCCESS,,AT_RISK,28,15,12,3,0,False,False,0.68,6.4,31,0,2026-07-14T16:42:30.425852
TXN-02026,CUST-8037,929,Credit Card,SUCCESS,,AT_RISK,35,5,1,4,3,False,False,0.66,2.3,43,0,2026-06-26T16:42:30.425852
TXN-02027,CUST-1537,11802,Debit Card,SUCCESS,,NEW,28,17,11,6,0,False,False,0.89,1.6,24,0,2026-06-20T16:42:30.425852
TXN-02028,CUST-8893,19318,Net Banking,SUCCESS,,LOYAL,1,12,6,6,3,True,True,0.83,5.8,14,0,2026-06-29T16:42:30.425852
TXN-02029,CUST-4013,480,Wallet,SUCCESS,,LOYAL,25,24,5,19,1,True,True,0.75,6.5,33,0,2026-06-26T16:42:30.425852
TXN-02030,CUST-7840,12728,Credit Card,SUCCESS,,AT_RISK,19,15,5,10,1,True,False,0.48,2.6,8,0,2026-07-07T16:42:30.425852
TXN-02031,CUST-5871,3849,Debit Card,FAILED,PAYMENT_DECLINED,AT_RISK,27,27,12,15,2,True,True,0.86,3.4,49,3,2026-09-02T16:42:30.425852
TXN-02032,CUST-5885,9594,Debit Card,FAILED,NETWORK_TIMEOUT,LOYAL,8,6,6,0,1,True,True,0.52,1.1,17,2,2026-06-18T16:42:30.425852
TXN-02033,CUST-1372,18927,Credit Card,SUCCESS,,AT_RISK,25,8,1,7,2,False,False,0.93,4.7,56,0,2026-08-20T16:42:30.425852
TXN-02034,CUST-5992,319,Net Banking,FAILED,NETWORK_TIMEOUT,AT_RISK,19,28,13,15,2,False,False,0.8,2.6,17,1,2026-07-18T16:42:30.425852
TXN-02035,CUST-9505,3426,UPI,SUCCESS,,NEW,33,4,2,2,2,True,False,0.12,6.6,11,0,2026-07-21T16:42:30.425852
TXN-02036,CUST-9517,740,Credit Card,FAILED,INSUFFICIENT_FUNDS,REGULAR,20,15,1,14,3,True,True,0.65,3.2,58,2,2026-08-31T16:42:30.425852
TXN-02037,CUST-1950,3402,Credit Card,FAILED,PAYMENT_DECLINED,LOYAL,29,1,0,1,3,False,False,0.15,1.2,35,2,2026-08-24T16:42:30.425852
TXN-02038,CUST-8751,5407,Credit Card,SUCCESS,,AT_RISK,25,24,7,17,3,True,False,0.49,6.3,13,0,2026-08-06T16:42:30.425852
TXN-02039,CUST-1835,3276,Debit Card,SUCCESS,,AT_RISK,12,3,2,1,1,True,False,0.52,1.5,11,0,2026-07-11T16:42:30.425852
TXN-02040,CUST-1190,3839,Net Banking,SUCCESS,,LOYAL,16,11,4,7,3,True,False,0.54,1.6,52,0,2026-07-28T16:42:30.425852
TXN-02041,CUST-9921,509,UPI,SUCCESS,,NEW,24,15,13,2,0,False,True,0.38,4.6,34,0,2026-07-24T16:42:30.425852
TXN-02042,CUST-5145,9835,Net Banking,SUCCESS,,LOYAL,27,26,22,4,1,False,True,0.13,5.1,20,0,2026-08-16T16:42:30.425852
TXN-02043,CUST-3319,3741,Net Banking,SUCCESS,,REGULAR,36,16,0,16,3,False,False,0.22,5.7,53,0,2026-07-31T16:42:30.425852
TXN-02044,CUST-2315,4609,Net Banking,SUCCESS,,LOYAL,17,2,0,2,0,False,False,0.33,4.3,16,0,2026-06-23T16:42:30.425852
TXN-02045,CUST-5719,17688,UPI,SUCCESS,,LOYAL,28,3,1,2,3,False,True,0.21,6.8,52,0,2026-06-06T16:42:30.425852
TXN-02046,CUST-7740,446,Wallet,SUCCESS,,NEW,33,26,0,26,3,True,True,0.14,6.2,6,0,2026-07-13T16:42:30.425852
TXN-02047,CUST-3932,640,UPI,SUCCESS,,REGULAR,27,6,0,6,0,False,True,0.52,2.1,29,0,2026-07-18T16:42:30.425852
TXN-02048,CUST-6258,4003,Credit Card,SUCCESS,,NEW,2,10,1,9,1,True,False,0.85,6.2,49,0,2026-08-04T16:42:30.425852
TXN-02049,CUST-5558,368,Wallet,SUCCESS,,AT_RISK,36,9,8,1,2,False,False,0.36,6.1,30,0,2026-08-12T16:42:30.425852
TXN-02050,CUST-7459,17905,UPI,SUCCESS,,LOYAL,19,16,2,14,0,False,False,0.49,2.7,36,0,2026-06-13T16:42:30.425852
TXN-02051,CUST-8423,1459,Wallet,FAILED,INSUFFICIENT_FUNDS,LOYAL,17,13,4,9,2,True,False,0.27,5.1,18,1,2026-08-04T16:42:30.425852
TXN-02052,CUST-3469,909,Wallet,FAILED,PAYMENT_DECLINED,AT_RISK,9,11,10,1,0,False,True,0.25,6.8,24,3,2026-08-02T16:42:30.425852
TXN-02053,CUST-8279,4737,Debit Card,SUCCESS,,LOYAL,19,10,7,3,2,True,False,0.82,6.1,39,0,2026-06-07T16:42:30.425852
TXN-02054,CUST-2870,2014,Debit Card,FAILED,CARD_EXPIRED,AT_RISK,5,21,14,7,3,True,True,0.78,2.5,59,2,2026-08-02T16:42:30.425852
TXN-02055,CUST-6952,7299,Wallet,SUCCESS,,NEW,33,15,0,15,2,False,False,0.69,2.6,44,0,2026-08-19T16:42:30.425852
TXN-02056,CUST-7204,4457,Debit Card,FAILED,CARD_EXPIRED,REGULAR,20,4,1,3,2,True,False,0.14,6.2,59,2,2026-06-10T16:42:30.425852
TXN-02057,CUST-8197,15128,UPI,SUCCESS,,LOYAL,28,29,23,6,0,False,True,0.28,4.3,27,0,2026-06-16T16:42:30.425852
TXN-02058,CUST-8992,18381,Net Banking,FAILED,NETWORK_TIMEOUT,AT_RISK,33,14,4,10,1,False,True,0.44,6.2,15,0,2026-08-02T16:42:30.425852
TXN-02059,CUST-5866,3872,Credit Card,SUCCESS,,LOYAL,34,14,8,6,3,True,True,0.6,0.1,5,0,2026-08-14T16:42:30.425852
TXN-02060,CUST-5444,7116,Net Banking,SUCCESS,,REGULAR,6,2,2,0,2,True,False,0.52,5.2,17,0,2026-08-08T16:42:30.425852
TXN-02061,CUST-9792,4374,Wallet,SUCCESS,,LOYAL,33,28,5,23,1,False,False,0.4,2.6,33,0,2026-08-31T16:42:30.425852
TXN-02062,CUST-9394,15433,Debit Card,SUCCESS,,AT_RISK,27,8,1,7,2,True,True,0.55,0.7,13,0,2026-07-02T16:42:30.425852
TXN-02063,CUST-9585,620,Credit Card,SUCCESS,,REGULAR,31,12,5,7,3,False,True,0.68,6.6,55,0,2026-08-01T16:42:30.425852
TXN-02064,CUST-2649,950,Wallet,SUCCESS,,REGULAR,6,12,0,12,3,False,True,0.68,2.9,53,0,2026-07-12T16:42:30.425852
TXN-02065,CUST-7200,984,UPI,SUCCESS,,AT_RISK,9,17,3,14,0,False,True,0.79,6.7,36,0,2026-08-20T16:42:30.425852
TXN-02066,CUST-5214,5092,Credit Card,SUCCESS,,REGULAR,24,2,2,0,1,True,False,0.63,6.4,40,0,2026-07-10T16:42:30.425852
TXN-02067,CUST-6179,19983,Net Banking,FAILED,NETWORK_TIMEOUT,AT_RISK,18,9,2,7,3,False,True,0.41,2.9,2,1,2026-06-17T16:42:30.425852
TXN-02068,CUST-1920,10041,Credit Card,FAILED,NETWORK_TIMEOUT,REGULAR,5,27,13,14,1,True,False,0.2,4.6,53,0,2026-07-29T16:42:30.425852
TXN-02069,CUST-6380,915,Debit Card,SUCCESS,,AT_RISK,13,13,4,9,3,True,False,0.2,0.5,27,0,2026-07-31T16:42:30.425852
TXN-02070,CUST-8057,18324,Wallet,FAILED,PAYMENT_DECLINED,LOYAL,21,14,8,6,0,False,True,0.12,2.1,40,0,2026-09-03T16:42:30.425852
TXN-02071,CUST-8786,1350,UPI,FAILED,PAYMENT_DECLINED,AT_RISK,17,25,13,12,3,True,True,0.24,4.1,43,1,2026-08-21T16:42:30.425852
TXN-02072,CUST-9066,11689,Net Banking,SUCCESS,,REGULAR,21,5,2,3,0,False,False,0.74,5.2,36,0,2026-06-11T16:42:30.425852
TXN-02073,CUST-5074,15832,Wallet,SUCCESS,,NEW,15,23,8,15,1,True,False,0.58,5.1,24,0,2026-06-18T16:42:30.425852
TXN-02074,CUST-8046,9962,Debit Card,SUCCESS,,REGULAR,6,6,6,0,0,False,True,0.79,1.4,28,0,2026-09-02T16:42:30.425852
TXN-02075,CUST-1749,877,Debit Card,SUCCESS,,NEW,34,1,1,0,0,False,False,0.71,0.8,4,0,2026-06-27T16:42:30.425852
TXN-02076,CUST-4263,2674,Net Banking,SUCCESS,,LOYAL,32,27,1,26,1,False,False,0.93,4.2,47,0,2026-07-05T16:42:30.425852
TXN-02077,CUST-1069,904,Credit Card,SUCCESS,,AT_RISK,28,21,10,11,0,False,False,0.9,5.7,47,0,2026-06-13T16:42:30.425852
TXN-02078,CUST-6970,1430,Credit Card,SUCCESS,,AT_RISK,10,30,14,16,2,True,False,0.44,6.7,15,0,2026-08-30T16:42:30.425852
TXN-02079,CUST-6466,10591,Credit Card,SUCCESS,,REGULAR,26,10,9,1,2,False,False,0.51,3.3,46,0,2026-07-17T16:42:30.425852
TXN-02080,CUST-4730,4524,Wallet,FAILED,BANK_ERROR,AT_RISK,8,16,7,9,2,False,True,0.17,4.2,17,0,2026-08-02T16:42:30.425852
TXN-02081,CUST-7963,972,Credit Card,FAILED,CARD_EXPIRED,REGULAR,17,15,1,14,3,True,False,0.71,5.6,19,0,2026-08-09T16:42:30.425852
TXN-02082,CUST-4445,524,UPI,SUCCESS,,AT_RISK,20,20,18,2,0,False,True,0.85,0.8,34,0,2026-06-23T16:42:30.425852
TXN-02083,CUST-4177,731,Net Banking,SUCCESS,,LOYAL,36,9,9,0,1,True,True,0.49,6.4,57,0,2026-06-15T16:42:30.425852
TXN-02084,CUST-2169,18110,Wallet,SUCCESS,,NEW,35,5,3,2,2,True,True,0.46,4.8,49,0,2026-08-17T16:42:30.425852
TXN-02085,CUST-4329,407,Debit Card,SUCCESS,,AT_RISK,22,26,1,25,3,True,True,0.12,1.4,21,0,2026-06-22T16:42:30.425852
TXN-02086,CUST-9965,4193,Debit Card,SUCCESS,,REGULAR,29,4,3,1,0,False,False,0.54,0.2,34,0,2026-08-23T16:42:30.425852
TXN-02087,CUST-1362,19350,UPI,SUCCESS,,REGULAR,30,13,8,5,3,False,False,0.23,4.5,44,0,2026-07-06T16:42:30.425852
TXN-02088,CUST-8677,2830,Wallet,FAILED,PAYMENT_DECLINED,AT_RISK,27,25,21,4,2,True,True,0.94,0.8,47,1,2026-07-31T16:42:30.425852
TXN-02089,CUST-2387,12712,Net Banking,SUCCESS,,NEW,36,10,4,6,1,True,False,0.29,0.9,39,0,2026-08-24T16:42:30.425852
TXN-02090,CUST-4820,6543,Net Banking,SUCCESS,,NEW,33,14,6,8,0,False,False,0.47,0.3,40,0,2026-06-21T16:42:30.425852
TXN-02091,CUST-9939,237,Debit Card,SUCCESS,,NEW,36,4,0,4,0,False,False,0.69,6.5,50,0,2026-08-01T16:42:30.425852
TXN-02092,CUST-1241,968,Credit Card,SUCCESS,,LOYAL,3,26,23,3,0,False,True,0.92,0.8,46,0,2026-06-27T16:42:30.425852
TXN-02093,CUST-6581,579,Credit Card,SUCCESS,,NEW,9,18,3,15,2,True,True,0.9,1.3,42,0,2026-06-16T16:42:30.425852
TXN-02094,CUST-6448,15502,Wallet,SUCCESS,,NEW,33,2,2,0,2,False,False,0.8,6.0,26,0,2026-07-31T16:42:30.425852
TXN-02095,CUST-6858,11329,Credit Card,SUCCESS,,REGULAR,20,14,1,13,1,False,False,0.61,4.6,6,0,2026-06-08T16:42:30.425852
TXN-02096,CUST-8373,12723,UPI,FAILED,NETWORK_TIMEOUT,AT_RISK,16,24,4,20,0,False,True,0.41,1.3,44,2,2026-06-12T16:42:30.425852
TXN-02097,CUST-9069,551,Net Banking,SUCCESS,,AT_RISK,11,15,4,11,2,True,False,0.94,2.4,34,0,2026-08-10T16:42:30.425852
TXN-02098,CUST-6096,18958,Net Banking,SUCCESS,,REGULAR,27,1,0,1,2,True,False,0.14,5.5,53,0,2026-07-17T16:42:30.425852
TXN-02099,CUST-3784,4814,UPI,FAILED,BANK_ERROR,LOYAL,12,27,10,17,2,True,True,0.59,2.6,47,0,2026-06-19T16:42:30.425852
TXN-02100,CUST-4397,19059,Credit Card,SUCCESS,,AT_RISK,26,16,13,3,0,False,False,0.47,4.2,26,0,2026-06-06T16:42:30.425852
TXN-02101,CUST-1687,348,Credit Card,SUCCESS,,REGULAR,13,14,7,7,1,True,False,0.94,6.6,48,0,2026-06-22T16:42:30.425852
TXN-02102,CUST-1282,831,Net Banking,SUCCESS,,NEW,29,13,3,10,3,True,False,0.71,4.6,27,0,2026-07-01T16:42:30.425852
TXN-02103,CUST-1599,347,Wallet,FAILED,BANK_ERROR,REGULAR,24,16,16,0,0,False,False,0.32,3.7,57,0,2026-06-21T16:42:30.425852
TXN-02104,CUST-7734,662,UPI,SUCCESS,,NEW,21,12,3,9,3,False,False,0.63,5.3,50,0,2026-07-17T16:42:30.425852
TXN-02105,CUST-2871,10719,Net Banking,SUCCESS,,LOYAL,3,27,16,11,1,True,True,0.86,3.7,60,0,2026-07-09T16:42:30.425852
TXN-02106,CUST-7031,957,UPI,SUCCESS,,AT_RISK,18,24,19,5,0,False,False,0.86,0.9,34,0,2026-08-07T16:42:30.425852
TXN-02107,CUST-1927,19935,UPI,SUCCESS,,REGULAR,10,10,5,5,2,True,True,0.47,6.4,23,0,2026-08-30T16:42:30.425852
TXN-02108,CUST-8652,953,Debit Card,SUCCESS,,REGULAR,36,11,5,6,1,False,False,0.93,2.2,35,0,2026-08-24T16:42:30.425852
TXN-02109,CUST-2005,2506,Net Banking,SUCCESS,,LOYAL,36,25,20,5,3,True,False,0.24,6.4,52,0,2026-07-30T16:42:30.425852
TXN-02110,CUST-8055,931,Debit Card,SUCCESS,,REGULAR,17,3,1,2,3,True,True,0.3,1.6,6,0,2026-08-29T16:42:30.425852
TXN-02111,CUST-6629,5484,UPI,FAILED,CARD_EXPIRED,REGULAR,26,5,5,0,3,False,True,0.89,2.4,54,3,2026-07-05T16:42:30.425852
TXN-02112,CUST-9770,418,UPI,FAILED,PAYMENT_DECLINED,LOYAL,34,6,5,1,2,True,False,0.44,0.8,47,3,2026-07-10T16:42:30.425852
TXN-02113,CUST-7165,2708,Wallet,SUCCESS,,NEW,35,14,5,9,1,False,True,0.45,4.3,48,0,2026-07-13T16:42:30.425852
TXN-02114,CUST-4260,252,Wallet,SUCCESS,,REGULAR,9,24,12,12,2,True,False,0.84,4.2,15,0,2026-06-26T16:42:30.425852
TXN-02115,CUST-3995,9940,UPI,SUCCESS,,LOYAL,20,23,13,10,0,False,True,0.9,2.9,5,0,2026-08-22T16:42:30.425852
TXN-02116,CUST-1326,566,Debit Card,SUCCESS,,AT_RISK,20,22,5,17,0,False,True,0.73,1.8,16,0,2026-06-26T16:42:30.425852
TXN-02117,CUST-9481,216,Debit Card,SUCCESS,,AT_RISK,30,13,9,4,3,True,True,0.55,6.6,12,0,2026-06-07T16:42:30.425852
TXN-02118,CUST-5287,19283,Net Banking,SUCCESS,,AT_RISK,10,8,5,3,2,True,False,0.86,3.5,23,0,2026-08-13T16:42:30.425852
TXN-02119,CUST-3142,480,UPI,SUCCESS,,LOYAL,21,7,1,6,1,False,True,0.11,2.9,56,0,2026-07-06T16:42:30.425852
TXN-02120,CUST-2292,546,Credit Card,FAILED,PAYMENT_DECLINED,NEW,17,21,1,20,1,False,False,0.39,7.0,29,0,2026-08-29T16:42:30.425852
TXN-02121,CUST-6138,1509,Net Banking,FAILED,INSUFFICIENT_FUNDS,LOYAL,32,5,1,4,0,False,False,0.39,3.2,43,2,2026-09-04T16:42:30.425852
TXN-02122,CUST-4787,4927,Debit Card,SUCCESS,,REGULAR,14,26,25,1,2,True,True,0.53,1.0,13,0,2026-08-28T16:42:30.425852
TXN-02123,CUST-4109,506,UPI,SUCCESS,,NEW,18,21,15,6,3,True,True,0.66,0.0,33,0,2026-06-25T16:42:30.425852
TXN-02124,CUST-4425,18583,Wallet,SUCCESS,,NEW,10,15,0,15,3,False,False,0.21,0.5,7,0,2026-07-15T16:42:30.425852
TXN-02125,CUST-9437,4762,Credit Card,SUCCESS,,NEW,22,24,24,0,3,True,False,0.5,4.7,50,0,2026-07-26T16:42:30.425852
TXN-02126,CUST-7443,882,Wallet,FAILED,CUSTOMER_ABANDONED,REGULAR,25,21,1,20,3,False,True,0.36,0.3,16,0,2026-07-26T16:42:30.425852
TXN-02127,CUST-5536,287,Net Banking,FAILED,INSUFFICIENT_FUNDS,AT_RISK,6,7,4,3,1,True,False,0.32,5.8,56,1,2026-08-30T16:42:30.425852
TXN-02128,CUST-7468,3762,UPI,FAILED,NETWORK_TIMEOUT,AT_RISK,29,29,26,3,2,False,False,0.28,4.1,5,3,2026-07-26T16:42:30.425852
TXN-02129,CUST-6782,2096,Net Banking,FAILED,INSUFFICIENT_FUNDS,REGULAR,15,7,1,6,3,False,False,0.4,3.2,16,2,2026-08-12T16:42:30.425852
TXN-02130,CUST-6068,809,Debit Card,SUCCESS,,REGULAR,32,19,11,8,2,False,False,0.36,3.4,21,0,2026-06-21T16:42:30.425852
TXN-02131,CUST-4038,837,Debit Card,FAILED,CUSTOMER_ABANDONED,REGULAR,34,8,4,4,1,False,False,0.82,5.4,7,3,2026-06-16T16:42:30.425852
TXN-02132,CUST-5582,2366,Credit Card,FAILED,PAYMENT_DECLINED,NEW,25,3,1,2,3,False,False,0.88,5.9,37,2,2026-08-13T16:42:30.425852
TXN-02133,CUST-9024,1177,Debit Card,FAILED,CUSTOMER_ABANDONED,REGULAR,34,17,3,14,2,False,False,0.42,2.0,44,1,2026-08-12T16:42:30.425852
TXN-02134,CUST-8696,220,UPI,SUCCESS,,NEW,6,29,14,15,0,False,True,0.55,3.2,32,0,2026-06-27T16:42:30.425852
TXN-02135,CUST-6539,4009,Debit Card,SUCCESS,,AT_RISK,33,20,18,2,0,False,False,0.59,0.5,35,0,2026-06-09T16:42:30.425852
TXN-02136,CUST-5666,6170,Wallet,SUCCESS,,AT_RISK,28,19,14,5,2,False,True,0.44,6.9,47,0,2026-06-09T16:42:30.425852
TXN-02137,CUST-7166,701,Credit Card,FAILED,BANK_ERROR,AT_RISK,17,12,4,8,3,False,False,0.79,4.2,34,1,2026-07-03T16:42:30.425852
TXN-02138,CUST-4951,1498,Debit Card,SUCCESS,,LOYAL,16,10,3,7,1,True,False,0.56,1.9,45,0,2026-06-16T16:42:30.425852
TXN-02139,CUST-5519,1265,Net Banking,SUCCESS,,AT_RISK,36,2,0,2,0,False,True,0.14,3.7,58,0,2026-07-31T16:42:30.425852
TXN-02140,CUST-7089,7671,Credit Card,SUCCESS,,LOYAL,32,28,5,23,1,False,False,0.19,5.8,26,0,2026-08-18T16:42:30.425852
TXN-02141,CUST-2088,18235,Debit Card,SUCCESS,,AT_RISK,30,24,2,22,1,True,False,0.63,5.0,58,0,2026-08-28T16:42:30.425852
TXN-02142,CUST-8571,342,UPI,SUCCESS,,NEW,33,14,10,4,3,True,False,0.73,3.1,8,0,2026-07-22T16:42:30.425852
TXN-02143,CUST-5423,5529,Wallet,SUCCESS,,REGULAR,20,30,16,14,2,False,True,0.17,1.4,3,0,2026-06-21T16:42:30.425852
TXN-02144,CUST-5561,315,UPI,SUCCESS,,REGULAR,18,10,1,9,2,True,True,0.3,2.1,8,0,2026-07-13T16:42:30.425852
TXN-02145,CUST-7972,14628,Credit Card,SUCCESS,,LOYAL,9,29,7,22,0,False,False,0.69,3.2,10,0,2026-08-06T16:42:30.425852
TXN-02146,CUST-2901,3558,Wallet,SUCCESS,,LOYAL,9,11,5,6,3,True,False,0.11,4.9,5,0,2026-08-20T16:42:30.425852
TXN-02147,CUST-7579,11587,UPI,FAILED,INSUFFICIENT_FUNDS,LOYAL,3,13,7,6,3,False,True,0.46,4.8,7,1,2026-08-12T16:42:30.425852
TXN-02148,CUST-9509,982,Debit Card,FAILED,PAYMENT_DECLINED,AT_RISK,14,21,16,5,1,False,True,0.54,4.7,49,2,2026-06-10T16:42:30.425852
TXN-02149,CUST-2255,4369,UPI,SUCCESS,,NEW,25,28,27,1,0,False,True,0.77,4.4,39,0,2026-08-04T16:42:30.425852
TXN-02150,CUST-6910,15705,UPI,SUCCESS,,AT_RISK,25,20,3,17,0,False,False,0.92,6.0,22,0,2026-07-04T16:42:30.425852
TXN-02151,CUST-5683,3461,Net Banking,SUCCESS,,LOYAL,13,24,18,6,2,True,True,0.57,4.0,14,0,2026-08-20T16:42:30.425852
TXN-02152,CUST-8751,14745,Wallet,SUCCESS,,REGULAR,23,2,1,1,0,False,False,0.45,5.5,55,0,2026-06-26T16:42:30.425852
TXN-02153,CUST-9100,799,UPI,SUCCESS,,NEW,6,24,21,3,2,False,True,0.8,6.6,59,0,2026-06-08T16:42:30.425852
TXN-02154,CUST-5374,12072,Debit Card,SUCCESS,,NEW,18,12,0,12,1,True,False,0.61,1.4,60,0,2026-06-15T16:42:30.425852
TXN-02155,CUST-2631,1541,Credit Card,SUCCESS,,NEW,24,6,2,4,3,False,False,0.5,3.8,26,0,2026-07-09T16:42:30.425852
TXN-02156,CUST-5834,828,Credit Card,FAILED,PAYMENT_DECLINED,LOYAL,2,7,1,6,0,False,False,0.33,0.8,55,1,2026-06-16T16:42:30.425852
TXN-02157,CUST-8625,775,Net Banking,SUCCESS,,NEW,3,18,7,11,2,False,False,0.36,1.3,20,0,2026-08-29T16:42:30.425852
TXN-02158,CUST-9474,11408,Net Banking,SUCCESS,,LOYAL,9,30,21,9,2,True,False,0.54,1.2,43,0,2026-06-30T16:42:30.425852
TXN-02159,CUST-1785,16627,Wallet,SUCCESS,,REGULAR,4,16,14,2,2,True,False,0.74,3.1,3,0,2026-09-01T16:42:30.425852
TXN-02160,CUST-9272,13595,Credit Card,SUCCESS,,REGULAR,2,12,6,6,0,False,False,0.21,6.4,55,0,2026-07-04T16:42:30.425852
TXN-02161,CUST-5528,2511,Net Banking,SUCCESS,,LOYAL,1,24,8,16,3,False,False,0.7,5.0,13,0,2026-06-23T16:42:30.425852
TXN-02162,CUST-7109,11491,Wallet,SUCCESS,,REGULAR,11,27,6,21,2,True,False,0.16,6.7,60,0,2026-08-15T16:42:30.425852
TXN-02163,CUST-5938,14351,Wallet,SUCCESS,,NEW,35,18,9,9,2,False,False,0.2,6.1,55,0,2026-07-22T16:42:30.425852
TXN-02164,CUST-2260,2721,Credit Card,SUCCESS,,NEW,11,7,7,0,3,False,False,0.48,5.5,12,0,2026-08-08T16:42:30.425852
TXN-02165,CUST-6200,824,Net Banking,SUCCESS,,AT_RISK,33,4,2,2,0,False,False,0.86,6.7,31,0,2026-06-08T16:42:30.425852
TXN-02166,CUST-1335,347,Wallet,SUCCESS,,NEW,3,29,7,22,0,False,True,0.45,0.5,49,0,2026-08-30T16:42:30.425852
TXN-02167,CUST-4708,754,UPI,SUCCESS,,REGULAR,6,20,5,15,0,False,False,0.32,5.8,60,0,2026-09-02T16:42:30.425852
TXN-02168,CUST-4842,5957,Debit Card,FAILED,INSUFFICIENT_FUNDS,NEW,23,17,13,4,3,True,True,0.63,4.7,4,2,2026-06-07T16:42:30.425852
TXN-02169,CUST-4071,4586,UPI,SUCCESS,,NEW,31,8,5,3,1,False,True,0.47,0.7,53,0,2026-08-30T16:42:30.425852
TXN-02170,CUST-6659,3156,Debit Card,SUCCESS,,REGULAR,10,16,5,11,1,True,True,0.5,5.1,54,0,2026-06-19T16:42:30.425852
TXN-02171,CUST-8518,652,Credit Card,SUCCESS,,NEW,18,16,16,0,2,True,False,0.33,6.4,25,0,2026-08-28T16:42:30.425852
TXN-02172,CUST-7599,4302,Wallet,SUCCESS,,REGULAR,31,26,7,19,2,False,False,0.14,4.2,28,0,2026-06-27T16:42:30.425852
TXN-02173,CUST-6926,17164,Credit Card,SUCCESS,,NEW,14,21,18,3,2,True,True,0.84,1.6,33,0,2026-06-19T16:42:30.425852
TXN-02174,CUST-2616,19914,Wallet,FAILED,CUSTOMER_ABANDONED,AT_RISK,5,14,11,3,0,False,False,0.24,6.3,30,3,2026-06-21T16:42:30.425852
TXN-02175,CUST-2616,299,UPI,SUCCESS,,AT_RISK,7,5,5,0,1,False,False,0.55,0.4,48,0,2026-07-22T16:42:30.425852
TXN-02176,CUST-8439,12153,Net Banking,SUCCESS,,LOYAL,32,11,7,4,0,False,False,0.34,6.0,29,0,2026-08-02T16:42:30.425852
TXN-02177,CUST-7171,4498,Debit Card,SUCCESS,,REGULAR,6,23,2,21,0,False,True,0.9,5.2,54,0,2026-06-22T16:42:30.425852
TXN-02178,CUST-6987,9089,Debit Card,SUCCESS,,REGULAR,2,8,0,8,0,False,False,0.87,2.1,33,0,2026-07-18T16:42:30.425852
TXN-02179,CUST-2341,6374,Credit Card,SUCCESS,,REGULAR,3,13,3,10,0,False,False,0.88,1.3,21,0,2026-07-02T16:42:30.425852
TXN-02180,CUST-9016,3983,UPI,SUCCESS,,AT_RISK,11,13,5,8,1,False,False,0.51,0.3,41,0,2026-08-31T16:42:30.425852
TXN-02181,CUST-5953,11024,Net Banking,SUCCESS,,LOYAL,2,15,15,0,2,True,True,0.88,2.7,19,0,2026-09-01T16:42:30.425852
TXN-02182,CUST-9056,819,Debit Card,SUCCESS,,LOYAL,31,25,0,25,1,True,False,0.67,5.3,2,0,2026-07-21T16:42:30.425852
TXN-02183,CUST-9942,4603,Debit Card,SUCCESS,,REGULAR,1,11,8,3,3,False,False,0.32,0.3,27,0,2026-08-27T16:42:30.425852
TXN-02184,CUST-6650,570,Credit Card,FAILED,PAYMENT_DECLINED,REGULAR,35,27,1,26,0,False,False,0.5,6.5,15,0,2026-06-28T16:42:30.425852
TXN-02185,CUST-9972,1881,UPI,FAILED,INSUFFICIENT_FUNDS,REGULAR,27,5,3,2,0,False,False,0.94,3.2,53,0,2026-06-10T16:42:30.425852
TXN-02186,CUST-4867,14194,Net Banking,SUCCESS,,REGULAR,33,17,5,12,3,False,False,0.68,0.7,17,0,2026-06-23T16:42:30.425852
TXN-02187,CUST-6405,830,Debit Card,SUCCESS,,LOYAL,18,17,8,9,3,True,True,0.26,4.5,36,0,2026-06-25T16:42:30.425852
TXN-02188,CUST-8790,4580,UPI,SUCCESS,,REGULAR,33,8,0,8,3,True,True,0.8,0.6,40,0,2026-08-21T16:42:30.425852
TXN-02189,CUST-2040,317,Credit Card,SUCCESS,,AT_RISK,5,30,3,27,1,False,True,0.36,2.3,3,0,2026-06-17T16:42:30.425852
TXN-02190,CUST-2658,284,UPI,FAILED,INSUFFICIENT_FUNDS,NEW,21,4,3,1,3,True,True,0.43,0.6,42,0,2026-08-08T16:42:30.425852
TXN-02191,CUST-4189,15384,Debit Card,SUCCESS,,REGULAR,12,9,4,5,0,False,False,0.34,6.5,53,0,2026-06-07T16:42:30.425852
TXN-02192,CUST-5703,11586,UPI,SUCCESS,,NEW,29,27,1,26,0,False,True,0.43,0.1,53,0,2026-07-09T16:42:30.425852
TXN-02193,CUST-4082,5449,UPI,SUCCESS,,AT_RISK,7,27,22,5,0,False,False,0.37,4.5,36,0,2026-08-28T16:42:30.425852
TXN-02194,CUST-3791,19758,Net Banking,SUCCESS,,LOYAL,34,6,6,0,2,False,False,0.7,2.4,31,0,2026-07-26T16:42:30.425852
TXN-02195,CUST-7808,4565,Debit Card,FAILED,PAYMENT_DECLINED,NEW,9,7,1,6,0,False,False,0.85,2.7,49,0,2026-06-22T16:42:30.425852
TXN-02196,CUST-4342,12418,Credit Card,FAILED,CUSTOMER_ABANDONED,REGULAR,13,18,8,10,3,True,True,0.25,0.4,39,3,2026-08-05T16:42:30.425852
TXN-02197,CUST-5874,2226,Wallet,SUCCESS,,NEW,1,21,11,10,1,False,True,0.47,2.6,25,0,2026-06-19T16:42:30.425852
TXN-02198,CUST-2299,11119,UPI,SUCCESS,,LOYAL,21,26,20,6,1,True,True,0.52,5.6,47,0,2026-08-16T16:42:30.425852
TXN-02199,CUST-4752,14791,Credit Card,FAILED,NETWORK_TIMEOUT,NEW,36,27,12,15,0,False,False,0.66,2.6,20,1,2026-07-09T16:42:30.425852
TXN-02200,CUST-7521,953,UPI,SUCCESS,,NEW,16,27,19,8,3,False,False,0.13,6.6,28,0,2026-07-22T16:42:30.425852
TXN-02201,CUST-8352,992,Net Banking,SUCCESS,,REGULAR,35,2,1,1,1,False,True,0.16,6.3,45,0,2026-06-23T16:42:30.425852
TXN-02202,CUST-6219,752,Debit Card,SUCCESS,,NEW,31,23,10,13,0,False,False,0.63,0.7,52,0,2026-06-13T16:42:30.425852
TXN-02203,CUST-8928,7121,Net Banking,FAILED,NETWORK_TIMEOUT,REGULAR,13,6,6,0,2,True,False,0.55,1.8,42,3,2026-06-29T16:42:30.425852
TXN-02204,CUST-1836,3116,Wallet,SUCCESS,,NEW,21,21,19,2,0,False,True,0.64,0.6,22,0,2026-08-01T16:42:30.425852
TXN-02205,CUST-2918,472,UPI,SUCCESS,,NEW,32,16,0,16,1,False,False,0.31,5.5,18,0,2026-08-25T16:42:30.425852
TXN-02206,CUST-8227,9479,UPI,FAILED,NETWORK_TIMEOUT,AT_RISK,7,29,29,0,1,True,False,0.69,6.0,15,1,2026-06-26T16:42:30.425852
TXN-02207,CUST-4225,4074,Wallet,FAILED,CUSTOMER_ABANDONED,LOYAL,36,8,6,2,3,False,True,0.5,2.3,39,2,2026-07-14T16:42:30.425852
TXN-02208,CUST-5723,274,Credit Card,FAILED,CUSTOMER_ABANDONED,NEW,30,13,5,8,2,True,False,0.73,4.2,33,2,2026-07-26T16:42:30.425852
TXN-02209,CUST-5691,964,Wallet,SUCCESS,,REGULAR,35,4,3,1,0,False,False,0.67,0.2,55,0,2026-08-17T16:42:30.425852
TXN-02210,CUST-2229,2474,Wallet,SUCCESS,,NEW,26,27,26,1,0,False,True,0.91,3.8,28,0,2026-06-11T16:42:30.425852
TXN-02211,CUST-8331,7210,Wallet,SUCCESS,,NEW,26,8,5,3,1,True,True,0.13,3.8,38,0,2026-07-24T16:42:30.425852
TXN-02212,CUST-9636,2641,Debit Card,SUCCESS,,REGULAR,20,3,1,2,2,False,True,0.14,4.5,36,0,2026-06-14T16:42:30.425852
TXN-02213,CUST-2500,761,UPI,SUCCESS,,REGULAR,24,20,13,7,3,False,False,0.2,2.2,11,0,2026-07-15T16:42:30.425852
TXN-02214,CUST-2760,3515,UPI,SUCCESS,,AT_RISK,5,10,10,0,2,False,True,0.77,5.3,31,0,2026-07-17T16:42:30.425852
TXN-02215,CUST-5384,9568,UPI,FAILED,NETWORK_TIMEOUT,REGULAR,31,10,0,10,3,True,False,0.52,3.7,30,0,2026-08-06T16:42:30.425852
TXN-02216,CUST-5344,687,Debit Card,FAILED,INSUFFICIENT_FUNDS,NEW,18,22,10,12,1,True,False,0.86,4.9,57,3,2026-08-21T16:42:30.425852
TXN-02217,CUST-4966,4772,Debit Card,FAILED,BANK_ERROR,LOYAL,15,26,4,22,0,False,True,0.53,4.8,37,1,2026-06-17T16:42:30.425852
TXN-02218,CUST-5041,9866,Debit Card,SUCCESS,,REGULAR,26,17,0,17,3,True,False,0.68,1.9,60,0,2026-06-12T16:42:30.425852
TXN-02219,CUST-6246,11617,UPI,SUCCESS,,AT_RISK,18,2,2,0,1,True,False,0.23,4.9,53,0,2026-06-12T16:42:30.425852
TXN-02220,CUST-8837,4580,Net Banking,SUCCESS,,AT_RISK,8,9,9,0,2,True,False,0.82,0.9,27,0,2026-07-18T16:42:30.425852
TXN-02221,CUST-3474,823,Credit Card,SUCCESS,,NEW,10,13,5,8,0,False,False,0.21,1.6,31,0,2026-08-10T16:42:30.425852
TXN-02222,CUST-8283,738,Debit Card,FAILED,NETWORK_TIMEOUT,LOYAL,23,1,1,0,0,False,False,0.48,0.2,56,2,2026-07-09T16:42:30.425852
TXN-02223,CUST-1983,921,UPI,SUCCESS,,NEW,34,18,17,1,1,True,False,0.25,2.4,23,0,2026-07-04T16:42:30.425852
TXN-02224,CUST-1400,7330,Debit Card,SUCCESS,,REGULAR,29,6,6,0,0,False,False,0.38,2.0,16,0,2026-07-11T16:42:30.425852
TXN-02225,CUST-8662,11089,Wallet,SUCCESS,,NEW,23,13,0,13,1,True,False,0.27,2.9,37,0,2026-08-01T16:42:30.425852
TXN-02226,CUST-9778,4167,Net Banking,SUCCESS,,REGULAR,12,4,0,4,1,False,False,0.61,2.8,58,0,2026-07-25T16:42:30.425852
TXN-02227,CUST-7859,478,Wallet,SUCCESS,,NEW,11,25,13,12,1,True,False,0.36,4.0,6,0,2026-06-27T16:42:30.425852
TXN-02228,CUST-5636,18552,Debit Card,SUCCESS,,REGULAR,8,13,13,0,3,True,True,0.5,5.8,44,0,2026-08-30T16:42:30.425852
TXN-02229,CUST-2198,957,Debit Card,SUCCESS,,NEW,28,6,6,0,2,False,True,0.71,0.4,58,0,2026-07-20T16:42:30.425852
TXN-02230,CUST-9763,7046,Net Banking,SUCCESS,,LOYAL,27,12,9,3,1,False,False,0.49,6.2,50,0,2026-08-10T16:42:30.425852
TXN-02231,CUST-8062,2367,Credit Card,FAILED,CARD_EXPIRED,NEW,18,14,9,5,3,False,False,0.16,1.8,19,0,2026-07-23T16:42:30.425852
TXN-02232,CUST-6935,3014,Debit Card,FAILED,BANK_ERROR,REGULAR,20,26,17,9,0,False,False,0.52,0.4,9,3,2026-08-25T16:42:30.425852
TXN-02233,CUST-9205,307,Debit Card,FAILED,PAYMENT_DECLINED,LOYAL,20,22,13,9,2,True,True,0.86,6.8,42,0,2026-08-25T16:42:30.425852
TXN-02234,CUST-3722,362,Wallet,SUCCESS,,LOYAL,25,21,21,0,3,False,True,0.69,3.8,53,0,2026-07-15T16:42:30.425852
TXN-02235,CUST-6220,6638,Credit Card,FAILED,CUSTOMER_ABANDONED,AT_RISK,17,13,5,8,3,False,False,0.5,3.0,30,2,2026-06-07T16:42:30.425852
TXN-02236,CUST-5232,15108,Wallet,SUCCESS,,REGULAR,26,21,20,1,3,False,False,0.35,5.2,25,0,2026-07-28T16:42:30.425852
TXN-02237,CUST-5781,14907,Net Banking,SUCCESS,,NEW,1,26,2,24,0,False,True,0.27,0.7,45,0,2026-06-27T16:42:30.425852
TXN-02238,CUST-6138,14467,UPI,SUCCESS,,REGULAR,16,19,8,11,3,False,False,0.14,2.6,60,0,2026-07-28T16:42:30.425852
TXN-02239,CUST-6512,984,Wallet,SUCCESS,,LOYAL,5,4,0,4,0,False,False,0.55,6.1,60,0,2026-08-08T16:42:30.425852
TXN-02240,CUST-6100,4682,Net Banking,FAILED,PAYMENT_DECLINED,NEW,26,8,8,0,1,False,False,0.53,5.7,57,2,2026-06-12T16:42:30.425852
TXN-02241,CUST-1190,8884,UPI,FAILED,INSUFFICIENT_FUNDS,REGULAR,26,24,9,15,0,False,True,0.25,0.2,32,2,2026-07-14T16:42:30.425852
TXN-02242,CUST-7106,12973,Wallet,SUCCESS,,NEW,2,5,1,4,1,False,False,0.73,4.0,53,0,2026-06-07T16:42:30.425852
TXN-02243,CUST-8115,2416,Debit Card,SUCCESS,,LOYAL,4,16,12,4,0,False,True,0.28,0.3,52,0,2026-06-12T16:42:30.425852
TXN-02244,CUST-8670,319,Net Banking,SUCCESS,,AT_RISK,25,1,1,0,1,True,False,0.56,3.9,54,0,2026-08-31T16:42:30.425852
TXN-02245,CUST-5374,6536,Net Banking,SUCCESS,,AT_RISK,17,21,20,1,0,False,True,0.81,2.7,37,0,2026-08-25T16:42:30.425852
TXN-02246,CUST-6319,704,Credit Card,SUCCESS,,AT_RISK,4,1,1,0,3,False,True,0.12,6.9,48,0,2026-07-28T16:42:30.425852
TXN-02247,CUST-5274,14802,UPI,FAILED,BANK_ERROR,AT_RISK,15,13,0,13,1,True,True,0.63,1.1,26,0,2026-08-09T16:42:30.425852
TXN-02248,CUST-1210,274,UPI,SUCCESS,,AT_RISK,34,14,11,3,0,False,False,0.63,5.0,36,0,2026-06-27T16:42:30.425852
TXN-02249,CUST-9797,14864,Net Banking,FAILED,BANK_ERROR,AT_RISK,7,26,25,1,1,False,True,0.67,5.0,17,0,2026-07-27T16:42:30.425852
TXN-02250,CUST-7022,16979,Debit Card,SUCCESS,,REGULAR,1,21,9,12,0,False,False,0.68,2.1,58,0,2026-07-30T16:42:30.425852
TXN-02251,CUST-7529,7146,Debit Card,SUCCESS,,NEW,15,16,16,0,1,False,True,0.43,2.4,39,0,2026-09-03T16:42:30.425852
TXN-02252,CUST-1794,2118,Credit Card,SUCCESS,,NEW,17,1,1,0,2,True,True,0.93,6.2,39,0,2026-08-25T16:42:30.425852
TXN-02253,CUST-1467,1382,UPI,FAILED,INSUFFICIENT_FUNDS,NEW,33,13,10,3,0,False,False,0.91,4.3,6,1,2026-07-21T16:42:30.425852
TXN-02254,CUST-4922,677,Wallet,SUCCESS,,NEW,15,16,1,15,3,False,True,0.65,4.9,18,0,2026-06-20T16:42:30.425852
TXN-02255,CUST-6627,7828,Credit Card,SUCCESS,,LOYAL,21,29,11,18,2,False,False,0.44,1.8,15,0,2026-08-28T16:42:30.425852
TXN-02256,CUST-4994,8940,Net Banking,FAILED,BANK_ERROR,LOYAL,20,18,8,10,0,False,True,0.47,3.8,58,3,2026-08-02T16:42:30.425852
TXN-02257,CUST-4573,605,Wallet,SUCCESS,,REGULAR,36,2,2,0,1,True,False,0.71,0.1,43,0,2026-06-25T16:42:30.425852
TXN-02258,CUST-7512,2426,Credit Card,SUCCESS,,REGULAR,7,1,0,1,0,False,True,0.21,1.5,14,0,2026-06-07T16:42:30.425852
TXN-02259,CUST-7019,2930,Wallet,FAILED,CUSTOMER_ABANDONED,NEW,19,1,1,0,2,True,False,0.46,6.3,47,2,2026-08-30T16:42:30.425852
TXN-02260,CUST-5933,589,Debit Card,SUCCESS,,LOYAL,12,20,20,0,0,False,True,0.41,3.0,31,0,2026-08-14T16:42:30.425852
TXN-02261,CUST-3981,19434,UPI,SUCCESS,,REGULAR,14,17,11,6,0,False,False,0.33,1.7,17,0,2026-08-16T16:42:30.425852
TXN-02262,CUST-7179,352,Wallet,SUCCESS,,AT_RISK,6,23,5,18,3,True,False,0.1,3.5,55,0,2026-07-29T16:42:30.425852
TXN-02263,CUST-9251,8102,Wallet,SUCCESS,,LOYAL,26,10,0,10,0,False,True,0.38,3.1,29,0,2026-07-02T16:42:30.425852
TXN-02264,CUST-4332,3392,Wallet,FAILED,NETWORK_TIMEOUT,LOYAL,1,23,7,16,3,True,True,0.11,4.8,18,1,2026-07-14T16:42:30.425852
TXN-02265,CUST-8208,329,UPI,SUCCESS,,NEW,9,27,19,8,2,True,True,0.48,3.6,42,0,2026-07-22T16:42:30.425852
TXN-02266,CUST-9898,11795,Wallet,FAILED,INSUFFICIENT_FUNDS,LOYAL,16,15,8,7,3,True,False,0.85,0.9,53,3,2026-08-06T16:42:30.425852
TXN-02267,CUST-8631,10198,Credit Card,SUCCESS,,AT_RISK,29,20,0,20,2,False,True,0.6,1.7,8,0,2026-07-04T16:42:30.425852
TXN-02268,CUST-5923,18326,Wallet,SUCCESS,,REGULAR,10,20,5,15,0,False,True,0.34,3.6,8,0,2026-08-03T16:42:30.425852
TXN-02269,CUST-1311,10194,Credit Card,SUCCESS,,NEW,8,20,4,16,2,False,False,0.85,5.2,2,0,2026-08-03T16:42:30.425852
TXN-02270,CUST-3795,18434,UPI,FAILED,BANK_ERROR,AT_RISK,35,25,16,9,2,False,True,0.36,4.1,34,3,2026-09-04T16:42:30.425852
TXN-02271,CUST-5604,2424,Debit Card,SUCCESS,,LOYAL,32,15,8,7,2,False,True,0.59,6.5,55,0,2026-06-09T16:42:30.425852
TXN-02272,CUST-3967,646,Credit Card,SUCCESS,,NEW,12,4,0,4,1,True,False,0.1,3.5,16,0,2026-08-06T16:42:30.425852
TXN-02273,CUST-2614,437,Net Banking,SUCCESS,,NEW,22,26,26,0,0,False,True,0.32,1.8,12,0,2026-08-24T16:42:30.425852
TXN-02274,CUST-4351,487,Wallet,SUCCESS,,REGULAR,2,5,0,5,1,True,False,0.3,6.2,28,0,2026-08-29T16:42:30.425852
TXN-02275,CUST-9728,13641,Credit Card,SUCCESS,,NEW,19,10,6,4,3,True,False,0.48,3.7,26,0,2026-07-23T16:42:30.425852
TXN-02276,CUST-6964,1298,UPI,SUCCESS,,LOYAL,19,11,4,7,2,False,False,0.75,6.1,53,0,2026-08-23T16:42:30.425852
TXN-02277,CUST-5206,18993,Net Banking,SUCCESS,,REGULAR,31,27,23,4,2,True,True,0.75,4.0,15,0,2026-07-19T16:42:30.425852
TXN-02278,CUST-8920,6662,Net Banking,SUCCESS,,AT_RISK,25,21,7,14,0,False,False,0.82,3.1,25,0,2026-06-26T16:42:30.425852
TXN-02279,CUST-8372,287,Wallet,FAILED,CUSTOMER_ABANDONED,LOYAL,26,30,5,25,2,True,True,0.26,4.7,28,3,2026-08-05T16:42:30.425852
TXN-02280,CUST-6909,3826,Debit Card,SUCCESS,,REGULAR,9,12,7,5,3,True,False,0.8,1.1,12,0,2026-06-20T16:42:30.425852
TXN-02281,CUST-7891,346,UPI,FAILED,CARD_EXPIRED,LOYAL,28,17,7,10,0,False,False,0.39,6.6,27,1,2026-06-07T16:42:30.425852
TXN-02282,CUST-9542,11718,Wallet,SUCCESS,,REGULAR,29,10,3,7,2,True,True,0.93,4.8,3,0,2026-07-03T16:42:30.425852
TXN-02283,CUST-3506,583,Net Banking,SUCCESS,,REGULAR,14,24,4,20,3,False,False,0.36,4.8,2,0,2026-06-10T16:42:30.425852
TXN-02284,CUST-8926,6362,Wallet,SUCCESS,,LOYAL,15,10,1,9,3,False,True,0.63,5.3,16,0,2026-08-01T16:42:30.425852
TXN-02285,CUST-1659,19522,Credit Card,SUCCESS,,AT_RISK,34,2,2,0,3,False,False,0.55,6.0,21,0,2026-07-24T16:42:30.425852
TXN-02286,CUST-5152,16507,Net Banking,SUCCESS,,AT_RISK,30,30,26,4,3,False,True,0.49,0.1,17,0,2026-08-09T16:42:30.425852
TXN-02287,CUST-6196,12743,UPI,FAILED,INSUFFICIENT_FUNDS,AT_RISK,18,14,14,0,1,True,False,0.33,6.2,25,0,2026-08-08T16:42:30.425852
TXN-02288,CUST-7466,771,Wallet,FAILED,CUSTOMER_ABANDONED,AT_RISK,36,28,13,15,3,True,False,0.94,6.9,38,3,2026-07-24T16:42:30.425852
TXN-02289,CUST-1357,7808,Wallet,SUCCESS,,LOYAL,24,6,2,4,1,False,False,0.6,0.4,21,0,2026-06-16T16:42:30.425852
TXN-02290,CUST-9491,16884,UPI,SUCCESS,,NEW,15,23,12,11,1,True,True,0.25,0.7,4,0,2026-08-09T16:42:30.425852
TXN-02291,CUST-5116,4197,Credit Card,SUCCESS,,AT_RISK,28,28,27,1,0,False,False,0.17,4.8,8,0,2026-07-26T16:42:30.425852
TXN-02292,CUST-2870,13304,Wallet,FAILED,NETWORK_TIMEOUT,AT_RISK,4,24,19,5,2,False,False,0.67,4.5,46,1,2026-07-14T16:42:30.425852
TXN-02293,CUST-8130,16064,Credit Card,SUCCESS,,AT_RISK,21,2,2,0,3,True,False,0.89,3.6,15,0,2026-07-06T16:42:30.425852
TXN-02294,CUST-9176,1979,Debit Card,FAILED,PAYMENT_DECLINED,NEW,9,11,8,3,0,False,False,0.62,2.0,23,3,2026-08-31T16:42:30.425852
TXN-02295,CUST-1698,13269,Credit Card,SUCCESS,,AT_RISK,13,29,26,3,0,False,False,0.35,5.1,15,0,2026-06-27T16:42:30.425852
TXN-02296,CUST-7490,6082,Debit Card,FAILED,BANK_ERROR,NEW,32,10,1,9,0,False,True,0.77,3.9,7,2,2026-07-01T16:42:30.425852
TXN-02297,CUST-5107,3461,Debit Card,FAILED,NETWORK_TIMEOUT,LOYAL,34,23,8,15,3,True,True,0.24,6.7,3,1,2026-07-31T16:42:30.425852
TXN-02298,CUST-8614,10074,Wallet,SUCCESS,,AT_RISK,25,3,2,1,0,False,False,0.66,1.5,46,0,2026-07-22T16:42:30.425852
TXN-02299,CUST-7387,15030,UPI,SUCCESS,,AT_RISK,8,11,10,1,2,False,False,0.36,4.9,25,0,2026-07-15T16:42:30.425852
TXN-02300,CUST-8192,1147,Debit Card,SUCCESS,,NEW,15,1,1,0,2,False,False,0.49,0.0,13,0,2026-07-09T16:42:30.425852
TXN-02301,CUST-7199,687,Credit Card,SUCCESS,,AT_RISK,34,9,7,2,0,False,True,0.46,0.1,46,0,2026-07-12T16:42:30.425852
TXN-02302,CUST-1042,657,Credit Card,FAILED,CUSTOMER_ABANDONED,REGULAR,11,22,4,18,2,False,True,0.52,0.4,31,2,2026-08-09T16:42:30.425852
TXN-02303,CUST-1305,457,Debit Card,SUCCESS,,NEW,23,26,13,13,0,False,True,0.17,3.2,17,0,2026-07-04T16:42:30.425852
TXN-02304,CUST-4422,368,Credit Card,FAILED,CARD_EXPIRED,REGULAR,24,18,5,13,3,True,False,0.47,6.7,22,3,2026-08-01T16:42:30.425852
TXN-02305,CUST-1393,2648,UPI,FAILED,CARD_EXPIRED,REGULAR,34,6,0,6,1,False,True,0.49,6.1,29,0,2026-08-03T16:42:30.425852
TXN-02306,CUST-2577,12747,UPI,FAILED,CARD_EXPIRED,REGULAR,27,20,4,16,1,False,True,0.72,1.3,8,1,2026-07-26T16:42:30.425852
TXN-02307,CUST-2177,9894,Credit Card,FAILED,CUSTOMER_ABANDONED,LOYAL,15,18,1,17,1,False,True,0.78,4.2,25,3,2026-06-21T16:42:30.425852
TXN-02308,CUST-2715,8165,Wallet,SUCCESS,,LOYAL,36,5,4,1,0,False,True,0.59,5.0,8,0,2026-08-08T16:42:30.425852
TXN-02309,CUST-2342,1678,Debit Card,SUCCESS,,LOYAL,6,26,19,7,1,True,False,0.15,2.2,25,0,2026-08-28T16:42:30.425852
TXN-02310,CUST-8054,889,Debit Card,FAILED,BANK_ERROR,LOYAL,26,27,16,11,2,True,True,0.82,4.9,9,3,2026-07-08T16:42:30.425852
TXN-02311,CUST-2740,831,Wallet,SUCCESS,,AT_RISK,9,27,5,22,1,False,False,0.41,0.6,30,0,2026-07-13T16:42:30.425852
TXN-02312,CUST-8038,493,UPI,SUCCESS,,NEW,15,23,8,15,0,False,True,0.4,3.7,30,0,2026-07-15T16:42:30.425852
TXN-02313,CUST-6323,4297,Debit Card,SUCCESS,,AT_RISK,2,14,11,3,1,False,False,0.19,4.4,39,0,2026-07-22T16:42:30.425852
TXN-02314,CUST-7086,3525,Net Banking,SUCCESS,,LOYAL,11,1,0,1,1,False,True,0.24,2.7,40,0,2026-07-02T16:42:30.425852
TXN-02315,CUST-4604,9836,Debit Card,FAILED,CUSTOMER_ABANDONED,LOYAL,23,2,2,0,2,True,True,0.77,0.4,23,3,2026-07-29T16:42:30.425852
TXN-02316,CUST-5779,2907,Net Banking,FAILED,PAYMENT_DECLINED,REGULAR,21,20,7,13,2,False,False,0.79,5.9,3,0,2026-08-20T16:42:30.425852
TXN-02317,CUST-3134,2070,Credit Card,FAILED,CARD_EXPIRED,LOYAL,22,28,24,4,3,True,False,0.53,1.9,26,2,2026-08-03T16:42:30.425852
TXN-02318,CUST-1547,3053,Credit Card,FAILED,INSUFFICIENT_FUNDS,AT_RISK,34,4,1,3,2,True,True,0.89,5.7,47,1,2026-07-13T16:42:30.425852
TXN-02319,CUST-1303,2598,Credit Card,SUCCESS,,REGULAR,11,19,4,15,3,True,True,0.76,3.9,50,0,2026-09-02T16:42:30.425852
TXN-02320,CUST-4765,19430,Credit Card,SUCCESS,,AT_RISK,30,8,3,5,3,True,True,0.18,1.9,8,0,2026-07-10T16:42:30.425852
TXN-02321,CUST-7475,2650,UPI,SUCCESS,,AT_RISK,7,24,18,6,1,False,False,0.93,2.4,53,0,2026-06-29T16:42:30.425852
TXN-02322,CUST-5725,207,Credit Card,SUCCESS,,REGULAR,16,22,10,12,1,False,False,0.89,6.6,10,0,2026-08-24T16:42:30.425852
TXN-02323,CUST-3670,18797,Net Banking,SUCCESS,,NEW,12,14,10,4,3,True,False,0.37,1.0,60,0,2026-08-31T16:42:30.425852
TXN-02324,CUST-2224,1663,UPI,SUCCESS,,REGULAR,5,17,6,11,3,True,True,0.22,6.2,30,0,2026-08-20T16:42:30.425852
TXN-02325,CUST-5371,939,Wallet,FAILED,CUSTOMER_ABANDONED,LOYAL,9,1,1,0,0,False,False,0.82,5.7,20,1,2026-06-09T16:42:30.425852
TXN-02326,CUST-6047,4413,Credit Card,SUCCESS,,NEW,26,11,4,7,2,True,True,0.63,5.3,22,0,2026-07-02T16:42:30.425852
TXN-02327,CUST-6254,18637,Debit Card,FAILED,INSUFFICIENT_FUNDS,AT_RISK,6,21,1,20,0,False,True,0.57,2.4,10,1,2026-07-08T16:42:30.425852
TXN-02328,CUST-7479,900,Credit Card,SUCCESS,,AT_RISK,13,24,8,16,0,False,True,0.86,2.6,11,0,2026-06-25T16:42:30.425852
TXN-02329,CUST-6307,570,UPI,FAILED,NETWORK_TIMEOUT,LOYAL,4,21,17,4,1,True,True,0.85,6.7,40,2,2026-07-25T16:42:30.425852
TXN-02330,CUST-6495,5385,Wallet,SUCCESS,,AT_RISK,27,10,5,5,0,False,True,0.49,2.5,47,0,2026-08-19T16:42:30.425852
TXN-02331,CUST-9850,345,Wallet,FAILED,PAYMENT_DECLINED,REGULAR,36,21,3,18,2,False,False,0.42,5.5,5,3,2026-07-06T16:42:30.425852
TXN-02332,CUST-8855,795,Debit Card,SUCCESS,,REGULAR,27,20,17,3,2,True,True,0.41,1.4,49,0,2026-07-31T16:42:30.425852
TXN-02333,CUST-6580,2131,UPI,SUCCESS,,REGULAR,20,9,5,4,3,False,True,0.78,5.3,43,0,2026-08-10T16:42:30.425852
TXN-02334,CUST-9547,16902,Wallet,SUCCESS,,NEW,35,30,5,25,2,False,False,0.45,3.3,11,0,2026-06-29T16:42:30.425852
TXN-02335,CUST-4166,8687,Net Banking,SUCCESS,,LOYAL,22,30,18,12,2,False,True,0.47,3.9,54,0,2026-08-30T16:42:30.425852
TXN-02336,CUST-9618,3046,UPI,SUCCESS,,AT_RISK,7,30,21,9,3,True,True,0.78,2.6,4,0,2026-08-15T16:42:30.425852
TXN-02337,CUST-3760,4157,UPI,FAILED,CUSTOMER_ABANDONED,AT_RISK,23,15,12,3,0,False,True,0.26,3.8,30,2,2026-08-28T16:42:30.425852
TXN-02338,CUST-6516,844,Credit Card,SUCCESS,,LOYAL,20,20,5,15,2,True,True,0.94,6.2,20,0,2026-07-23T16:42:30.425852
TXN-02339,CUST-7737,17253,Wallet,SUCCESS,,REGULAR,5,9,1,8,0,False,False,0.48,6.1,56,0,2026-07-24T16:42:30.425852
TXN-02340,CUST-1993,2993,Credit Card,SUCCESS,,AT_RISK,1,15,3,12,2,True,False,0.62,5.3,41,0,2026-06-28T16:42:30.425852
TXN-02341,CUST-6615,18823,UPI,SUCCESS,,AT_RISK,25,8,3,5,1,True,True,0.56,7.0,33,0,2026-07-25T16:42:30.425852
TXN-02342,CUST-6548,202,Net Banking,SUCCESS,,NEW,33,14,5,9,3,True,True,0.51,5.4,16,0,2026-08-17T16:42:30.425852
TXN-02343,CUST-7566,10704,Debit Card,SUCCESS,,NEW,8,8,2,6,2,True,True,0.85,2.5,20,0,2026-06-26T16:42:30.425852
TXN-02344,CUST-7619,299,Debit Card,SUCCESS,,REGULAR,32,28,1,27,0,False,False,0.9,2.9,50,0,2026-08-29T16:42:30.425852
TXN-02345,CUST-2257,4880,Credit Card,FAILED,NETWORK_TIMEOUT,NEW,12,23,11,12,3,False,True,0.73,6.9,21,3,2026-06-26T16:42:30.425852
TXN-02346,CUST-5323,3492,Wallet,FAILED,INSUFFICIENT_FUNDS,NEW,11,3,0,3,0,False,True,0.9,2.0,40,1,2026-07-19T16:42:30.425852
TXN-02347,CUST-6016,11948,Debit Card,SUCCESS,,LOYAL,31,24,19,5,3,True,True,0.91,7.0,60,0,2026-06-13T16:42:30.425852
TXN-02348,CUST-9114,286,Debit Card,SUCCESS,,LOYAL,3,18,18,0,1,True,False,0.31,5.7,3,0,2026-08-01T16:42:30.425852
TXN-02349,CUST-3173,3180,Credit Card,SUCCESS,,LOYAL,3,7,6,1,0,False,True,0.41,4.8,23,0,2026-08-02T16:42:30.425852
TXN-02350,CUST-8004,1093,UPI,FAILED,CUSTOMER_ABANDONED,NEW,36,20,20,0,3,True,True,0.6,5.2,48,3,2026-07-16T16:42:30.425852
TXN-02351,CUST-3485,863,Credit Card,SUCCESS,,REGULAR,25,20,4,16,3,True,False,0.1,1.0,28,0,2026-08-26T16:42:30.425852
TXN-02352,CUST-1819,4095,Credit Card,FAILED,BANK_ERROR,NEW,30,13,7,6,0,False,True,0.65,5.0,14,3,2026-07-02T16:42:30.425852
TXN-02353,CUST-2309,18728,UPI,SUCCESS,,LOYAL,18,23,1,22,2,False,False,0.36,5.9,44,0,2026-06-12T16:42:30.425852
TXN-02354,CUST-3840,803,Debit Card,FAILED,CUSTOMER_ABANDONED,LOYAL,16,9,6,3,0,False,True,0.52,5.0,51,0,2026-06-19T16:42:30.425852
TXN-02355,CUST-7030,3282,Credit Card,SUCCESS,,REGULAR,10,9,0,9,2,True,True,0.45,1.8,56,0,2026-07-24T16:42:30.425852
TXN-02356,CUST-4748,18073,UPI,SUCCESS,,AT_RISK,9,17,14,3,0,False,False,0.51,3.9,7,0,2026-08-03T16:42:30.425852
TXN-02357,CUST-6683,6191,Wallet,FAILED,CUSTOMER_ABANDONED,REGULAR,21,4,3,1,2,False,False,0.5,4.3,23,2,2026-07-05T16:42:30.425852
TXN-02358,CUST-6000,14676,Net Banking,SUCCESS,,REGULAR,1,28,17,11,1,False,True,0.85,6.7,41,0,2026-08-16T16:42:30.425852
TXN-02359,CUST-1973,932,Wallet,SUCCESS,,AT_RISK,19,24,7,17,3,False,True,0.1,0.7,32,0,2026-06-17T16:42:30.425852
TXN-02360,CUST-8326,6118,Net Banking,SUCCESS,,NEW,2,14,12,2,1,True,False,0.29,0.8,19,0,2026-06-24T16:42:30.425852
TXN-02361,CUST-5967,10819,Wallet,SUCCESS,,NEW,9,26,10,16,1,True,True,0.64,2.0,49,0,2026-08-13T16:42:30.425852
TXN-02362,CUST-7339,2897,Debit Card,SUCCESS,,REGULAR,11,2,2,0,1,False,True,0.17,4.5,47,0,2026-07-16T16:42:30.425852
TXN-02363,CUST-6272,1154,Net Banking,SUCCESS,,LOYAL,15,29,29,0,1,True,True,0.85,2.3,37,0,2026-07-24T16:42:30.425852
TXN-02364,CUST-5863,513,Debit Card,FAILED,INSUFFICIENT_FUNDS,NEW,34,30,6,24,2,False,True,0.28,1.6,54,1,2026-06-12T16:42:30.425852
TXN-02365,CUST-1424,15097,Credit Card,SUCCESS,,LOYAL,12,3,2,1,3,False,True,0.93,6.8,43,0,2026-07-20T16:42:30.425852
TXN-02366,CUST-4582,3896,Net Banking,SUCCESS,,LOYAL,34,10,7,3,0,False,True,0.23,2.4,57,0,2026-06-16T16:42:30.425852
TXN-02367,CUST-4896,14199,UPI,FAILED,BANK_ERROR,AT_RISK,2,2,1,1,0,False,True,0.55,4.1,11,3,2026-08-21T16:42:30.425852
TXN-02368,CUST-8678,18365,Wallet,SUCCESS,,NEW,35,24,7,17,1,False,False,0.85,1.8,50,0,2026-07-05T16:42:30.425852
TXN-02369,CUST-2956,2124,Net Banking,SUCCESS,,REGULAR,34,5,4,1,3,False,False,0.92,5.7,19,0,2026-06-14T16:42:30.425852
TXN-02370,CUST-3009,4990,Credit Card,SUCCESS,,AT_RISK,32,20,10,10,2,False,False,0.94,0.4,21,0,2026-06-18T16:42:30.425852
TXN-02371,CUST-3911,3642,Net Banking,FAILED,INSUFFICIENT_FUNDS,NEW,6,24,12,12,0,False,False,0.26,6.7,55,3,2026-07-16T16:42:30.425852
TXN-02372,CUST-4972,875,Credit Card,SUCCESS,,AT_RISK,15,15,1,14,2,False,False,0.34,0.7,13,0,2026-07-21T16:42:30.425852
TXN-02373,CUST-4948,3193,Wallet,FAILED,CARD_EXPIRED,NEW,1,13,3,10,0,False,True,0.73,4.2,14,3,2026-07-07T16:42:30.425852
TXN-02374,CUST-3623,18129,Debit Card,SUCCESS,,AT_RISK,4,7,2,5,1,True,False,0.23,5.9,53,0,2026-07-01T16:42:30.425852
TXN-02375,CUST-4374,7342,Credit Card,FAILED,BANK_ERROR,NEW,3,16,0,16,1,True,False,0.74,3.5,31,2,2026-07-03T16:42:30.425852
TXN-02376,CUST-3770,2818,UPI,FAILED,NETWORK_TIMEOUT,AT_RISK,1,20,15,5,1,True,True,0.88,6.5,9,3,2026-08-08T16:42:30.425852
TXN-02377,CUST-7124,665,Wallet,SUCCESS,,NEW,9,23,2,21,1,True,False,0.87,2.3,3,0,2026-07-20T16:42:30.425852
TXN-02378,CUST-8760,495,Wallet,SUCCESS,,NEW,1,27,1,26,1,False,True,0.43,0.8,6,0,2026-06-10T16:42:30.425852
TXN-02379,CUST-5138,330,Wallet,FAILED,BANK_ERROR,NEW,34,16,9,7,1,False,False,0.21,5.4,37,0,2026-07-01T16:42:30.425852
TXN-02380,CUST-8571,427,Debit Card,SUCCESS,,AT_RISK,6,13,3,10,1,True,False,0.51,3.4,3,0,2026-07-01T16:42:30.425852
TXN-02381,CUST-2782,12104,Wallet,SUCCESS,,NEW,25,15,5,10,2,True,True,0.71,6.3,21,0,2026-07-01T16:42:30.425852
TXN-02382,CUST-6884,2152,UPI,SUCCESS,,NEW,31,11,5,6,0,False,True,0.34,2.2,29,0,2026-08-04T16:42:30.425852
TXN-02383,CUST-7799,692,Debit Card,SUCCESS,,REGULAR,31,19,15,4,1,False,False,0.5,6.4,31,0,2026-06-23T16:42:30.425852
TXN-02384,CUST-3406,483,UPI,SUCCESS,,REGULAR,8,27,18,9,1,True,True,0.17,3.5,50,0,2026-08-21T16:42:30.425852
TXN-02385,CUST-6864,12462,Debit Card,SUCCESS,,LOYAL,23,12,5,7,3,True,False,0.5,6.2,50,0,2026-06-08T16:42:30.425852
TXN-02386,CUST-8970,857,Net Banking,SUCCESS,,REGULAR,9,17,1,16,1,True,True,0.76,6.6,34,0,2026-08-12T16:42:30.425852
TXN-02387,CUST-8718,959,UPI,SUCCESS,,NEW,9,11,9,2,0,False,False,0.38,0.3,39,0,2026-07-30T16:42:30.425852
TXN-02388,CUST-6117,9085,UPI,FAILED,PAYMENT_DECLINED,NEW,8,25,11,14,3,False,False,0.67,2.7,27,0,2026-06-13T16:42:30.425852
TXN-02389,CUST-5771,487,Wallet,FAILED,PAYMENT_DECLINED,REGULAR,11,6,4,2,3,True,False,0.67,0.3,27,0,2026-07-20T16:42:30.425852
TXN-02390,CUST-4194,767,Wallet,SUCCESS,,LOYAL,18,3,0,3,0,False,False,0.57,0.6,56,0,2026-07-13T16:42:30.425852
TXN-02391,CUST-4100,4355,Credit Card,SUCCESS,,AT_RISK,30,11,3,8,1,True,False,0.43,4.0,36,0,2026-07-15T16:42:30.425852
TXN-02392,CUST-4901,12751,UPI,SUCCESS,,REGULAR,16,20,8,12,2,False,False,0.29,4.1,40,0,2026-07-23T16:42:30.425852
TXN-02393,CUST-6188,11581,UPI,SUCCESS,,LOYAL,31,11,8,3,0,False,False,0.82,1.1,7,0,2026-06-28T16:42:30.425852
TXN-02394,CUST-7424,1345,Debit Card,SUCCESS,,REGULAR,11,8,5,3,2,False,True,0.39,3.9,59,0,2026-06-13T16:42:30.425852
TXN-02395,CUST-3829,474,Credit Card,SUCCESS,,REGULAR,22,20,5,15,1,False,False,0.94,1.7,57,0,2026-07-06T16:42:30.425852
TXN-02396,CUST-9136,530,Net Banking,SUCCESS,,LOYAL,15,19,15,4,1,True,True,0.89,0.2,46,0,2026-06-18T16:42:30.425852
TXN-02397,CUST-7977,3485,Wallet,FAILED,PAYMENT_DECLINED,NEW,5,2,1,1,1,True,False,0.42,1.9,13,0,2026-07-07T16:42:30.425852
TXN-02398,CUST-4625,1171,Credit Card,SUCCESS,,REGULAR,25,5,3,2,3,False,False,0.94,1.5,42,0,2026-08-31T16:42:30.425852
TXN-02399,CUST-3264,1126,Debit Card,SUCCESS,,AT_RISK,15,17,3,14,3,False,True,0.45,0.6,49,0,2026-06-24T16:42:30.425852
TXN-02400,CUST-4895,19226,UPI,SUCCESS,,AT_RISK,23,16,15,1,0,False,False,0.75,5.8,14,0,2026-08-24T16:42:30.425852
TXN-02401,CUST-3072,464,Debit Card,FAILED,INSUFFICIENT_FUNDS,NEW,14,9,8,1,3,False,True,0.63,0.1,10,0,2026-08-07T16:42:30.425852
TXN-02402,CUST-2950,702,Wallet,FAILED,NETWORK_TIMEOUT,NEW,16,14,12,2,1,False,False,0.16,2.7,38,3,2026-06-15T16:42:30.425852
TXN-02403,CUST-8865,11238,Credit Card,SUCCESS,,AT_RISK,5,23,1,22,1,True,True,0.14,4.7,34,0,2026-07-11T16:42:30.425852
TXN-02404,CUST-3543,6638,Wallet,SUCCESS,,AT_RISK,16,27,23,4,1,True,True,0.56,4.4,22,0,2026-06-27T16:42:30.425852
TXN-02405,CUST-6515,6188,Debit Card,SUCCESS,,REGULAR,10,6,6,0,1,False,False,0.27,5.9,5,0,2026-08-01T16:42:30.425852
TXN-02406,CUST-3930,11645,Debit Card,SUCCESS,,NEW,18,24,14,10,2,True,False,0.61,4.4,27,0,2026-07-07T16:42:30.425852
TXN-02407,CUST-5605,770,Net Banking,SUCCESS,,REGULAR,7,9,1,8,3,True,True,0.86,0.9,53,0,2026-08-24T16:42:30.425852
TXN-02408,CUST-5937,1123,UPI,FAILED,BANK_ERROR,REGULAR,19,15,7,8,0,False,True,0.41,3.1,25,1,2026-09-03T16:42:30.425852
TXN-02409,CUST-8626,2810,Credit Card,FAILED,CARD_EXPIRED,REGULAR,6,23,10,13,2,True,True,0.52,6.4,3,3,2026-08-04T16:42:30.425852
TXN-02410,CUST-7928,18603,Wallet,SUCCESS,,AT_RISK,17,8,6,2,3,True,True,0.2,6.4,15,0,2026-06-25T16:42:30.425852
TXN-02411,CUST-3275,658,Credit Card,FAILED,CARD_EXPIRED,REGULAR,32,12,12,0,1,False,False,0.71,4.6,39,3,2026-06-15T16:42:30.425852
TXN-02412,CUST-3847,2796,Net Banking,FAILED,CARD_EXPIRED,LOYAL,24,14,7,7,0,False,False,0.67,2.4,17,3,2026-06-13T16:42:30.425852
TXN-02413,CUST-1081,3226,Wallet,SUCCESS,,NEW,11,30,30,0,2,True,True,0.25,6.3,44,0,2026-07-10T16:42:30.425852
TXN-02414,CUST-9534,11787,Debit Card,SUCCESS,,REGULAR,36,4,4,0,1,True,False,0.31,0.3,29,0,2026-06-19T16:42:30.425852
TXN-02415,CUST-2693,3821,UPI,SUCCESS,,REGULAR,33,13,10,3,3,False,False,0.54,0.9,34,0,2026-06-07T16:42:30.425852
TXN-02416,CUST-1243,900,Net Banking,SUCCESS,,AT_RISK,4,28,25,3,0,False,False,0.24,4.7,3,0,2026-08-10T16:42:30.425852
TXN-02417,CUST-7914,565,Net Banking,FAILED,PAYMENT_DECLINED,REGULAR,17,3,3,0,1,True,False,0.63,5.9,3,0,2026-06-10T16:42:30.425852
TXN-02418,CUST-5658,1010,Net Banking,SUCCESS,,LOYAL,4,14,14,0,0,False,True,0.71,0.1,11,0,2026-07-24T16:42:30.425852
TXN-02419,CUST-5781,873,UPI,SUCCESS,,AT_RISK,24,12,7,5,0,False,True,0.34,1.8,14,0,2026-07-15T16:42:30.425852
TXN-02420,CUST-6313,7714,Net Banking,SUCCESS,,LOYAL,8,3,2,1,1,True,False,0.88,1.7,36,0,2026-06-20T16:42:30.425852
TXN-02421,CUST-4463,15659,UPI,SUCCESS,,NEW,31,13,11,2,3,True,True,0.16,2.8,40,0,2026-08-08T16:42:30.425852
TXN-02422,CUST-2140,486,Net Banking,FAILED,CARD_EXPIRED,LOYAL,32,16,13,3,0,False,False,0.45,3.9,17,0,2026-06-28T16:42:30.425852
TXN-02423,CUST-4868,613,Debit Card,FAILED,CUSTOMER_ABANDONED,LOYAL,22,24,14,10,2,True,True,0.92,0.5,38,2,2026-08-28T16:42:30.425852
TXN-02424,CUST-1777,4573,Net Banking,SUCCESS,,NEW,16,8,2,6,3,True,True,0.86,6.4,31,0,2026-08-24T16:42:30.425852
TXN-02425,CUST-2817,12433,Debit Card,SUCCESS,,AT_RISK,22,24,20,4,0,False,False,0.43,4.7,23,0,2026-07-03T16:42:30.425852
TXN-02426,CUST-3518,7409,Wallet,FAILED,PAYMENT_DECLINED,REGULAR,32,5,1,4,0,False,True,0.51,5.5,13,1,2026-06-08T16:42:30.425852
TXN-02427,CUST-4172,3041,UPI,SUCCESS,,REGULAR,22,28,7,21,0,False,False,0.35,6.2,39,0,2026-07-30T16:42:30.425852
TXN-02428,CUST-6200,479,Credit Card,SUCCESS,,NEW,34,5,0,5,0,False,True,0.66,1.2,20,0,2026-07-22T16:42:30.425852
TXN-02429,CUST-1673,4876,Wallet,FAILED,CARD_EXPIRED,NEW,14,3,3,0,1,False,False,0.79,0.9,27,0,2026-06-13T16:42:30.425852
TXN-02430,CUST-1678,347,Wallet,FAILED,CARD_EXPIRED,AT_RISK,29,2,2,0,2,True,False,0.81,5.3,2,1,2026-06-14T16:42:30.425852
TXN-02431,CUST-5623,4647,Credit Card,SUCCESS,,REGULAR,22,28,15,13,2,True,True,0.54,1.6,50,0,2026-08-20T16:42:30.425852
TXN-02432,CUST-2734,5747,Debit Card,SUCCESS,,AT_RISK,29,9,3,6,3,True,False,0.59,4.3,44,0,2026-06-17T16:42:30.425852
TXN-02433,CUST-3278,3056,Wallet,FAILED,NETWORK_TIMEOUT,REGULAR,4,26,11,15,0,False,False,0.93,3.2,13,2,2026-06-25T16:42:30.425852
TXN-02434,CUST-7888,951,Wallet,FAILED,CARD_EXPIRED,NEW,13,26,16,10,2,False,True,0.78,3.8,23,1,2026-08-02T16:42:30.425852
TXN-02435,CUST-1049,3340,UPI,FAILED,INSUFFICIENT_FUNDS,AT_RISK,26,29,0,29,2,False,False,0.53,4.1,26,2,2026-08-04T16:42:30.425852
TXN-02436,CUST-5335,4547,UPI,FAILED,PAYMENT_DECLINED,LOYAL,9,29,2,27,2,True,True,0.7,4.7,51,1,2026-09-01T16:42:30.425852
TXN-02437,CUST-7191,2570,Credit Card,FAILED,PAYMENT_DECLINED,AT_RISK,15,19,9,10,1,True,False,0.73,3.6,20,0,2026-07-06T16:42:30.425852
TXN-02438,CUST-6405,15294,Wallet,SUCCESS,,NEW,8,30,9,21,1,True,False,0.14,3.0,9,0,2026-08-01T16:42:30.425852
TXN-02439,CUST-2428,11034,Debit Card,SUCCESS,,AT_RISK,9,3,1,2,2,True,False,0.8,6.3,8,0,2026-06-29T16:42:30.425852
TXN-02440,CUST-4978,447,Credit Card,SUCCESS,,LOYAL,25,19,9,10,2,False,True,0.37,6.8,40,0,2026-07-31T16:42:30.425852
TXN-02441,CUST-6497,17281,Debit Card,FAILED,CARD_EXPIRED,NEW,12,23,12,11,0,False,False,0.79,5.2,32,2,2026-08-21T16:42:30.425852
TXN-02442,CUST-7258,1358,Net Banking,SUCCESS,,NEW,13,22,3,19,2,True,False,0.79,3.3,52,0,2026-08-26T16:42:30.425852
TXN-02443,CUST-5070,2386,Debit Card,FAILED,CARD_EXPIRED,NEW,13,11,11,0,3,False,False,0.52,2.1,36,0,2026-07-21T16:42:30.425852
TXN-02444,CUST-1613,4039,Wallet,FAILED,INSUFFICIENT_FUNDS,REGULAR,10,7,0,7,3,False,False,0.75,1.2,56,2,2026-08-07T16:42:30.425852
TXN-02445,CUST-6217,1780,Credit Card,SUCCESS,,LOYAL,1,10,10,0,0,False,False,0.86,4.0,38,0,2026-07-13T16:42:30.425852
TXN-02446,CUST-9173,953,Debit Card,SUCCESS,,NEW,6,10,9,1,0,False,False,0.62,3.1,23,0,2026-08-09T16:42:30.425852
TXN-02447,CUST-1231,767,UPI,FAILED,NETWORK_TIMEOUT,NEW,11,4,1,3,2,True,True,0.91,5.2,47,1,2026-08-26T16:42:30.425852
TXN-02448,CUST-8811,12665,Net Banking,FAILED,CARD_EXPIRED,NEW,35,5,4,1,1,True,True,0.94,3.1,60,0,2026-08-26T16:42:30.425852
TXN-02449,CUST-2473,4392,Debit Card,FAILED,INSUFFICIENT_FUNDS,REGULAR,20,21,21,0,0,False,True,0.23,3.5,57,3,2026-06-10T16:42:30.425852
TXN-02450,CUST-1261,2382,Debit Card,SUCCESS,,NEW,8,21,4,17,3,False,False,0.12,6.4,22,0,2026-08-27T16:42:30.425852
TXN-02451,CUST-3297,4412,Debit Card,SUCCESS,,NEW,27,5,5,0,0,False,True,0.66,1.2,27,0,2026-06-19T16:42:30.425852
TXN-02452,CUST-3746,2831,Wallet,SUCCESS,,REGULAR,13,14,8,6,1,True,True,0.76,3.7,30,0,2026-07-29T16:42:30.425852
TXN-02453,CUST-4327,1948,Debit Card,SUCCESS,,LOYAL,11,21,1,20,3,True,False,0.74,2.2,52,0,2026-09-01T16:42:30.425852
TXN-02454,CUST-9905,19142,UPI,SUCCESS,,REGULAR,15,11,2,9,3,False,False,0.68,3.8,31,0,2026-06-09T16:42:30.425852
TXN-02455,CUST-5475,15945,Wallet,FAILED,CUSTOMER_ABANDONED,NEW,4,4,4,0,3,False,True,0.6,6.6,18,2,2026-08-11T16:42:30.425852
TXN-02456,CUST-5595,2328,UPI,SUCCESS,,LOYAL,25,26,3,23,1,True,False,0.86,5.1,30,0,2026-06-30T16:42:30.425852
TXN-02457,CUST-6023,18111,UPI,SUCCESS,,REGULAR,35,15,1,14,1,False,True,0.13,2.5,22,0,2026-08-20T16:42:30.425852
TXN-02458,CUST-5626,17462,Credit Card,SUCCESS,,REGULAR,31,19,3,16,2,True,True,0.53,5.7,50,0,2026-08-30T16:42:30.425852
TXN-02459,CUST-6643,478,UPI,SUCCESS,,REGULAR,14,10,7,3,3,True,False,0.11,0.5,4,0,2026-06-23T16:42:30.425852
TXN-02460,CUST-4169,4376,UPI,SUCCESS,,AT_RISK,27,5,4,1,1,False,True,0.69,2.3,35,0,2026-08-01T16:42:30.425852
TXN-02461,CUST-7410,9365,Net Banking,FAILED,NETWORK_TIMEOUT,AT_RISK,3,3,2,1,3,False,True,0.35,6.7,4,3,2026-06-17T16:42:30.425852
TXN-02462,CUST-4621,3311,Wallet,FAILED,CARD_EXPIRED,NEW,23,18,2,16,1,False,False,0.91,3.8,10,1,2026-06-27T16:42:30.425852
TXN-02463,CUST-2303,14598,Debit Card,FAILED,INSUFFICIENT_FUNDS,NEW,5,26,22,4,0,False,False,0.25,2.3,22,1,2026-07-29T16:42:30.425852
TXN-02464,CUST-5543,4874,Net Banking,SUCCESS,,REGULAR,14,2,0,2,3,True,False,0.94,2.7,23,0,2026-08-23T16:42:30.425852
TXN-02465,CUST-3812,18879,Credit Card,SUCCESS,,NEW,2,27,0,27,0,False,True,0.33,0.6,9,0,2026-07-23T16:42:30.425852
TXN-02466,CUST-2860,1301,UPI,SUCCESS,,AT_RISK,30,23,12,11,0,False,True,0.55,1.2,56,0,2026-08-25T16:42:30.425852
TXN-02467,CUST-4410,10925,Net Banking,SUCCESS,,NEW,36,9,8,1,0,False,False,0.76,5.1,50,0,2026-06-08T16:42:30.425852
TXN-02468,CUST-7258,650,Credit Card,FAILED,CARD_EXPIRED,AT_RISK,9,20,9,11,1,True,True,0.69,5.0,25,1,2026-08-01T16:42:30.425852
TXN-02469,CUST-3116,5561,Wallet,SUCCESS,,AT_RISK,20,15,4,11,1,False,False,0.89,1.8,12,0,2026-07-13T16:42:30.425852
TXN-02470,CUST-6672,1548,Wallet,SUCCESS,,REGULAR,23,12,0,12,0,False,True,0.48,1.6,44,0,2026-08-28T16:42:30.425852
TXN-02471,CUST-5515,345,Wallet,SUCCESS,,NEW,32,10,2,8,0,False,False,0.65,3.2,48,0,2026-09-03T16:42:30.425852
TXN-02472,CUST-3512,915,Credit Card,SUCCESS,,LOYAL,5,9,3,6,3,True,True,0.34,2.0,41,0,2026-06-18T16:42:30.425852
TXN-02473,CUST-5435,7215,Net Banking,SUCCESS,,LOYAL,35,30,28,2,3,True,True,0.66,5.2,47,0,2026-06-21T16:42:30.425852
TXN-02474,CUST-1893,404,Credit Card,FAILED,CUSTOMER_ABANDONED,AT_RISK,15,19,1,18,0,False,False,0.36,1.6,26,0,2026-07-30T16:42:30.425852
TXN-02475,CUST-2056,7600,Debit Card,SUCCESS,,AT_RISK,2,26,19,7,0,False,True,0.1,3.4,20,0,2026-07-18T16:42:30.425852
TXN-02476,CUST-7708,731,Debit Card,SUCCESS,,AT_RISK,30,12,4,8,1,False,False,0.49,6.9,42,0,2026-06-11T16:42:30.425852
TXN-02477,CUST-1375,2543,Wallet,FAILED,CARD_EXPIRED,NEW,11,19,0,19,0,False,True,0.85,7.0,29,0,2026-08-20T16:42:30.425852
TXN-02478,CUST-4911,13999,Debit Card,FAILED,CARD_EXPIRED,REGULAR,27,23,6,17,3,False,True,0.79,0.8,51,1,2026-07-25T16:42:30.425852
TXN-02479,CUST-1837,748,Credit Card,FAILED,CUSTOMER_ABANDONED,REGULAR,30,14,14,0,1,True,False,0.11,0.2,17,1,2026-08-21T16:42:30.425852
TXN-02480,CUST-5157,18860,UPI,SUCCESS,,NEW,29,28,25,3,3,False,False,0.47,6.2,41,0,2026-08-26T16:42:30.425852
TXN-02481,CUST-3401,14697,Debit Card,SUCCESS,,LOYAL,5,26,13,13,0,False,False,0.18,3.1,31,0,2026-07-15T16:42:30.425852
TXN-02482,CUST-4569,698,Credit Card,SUCCESS,,NEW,4,21,13,8,3,True,True,0.74,2.8,17,0,2026-07-17T16:42:30.425852
TXN-02483,CUST-6119,2290,UPI,FAILED,INSUFFICIENT_FUNDS,REGULAR,32,25,0,25,2,False,True,0.33,1.8,6,3,2026-07-25T16:42:30.425852
TXN-02484,CUST-1149,18627,Net Banking,FAILED,NETWORK_TIMEOUT,LOYAL,3,9,0,9,1,True,True,0.74,5.2,37,0,2026-08-16T16:42:30.425852
TXN-02485,CUST-5711,19015,UPI,SUCCESS,,NEW,15,1,1,0,1,True,True,0.73,2.1,59,0,2026-07-24T16:42:30.425852
TXN-02486,CUST-1706,2565,Debit Card,SUCCESS,,AT_RISK,24,9,2,7,2,True,False,0.63,2.9,13,0,2026-06-14T16:42:30.425852
TXN-02487,CUST-5236,730,Debit Card,SUCCESS,,AT_RISK,14,1,0,1,0,False,True,0.37,1.6,18,0,2026-07-08T16:42:30.425852
TXN-02488,CUST-1106,17948,Net Banking,FAILED,PAYMENT_DECLINED,REGULAR,20,29,3,26,2,True,True,0.68,5.1,7,1,2026-06-23T16:42:30.425852
TXN-02489,CUST-6200,6345,Credit Card,FAILED,PAYMENT_DECLINED,NEW,4,21,8,13,2,False,False,0.73,6.0,22,1,2026-08-21T16:42:30.425852
TXN-02490,CUST-2000,921,Wallet,SUCCESS,,NEW,2,21,21,0,0,False,True,0.83,3.3,58,0,2026-08-06T16:42:30.425852
TXN-02491,CUST-3344,519,Debit Card,SUCCESS,,AT_RISK,5,21,3,18,0,False,False,0.36,6.3,1,0,2026-06-10T16:42:30.425852
TXN-02492,CUST-2122,730,UPI,SUCCESS,,NEW,26,29,20,9,1,True,True,0.33,6.0,43,0,2026-09-03T16:42:30.425852
TXN-02493,CUST-8465,211,Wallet,FAILED,PAYMENT_DECLINED,AT_RISK,18,6,5,1,2,True,False,0.73,4.7,34,2,2026-08-23T16:42:30.425852
TXN-02494,CUST-9351,988,Credit Card,SUCCESS,,NEW,8,7,3,4,2,False,True,0.86,0.7,9,0,2026-08-14T16:42:30.425852
TXN-02495,CUST-4927,4396,Debit Card,SUCCESS,,REGULAR,24,3,2,1,0,False,True,0.38,1.7,28,0,2026-06-29T16:42:30.425852
TXN-02496,CUST-5087,787,Credit Card,SUCCESS,,NEW,13,7,4,3,1,True,True,0.87,3.9,9,0,2026-08-11T16:42:30.425852
TXN-02497,CUST-8856,208,Wallet,SUCCESS,,LOYAL,21,9,9,0,1,True,True,0.69,0.8,38,0,2026-08-14T16:42:30.425852
TXN-02498,CUST-6617,660,Wallet,SUCCESS,,AT_RISK,4,23,11,12,3,True,False,0.29,0.7,53,0,2026-07-02T16:42:30.425852
TXN-02499,CUST-5764,759,Wallet,SUCCESS,,NEW,6,2,2,0,3,False,True,0.82,3.0,35,0,2026-06-10T16:42:30.425852
TXN-02500,CUST-7957,17910,Credit Card,SUCCESS,,REGULAR,8,4,2,2,1,False,True,0.62,6.2,51,0,2026-07-21T16:42:30.425852
TXN-02501,CUST-9394,774,Credit Card,SUCCESS,,LOYAL,2,8,0,8,2,True,True,0.34,1.5,40,0,2026-06-17T16:42:30.425852
TXN-02502,CUST-1498,4815,Credit Card,SUCCESS,,AT_RISK,32,16,12,4,1,False,True,0.67,2.8,58,0,2026-06-09T16:42:30.425852
TXN-02503,CUST-2893,588,UPI,SUCCESS,,AT_RISK,19,9,3,6,0,False,True,0.45,0.6,35,0,2026-08-01T16:42:30.425852
TXN-02504,CUST-9868,450,UPI,FAILED,BANK_ERROR,NEW,26,14,8,6,0,False,False,0.72,1.1,34,1,2026-09-02T16:42:30.425852
TXN-02505,CUST-2935,9751,Net Banking,FAILED,INSUFFICIENT_FUNDS,REGULAR,8,25,3,22,1,True,True,0.11,6.8,57,3,2026-08-30T16:42:30.425852
TXN-02506,CUST-1408,500,Debit Card,FAILED,BANK_ERROR,REGULAR,28,28,24,4,3,True,False,0.51,1.1,31,2,2026-06-16T16:42:30.425852
TXN-02507,CUST-2402,879,Net Banking,SUCCESS,,NEW,32,27,25,2,3,True,True,0.16,5.1,55,0,2026-07-17T16:42:30.425852
TXN-02508,CUST-2646,409,Net Banking,SUCCESS,,NEW,14,13,0,13,0,False,False,0.56,1.6,54,0,2026-06-16T16:42:30.425852
TXN-02509,CUST-3909,3388,Net Banking,FAILED,CUSTOMER_ABANDONED,AT_RISK,3,16,15,1,2,False,True,0.26,6.2,28,2,2026-08-04T16:42:30.425852
TXN-02510,CUST-5050,4988,Wallet,SUCCESS,,LOYAL,33,7,0,7,1,True,False,0.3,3.4,29,0,2026-08-15T16:42:30.425852
TXN-02511,CUST-7949,7780,Net Banking,SUCCESS,,LOYAL,6,9,8,1,1,True,False,0.18,3.0,7,0,2026-06-25T16:42:30.425852
TXN-02512,CUST-4207,13407,Credit Card,SUCCESS,,REGULAR,13,20,8,12,3,True,False,0.9,0.2,39,0,2026-07-06T16:42:30.425852
TXN-02513,CUST-5329,4079,Credit Card,SUCCESS,,AT_RISK,32,30,18,12,0,False,True,0.27,6.0,53,0,2026-07-01T16:42:30.425852
TXN-02514,CUST-3884,19161,UPI,FAILED,PAYMENT_DECLINED,AT_RISK,3,27,14,13,1,True,True,0.56,5.7,51,0,2026-06-22T16:42:30.425852
TXN-02515,CUST-3822,966,Credit Card,FAILED,CUSTOMER_ABANDONED,NEW,24,18,4,14,1,False,True,0.17,3.8,20,1,2026-07-17T16:42:30.425852
TXN-02516,CUST-5149,4268,Wallet,FAILED,INSUFFICIENT_FUNDS,NEW,15,26,6,20,0,False,True,0.24,3.7,5,1,2026-06-17T16:42:30.425852
TXN-02517,CUST-2367,2423,Wallet,SUCCESS,,LOYAL,22,29,25,4,3,False,False,0.69,0.3,19,0,2026-06-16T16:42:30.425852
TXN-02518,CUST-7832,3022,Credit Card,SUCCESS,,AT_RISK,36,8,3,5,2,False,False,0.54,2.9,48,0,2026-07-26T16:42:30.425852
TXN-02519,CUST-2473,837,Debit Card,SUCCESS,,REGULAR,25,13,10,3,0,False,False,0.22,6.1,11,0,2026-08-26T16:42:30.425852
TXN-02520,CUST-7003,8412,Net Banking,FAILED,CUSTOMER_ABANDONED,LOYAL,13,12,0,12,3,True,False,0.62,3.2,16,3,2026-08-31T16:42:30.425852
TXN-02521,CUST-1088,2579,Debit Card,SUCCESS,,AT_RISK,13,12,2,10,1,False,True,0.3,6.5,43,0,2026-08-15T16:42:30.425852
TXN-02522,CUST-2841,12371,Credit Card,SUCCESS,,NEW,9,5,1,4,1,False,False,0.6,2.4,11,0,2026-07-31T16:42:30.425852
TXN-02523,CUST-2231,1555,Credit Card,SUCCESS,,AT_RISK,31,18,18,0,0,False,False,0.95,5.9,25,0,2026-08-29T16:42:30.425852
TXN-02524,CUST-2003,933,Wallet,SUCCESS,,LOYAL,12,27,24,3,3,True,False,0.18,0.4,45,0,2026-08-01T16:42:30.425852
TXN-02525,CUST-9206,3059,Credit Card,SUCCESS,,LOYAL,33,24,16,8,1,True,True,0.34,4.6,4,0,2026-06-30T16:42:30.425852
TXN-02526,CUST-5484,11288,UPI,FAILED,CARD_EXPIRED,NEW,1,21,8,13,1,False,True,0.25,3.7,42,1,2026-08-09T16:42:30.425852
TXN-02527,CUST-4038,4731,Net Banking,SUCCESS,,AT_RISK,10,14,5,9,0,False,True,0.81,6.1,48,0,2026-08-17T16:42:30.425852
TXN-02528,CUST-4624,293,Net Banking,SUCCESS,,REGULAR,11,3,1,2,1,True,True,0.52,2.0,5,0,2026-06-07T16:42:30.425852
TXN-02529,CUST-5433,3732,Debit Card,SUCCESS,,REGULAR,22,26,4,22,3,True,True,0.8,2.7,46,0,2026-08-06T16:42:30.425852
TXN-02530,CUST-3377,4457,Debit Card,FAILED,CARD_EXPIRED,AT_RISK,2,13,7,6,2,True,False,0.62,6.6,53,0,2026-07-30T16:42:30.425852
TXN-02531,CUST-3569,1490,Net Banking,SUCCESS,,LOYAL,8,14,6,8,3,True,False,0.93,3.8,55,0,2026-07-31T16:42:30.425852
TXN-02532,CUST-6414,6689,Wallet,SUCCESS,,REGULAR,25,16,15,1,3,True,False,0.82,6.3,44,0,2026-08-23T16:42:30.425852
TXN-02533,CUST-3287,4799,Credit Card,SUCCESS,,REGULAR,10,26,8,18,1,True,True,0.35,2.4,59,0,2026-07-05T16:42:30.425852
TXN-02534,CUST-5491,2510,Net Banking,FAILED,PAYMENT_DECLINED,REGULAR,18,11,5,6,2,False,True,0.57,0.2,4,2,2026-06-21T16:42:30.425852
TXN-02535,CUST-2053,3667,Net Banking,SUCCESS,,AT_RISK,28,29,2,27,1,False,False,0.42,5.5,51,0,2026-06-13T16:42:30.425852
TXN-02536,CUST-1955,4552,Wallet,FAILED,CUSTOMER_ABANDONED,REGULAR,32,23,9,14,3,True,True,0.54,3.3,6,0,2026-07-07T16:42:30.425852
TXN-02537,CUST-3579,8750,Wallet,SUCCESS,,REGULAR,22,11,7,4,2,True,False,0.11,4.8,38,0,2026-09-03T16:42:30.425852
TXN-02538,CUST-9410,4541,UPI,SUCCESS,,AT_RISK,4,10,8,2,3,False,True,0.58,1.2,54,0,2026-08-31T16:42:30.425852
TXN-02539,CUST-9813,12947,Net Banking,FAILED,PAYMENT_DECLINED,LOYAL,34,8,3,5,2,False,True,0.71,4.9,35,2,2026-06-06T16:42:30.425852
TXN-02540,CUST-9654,6498,Net Banking,FAILED,CUSTOMER_ABANDONED,REGULAR,28,7,4,3,3,False,True,0.45,5.4,37,1,2026-08-07T16:42:30.425852
TXN-02541,CUST-3815,609,UPI,SUCCESS,,REGULAR,22,1,0,1,3,True,True,0.9,4.3,51,0,2026-06-28T16:42:30.425852
TXN-02542,CUST-7774,6430,UPI,SUCCESS,,LOYAL,4,27,22,5,3,True,False,0.69,1.0,4,0,2026-07-20T16:42:30.425852
TXN-02543,CUST-5663,3261,Credit Card,FAILED,NETWORK_TIMEOUT,NEW,14,22,5,17,3,False,True,0.83,3.0,33,3,2026-07-30T16:42:30.425852
TXN-02544,CUST-5782,4999,Wallet,SUCCESS,,REGULAR,31,27,2,25,2,True,True,0.84,1.0,46,0,2026-06-16T16:42:30.425852
TXN-02545,CUST-7325,527,Debit Card,SUCCESS,,REGULAR,1,18,14,4,1,False,True,0.88,6.8,16,0,2026-06-10T16:42:30.425852
TXN-02546,CUST-7233,740,Credit Card,SUCCESS,,LOYAL,23,7,4,3,2,True,True,0.9,6.7,24,0,2026-06-06T16:42:30.425852
TXN-02547,CUST-3434,4600,Debit Card,SUCCESS,,AT_RISK,36,25,12,13,2,False,False,0.69,5.8,25,0,2026-06-24T16:42:30.425852
TXN-02548,CUST-7614,3009,Wallet,FAILED,NETWORK_TIMEOUT,REGULAR,6,23,18,5,0,False,True,0.77,4.5,45,1,2026-07-14T16:42:30.425852
TXN-02549,CUST-1006,680,Net Banking,SUCCESS,,LOYAL,1,29,0,29,2,False,False,0.72,0.6,9,0,2026-09-02T16:42:30.425852
TXN-02550,CUST-5634,2020,Net Banking,SUCCESS,,NEW,22,26,7,19,1,True,False,0.55,4.3,21,0,2026-06-28T16:42:30.425852
TXN-02551,CUST-4409,606,Credit Card,SUCCESS,,AT_RISK,17,25,12,13,2,True,False,0.19,3.2,28,0,2026-06-11T16:42:30.425852
TXN-02552,CUST-9541,955,Net Banking,SUCCESS,,NEW,4,21,9,12,3,True,False,0.21,1.4,22,0,2026-07-19T16:42:30.425852
TXN-02553,CUST-1178,5304,Credit Card,SUCCESS,,LOYAL,13,3,1,2,3,False,False,0.23,2.8,45,0,2026-09-01T16:42:30.425852
TXN-02554,CUST-8213,1721,Wallet,SUCCESS,,LOYAL,25,6,5,1,1,False,True,0.53,5.3,3,0,2026-06-19T16:42:30.425852
TXN-02555,CUST-1572,444,Credit Card,SUCCESS,,AT_RISK,9,2,0,2,2,True,True,0.36,2.5,11,0,2026-07-30T16:42:30.425852
TXN-02556,CUST-3126,14079,Net Banking,SUCCESS,,AT_RISK,17,28,22,6,1,True,False,0.58,5.9,49,0,2026-07-24T16:42:30.425852
TXN-02557,CUST-1661,13262,Debit Card,FAILED,CARD_EXPIRED,REGULAR,23,6,4,2,0,False,True,0.44,3.5,52,1,2026-08-09T16:42:30.425852
TXN-02558,CUST-1717,2590,Wallet,FAILED,NETWORK_TIMEOUT,LOYAL,15,10,10,0,2,True,False,0.3,3.1,24,3,2026-07-08T16:42:30.425852
TXN-02559,CUST-9788,9822,Net Banking,SUCCESS,,NEW,7,4,1,3,0,False,True,0.34,5.9,26,0,2026-06-06T16:42:30.425852
TXN-02560,CUST-9475,19902,UPI,SUCCESS,,LOYAL,11,29,18,11,2,False,True,0.62,1.6,53,0,2026-07-06T16:42:30.425852
TXN-02561,CUST-5139,13618,UPI,SUCCESS,,REGULAR,24,5,2,3,2,True,False,0.47,6.8,48,0,2026-08-05T16:42:30.425852
TXN-02562,CUST-6367,8604,UPI,FAILED,BANK_ERROR,LOYAL,14,18,2,16,1,False,False,0.37,0.4,24,3,2026-06-21T16:42:30.425852
TXN-02563,CUST-6020,679,Wallet,FAILED,INSUFFICIENT_FUNDS,AT_RISK,4,6,2,4,3,False,False,0.73,2.1,29,3,2026-06-30T16:42:30.425852
TXN-02564,CUST-1674,2119,UPI,SUCCESS,,REGULAR,36,21,3,18,3,True,True,0.81,3.6,57,0,2026-07-20T16:42:30.425852
TXN-02565,CUST-4467,833,Wallet,SUCCESS,,AT_RISK,18,10,8,2,1,False,False,0.18,0.3,4,0,2026-06-25T16:42:30.425852
TXN-02566,CUST-3573,1064,UPI,FAILED,CARD_EXPIRED,NEW,4,22,5,17,1,False,False,0.15,1.1,7,2,2026-08-11T16:42:30.425852
TXN-02567,CUST-6166,12881,UPI,SUCCESS,,AT_RISK,12,22,2,20,1,True,False,0.78,5.3,8,0,2026-06-26T16:42:30.425852
TXN-02568,CUST-7278,476,Credit Card,SUCCESS,,REGULAR,30,20,10,10,3,True,False,0.42,2.0,48,0,2026-07-13T16:42:30.425852
TXN-02569,CUST-2538,1973,UPI,FAILED,NETWORK_TIMEOUT,AT_RISK,30,29,6,23,2,True,False,0.34,5.5,42,0,2026-08-04T16:42:30.425852
TXN-02570,CUST-4905,6704,Credit Card,FAILED,CUSTOMER_ABANDONED,NEW,7,2,2,0,3,True,False,0.49,2.8,59,1,2026-06-12T16:42:30.425852
TXN-02571,CUST-2047,3800,Net Banking,FAILED,NETWORK_TIMEOUT,REGULAR,9,26,0,26,0,False,True,0.11,3.3,30,3,2026-08-04T16:42:30.425852
TXN-02572,CUST-9512,746,Wallet,SUCCESS,,LOYAL,2,13,7,6,1,True,True,0.42,1.3,20,0,2026-07-26T16:42:30.425852
TXN-02573,CUST-7478,794,UPI,SUCCESS,,REGULAR,15,28,5,23,3,True,False,0.84,5.7,35,0,2026-08-07T16:42:30.425852
TXN-02574,CUST-7865,431,Credit Card,FAILED,NETWORK_TIMEOUT,AT_RISK,32,12,6,6,2,False,False,0.18,3.8,38,3,2026-08-19T16:42:30.425852
TXN-02575,CUST-5730,769,UPI,SUCCESS,,NEW,12,19,4,15,0,False,True,0.7,3.3,30,0,2026-08-05T16:42:30.425852
TXN-02576,CUST-9244,2379,Credit Card,SUCCESS,,REGULAR,21,5,5,0,2,True,True,0.31,6.2,18,0,2026-09-01T16:42:30.425852
TXN-02577,CUST-7001,16808,Debit Card,SUCCESS,,REGULAR,10,1,1,0,3,True,True,0.38,3.6,55,0,2026-06-23T16:42:30.425852
TXN-02578,CUST-6605,10879,Wallet,SUCCESS,,REGULAR,9,21,15,6,0,False,True,0.92,0.8,20,0,2026-07-05T16:42:30.425852
TXN-02579,CUST-5813,4296,Wallet,SUCCESS,,AT_RISK,22,19,2,17,2,False,False,0.84,1.1,47,0,2026-07-05T16:42:30.425852
TXN-02580,CUST-4735,9999,UPI,SUCCESS,,AT_RISK,23,1,0,1,1,True,False,0.57,2.7,24,0,2026-07-13T16:42:30.425852
TXN-02581,CUST-5683,411,Net Banking,SUCCESS,,REGULAR,14,9,4,5,1,False,True,0.93,1.1,18,0,2026-08-26T16:42:30.425852
TXN-02582,CUST-6539,962,UPI,SUCCESS,,LOYAL,18,29,20,9,1,True,False,0.8,5.1,23,0,2026-08-14T16:42:30.425852
TXN-02583,CUST-7198,1368,Wallet,FAILED,BANK_ERROR,REGULAR,16,17,16,1,1,False,True,0.53,5.5,28,3,2026-07-09T16:42:30.425852
TXN-02584,CUST-6299,14057,Credit Card,SUCCESS,,REGULAR,25,28,6,22,3,True,True,0.28,5.6,47,0,2026-06-29T16:42:30.425852
TXN-02585,CUST-4211,4647,Wallet,SUCCESS,,AT_RISK,36,19,10,9,0,False,True,0.42,6.8,16,0,2026-06-23T16:42:30.425852
TXN-02586,CUST-4092,696,UPI,SUCCESS,,NEW,33,18,10,8,3,True,True,0.48,6.6,47,0,2026-07-18T16:42:30.425852
TXN-02587,CUST-1266,3789,Wallet,SUCCESS,,NEW,16,15,0,15,3,False,False,0.9,6.7,20,0,2026-06-30T16:42:30.425852
TXN-02588,CUST-3475,976,Wallet,SUCCESS,,LOYAL,32,2,1,1,0,False,True,0.84,7.0,12,0,2026-06-28T16:42:30.425852
TXN-02589,CUST-1606,14107,Net Banking,SUCCESS,,LOYAL,36,30,17,13,0,False,False,0.54,4.5,25,0,2026-06-14T16:42:30.425852
TXN-02590,CUST-4743,773,Credit Card,SUCCESS,,LOYAL,14,26,0,26,3,False,False,0.16,6.5,36,0,2026-07-08T16:42:30.425852
TXN-02591,CUST-4237,874,UPI,FAILED,PAYMENT_DECLINED,NEW,32,4,4,0,0,False,False,0.92,3.9,50,1,2026-07-12T16:42:30.425852
TXN-02592,CUST-5676,18241,UPI,FAILED,PAYMENT_DECLINED,AT_RISK,4,23,8,15,1,False,True,0.63,0.8,16,0,2026-07-14T16:42:30.425852
TXN-02593,CUST-3346,228,Net Banking,SUCCESS,,REGULAR,19,21,0,21,3,True,False,0.31,3.2,13,0,2026-07-21T16:42:30.425852
TXN-02594,CUST-4799,4754,Debit Card,SUCCESS,,LOYAL,22,25,10,15,1,True,True,0.1,5.7,33,0,2026-06-12T16:42:30.425852
TXN-02595,CUST-5427,375,Net Banking,FAILED,NETWORK_TIMEOUT,LOYAL,11,9,9,0,2,False,True,0.72,6.0,9,3,2026-09-02T16:42:30.425852
TXN-02596,CUST-5582,207,Credit Card,SUCCESS,,NEW,2,21,11,10,2,True,True,0.58,2.5,14,0,2026-08-20T16:42:30.425852
TXN-02597,CUST-9615,418,Net Banking,SUCCESS,,NEW,21,21,18,3,2,True,True,0.29,0.2,42,0,2026-07-24T16:42:30.425852
TXN-02598,CUST-1722,11310,Net Banking,FAILED,CUSTOMER_ABANDONED,AT_RISK,27,25,4,21,2,True,True,0.71,1.2,46,3,2026-06-28T16:42:30.425852
TXN-02599,CUST-9145,12411,Debit Card,FAILED,CARD_EXPIRED,NEW,3,6,4,2,0,False,True,0.36,5.8,3,3,2026-07-23T16:42:30.425852
TXN-02600,CUST-6853,4986,Net Banking,SUCCESS,,NEW,3,5,2,3,2,False,False,0.87,2.7,55,0,2026-08-21T16:42:30.425852
TXN-02601,CUST-5735,326,Debit Card,FAILED,CUSTOMER_ABANDONED,AT_RISK,34,15,4,11,1,True,True,0.61,1.9,2,2,2026-07-22T16:42:30.425852
TXN-02602,CUST-6481,891,Debit Card,SUCCESS,,REGULAR,1,27,18,9,0,False,True,0.15,5.7,4,0,2026-08-01T16:42:30.425852
TXN-02603,CUST-8110,927,UPI,SUCCESS,,REGULAR,32,8,5,3,3,False,True,0.19,6.4,27,0,2026-08-26T16:42:30.425852
TXN-02604,CUST-1054,18187,Credit Card,FAILED,NETWORK_TIMEOUT,AT_RISK,26,23,14,9,3,False,True,0.88,3.8,38,2,2026-08-03T16:42:30.425852
TXN-02605,CUST-4231,16013,Credit Card,SUCCESS,,LOYAL,16,5,0,5,2,True,False,0.12,5.0,33,0,2026-07-16T16:42:30.425852
TXN-02606,CUST-2597,18852,UPI,SUCCESS,,NEW,9,27,0,27,0,False,True,0.43,3.2,14,0,2026-07-22T16:42:30.425852
TXN-02607,CUST-5044,3867,Net Banking,SUCCESS,,REGULAR,16,11,3,8,3,True,False,0.32,1.1,1,0,2026-08-16T16:42:30.425852
TXN-02608,CUST-9408,790,Credit Card,SUCCESS,,REGULAR,6,3,2,1,0,False,True,0.76,6.4,16,0,2026-06-26T16:42:30.425852
TXN-02609,CUST-8351,321,Net Banking,SUCCESS,,LOYAL,24,4,2,2,1,True,False,0.73,3.3,8,0,2026-07-03T16:42:30.425852
TXN-02610,CUST-4108,7112,Net Banking,SUCCESS,,REGULAR,26,2,1,1,3,True,True,0.51,0.9,10,0,2026-08-13T16:42:30.425852
TXN-02611,CUST-2112,2680,Net Banking,SUCCESS,,LOYAL,7,10,5,5,2,True,False,0.75,2.3,31,0,2026-07-06T16:42:30.425852
TXN-02612,CUST-3819,7496,UPI,SUCCESS,,REGULAR,8,15,9,6,0,False,True,0.65,1.8,26,0,2026-08-04T16:42:30.425852
TXN-02613,CUST-8076,4767,UPI,FAILED,INSUFFICIENT_FUNDS,NEW,26,19,8,11,2,True,True,0.47,3.2,20,1,2026-08-15T16:42:30.425852
TXN-02614,CUST-5386,13391,Net Banking,SUCCESS,,AT_RISK,19,1,1,0,2,False,True,0.53,3.2,17,0,2026-08-18T16:42:30.425852
TXN-02615,CUST-5747,3085,UPI,SUCCESS,,LOYAL,19,12,12,0,2,False,False,0.68,4.6,55,0,2026-07-12T16:42:30.425852
TXN-02616,CUST-9276,212,Net Banking,SUCCESS,,NEW,13,7,6,1,1,True,False,0.41,2.8,15,0,2026-06-24T16:42:30.425852
TXN-02617,CUST-2599,13277,Credit Card,FAILED,BANK_ERROR,LOYAL,32,30,29,1,2,True,False,0.5,3.3,43,1,2026-07-13T16:42:30.425852
TXN-02618,CUST-6612,662,Credit Card,SUCCESS,,REGULAR,25,5,1,4,1,True,False,0.9,3.0,33,0,2026-08-03T16:42:30.425852
TXN-02619,CUST-7707,4206,Wallet,FAILED,PAYMENT_DECLINED,AT_RISK,27,23,20,3,1,True,True,0.8,4.8,13,3,2026-06-06T16:42:30.425852
TXN-02620,CUST-3284,4852,Net Banking,FAILED,NETWORK_TIMEOUT,AT_RISK,15,28,8,20,3,True,True,0.74,6.9,56,1,2026-08-01T16:42:30.425852
TXN-02621,CUST-2404,950,UPI,SUCCESS,,LOYAL,14,2,1,1,1,True,True,0.37,6.5,36,0,2026-06-07T16:42:30.425852
TXN-02622,CUST-3362,18354,Wallet,SUCCESS,,REGULAR,16,20,17,3,3,True,False,0.5,4.3,24,0,2026-08-31T16:42:30.425852
TXN-02623,CUST-3729,18893,Net Banking,SUCCESS,,NEW,34,14,10,4,2,True,True,0.62,3.4,44,0,2026-06-06T16:42:30.425852
TXN-02624,CUST-6693,4226,Debit Card,SUCCESS,,LOYAL,36,19,13,6,1,False,True,0.72,3.0,7,0,2026-08-18T16:42:30.425852
TXN-02625,CUST-7697,800,Credit Card,SUCCESS,,AT_RISK,29,1,0,1,2,False,True,0.37,1.2,35,0,2026-06-13T16:42:30.425852
TXN-02626,CUST-7988,1390,Credit Card,FAILED,CARD_EXPIRED,LOYAL,10,27,0,27,0,False,True,0.28,1.5,38,3,2026-09-02T16:42:30.425852
TXN-02627,CUST-5606,13298,Debit Card,FAILED,NETWORK_TIMEOUT,REGULAR,7,21,16,5,1,True,False,0.46,1.0,21,3,2026-07-12T16:42:30.425852
TXN-02628,CUST-6867,270,Credit Card,SUCCESS,,LOYAL,22,21,15,6,3,True,True,0.75,6.3,29,0,2026-07-07T16:42:30.425852
TXN-02629,CUST-4985,9692,Debit Card,SUCCESS,,REGULAR,8,7,1,6,3,True,False,0.88,2.2,2,0,2026-08-16T16:42:30.425852
TXN-02630,CUST-1840,576,Net Banking,SUCCESS,,LOYAL,2,28,7,21,3,True,True,0.34,0.0,54,0,2026-06-06T16:42:30.425852
TXN-02631,CUST-4939,1182,Credit Card,SUCCESS,,NEW,4,2,2,0,0,False,True,0.93,5.3,34,0,2026-08-24T16:42:30.425852
TXN-02632,CUST-2354,1698,UPI,SUCCESS,,NEW,28,6,1,5,1,True,True,0.93,0.0,53,0,2026-09-04T16:42:30.425852
TXN-02633,CUST-6223,15977,Wallet,SUCCESS,,AT_RISK,13,18,16,2,1,True,True,0.38,2.1,14,0,2026-08-21T16:42:30.425852
TXN-02634,CUST-9139,9915,UPI,SUCCESS,,LOYAL,12,12,10,2,3,False,False,0.6,3.0,26,0,2026-08-28T16:42:30.425852
TXN-02635,CUST-3632,5446,UPI,SUCCESS,,REGULAR,13,8,7,1,0,False,False,0.33,0.8,25,0,2026-06-29T16:42:30.425852
TXN-02636,CUST-8902,396,UPI,FAILED,PAYMENT_DECLINED,REGULAR,18,14,14,0,2,False,False,0.9,6.2,58,2,2026-08-22T16:42:30.425852
TXN-02637,CUST-5459,541,Wallet,SUCCESS,,AT_RISK,28,18,5,13,0,False,True,0.51,0.6,20,0,2026-08-14T16:42:30.425852
TXN-02638,CUST-5633,635,Credit Card,SUCCESS,,LOYAL,30,4,3,1,0,False,False,0.37,6.6,51,0,2026-07-23T16:42:30.425852
TXN-02639,CUST-9306,2903,Credit Card,SUCCESS,,AT_RISK,14,13,11,2,2,False,True,0.37,4.0,24,0,2026-06-18T16:42:30.425852
TXN-02640,CUST-7102,539,Credit Card,SUCCESS,,REGULAR,8,6,6,0,2,True,False,0.82,1.1,12,0,2026-08-28T16:42:30.425852
TXN-02641,CUST-1703,11311,Credit Card,SUCCESS,,REGULAR,5,3,0,3,1,True,False,0.71,5.6,33,0,2026-07-07T16:42:30.425852
TXN-02642,CUST-9458,17622,Debit Card,FAILED,BANK_ERROR,AT_RISK,3,24,23,1,3,True,True,0.25,2.4,39,1,2026-09-04T16:42:30.425852
TXN-02643,CUST-5987,17270,Net Banking,FAILED,NETWORK_TIMEOUT,LOYAL,6,7,2,5,1,False,False,0.34,3.8,2,3,2026-08-30T16:42:30.425852
TXN-02644,CUST-2895,1480,Debit Card,SUCCESS,,LOYAL,27,26,1,25,2,False,False,0.5,1.5,18,0,2026-09-04T16:42:30.425852
TXN-02645,CUST-8627,643,Debit Card,SUCCESS,,REGULAR,24,11,5,6,1,False,False,0.88,5.7,23,0,2026-06-27T16:42:30.425852
TXN-02646,CUST-8308,6970,Wallet,FAILED,BANK_ERROR,LOYAL,6,14,11,3,2,True,False,0.68,5.2,17,1,2026-07-19T16:42:30.425852
TXN-02647,CUST-2432,276,Debit Card,SUCCESS,,AT_RISK,35,18,0,18,2,True,False,0.68,3.6,54,0,2026-07-02T16:42:30.425852
TXN-02648,CUST-8183,4759,Debit Card,FAILED,PAYMENT_DECLINED,AT_RISK,31,8,4,4,0,False,False,0.44,3.5,41,2,2026-06-22T16:42:30.425852
TXN-02649,CUST-7822,13288,Credit Card,SUCCESS,,REGULAR,3,19,16,3,2,True,True,0.39,5.0,19,0,2026-07-05T16:42:30.425852
TXN-02650,CUST-9366,4878,Credit Card,SUCCESS,,LOYAL,30,15,7,8,2,False,False,0.1,1.3,18,0,2026-06-27T16:42:30.425852
TXN-02651,CUST-7586,2510,Credit Card,FAILED,PAYMENT_DECLINED,LOYAL,26,29,14,15,2,True,False,0.13,0.2,47,2,2026-08-17T16:42:30.425852
TXN-02652,CUST-8823,517,Net Banking,SUCCESS,,LOYAL,13,28,0,28,2,True,True,0.1,2.4,40,0,2026-07-02T16:42:30.425852
TXN-02653,CUST-3420,2761,Net Banking,SUCCESS,,REGULAR,34,26,19,7,2,True,False,0.77,1.1,37,0,2026-07-21T16:42:30.425852
TXN-02654,CUST-9899,1671,Debit Card,SUCCESS,,NEW,6,22,11,11,1,True,False,0.23,2.7,17,0,2026-07-05T16:42:30.425852
TXN-02655,CUST-7248,18918,UPI,SUCCESS,,AT_RISK,12,12,4,8,3,True,True,0.35,5.1,48,0,2026-07-31T16:42:30.425852
TXN-02656,CUST-5416,11440,Credit Card,SUCCESS,,LOYAL,16,27,9,18,0,False,False,0.68,6.5,40,0,2026-08-14T16:42:30.425852
TXN-02657,CUST-5053,17413,UPI,SUCCESS,,AT_RISK,12,26,25,1,1,True,False,0.3,6.7,12,0,2026-08-24T16:42:30.425852
TXN-02658,CUST-2950,895,UPI,SUCCESS,,LOYAL,34,22,20,2,3,True,False,0.2,6.3,12,0,2026-06-21T16:42:30.425852
TXN-02659,CUST-6021,13083,Credit Card,SUCCESS,,REGULAR,12,14,5,9,2,True,True,0.27,1.9,14,0,2026-07-29T16:42:30.425852
TXN-02660,CUST-2209,1036,Credit Card,SUCCESS,,NEW,22,30,23,7,0,False,True,0.74,3.7,30,0,2026-08-21T16:42:30.425852
TXN-02661,CUST-8657,2521,Net Banking,SUCCESS,,LOYAL,8,16,15,1,0,False,True,0.56,0.9,53,0,2026-06-22T16:42:30.425852
TXN-02662,CUST-2536,1043,Credit Card,SUCCESS,,AT_RISK,31,25,22,3,1,True,False,0.52,1.6,45,0,2026-07-11T16:42:30.425852
TXN-02663,CUST-4115,630,Credit Card,SUCCESS,,AT_RISK,33,12,9,3,1,True,True,0.66,1.0,8,0,2026-07-11T16:42:30.425852
TXN-02664,CUST-2004,205,Wallet,SUCCESS,,AT_RISK,30,24,3,21,2,False,True,0.68,5.7,60,0,2026-07-19T16:42:30.425852
TXN-02665,CUST-4921,1812,Net Banking,SUCCESS,,REGULAR,11,15,15,0,1,True,True,0.22,2.4,1,0,2026-08-27T16:42:30.425852
TXN-02666,CUST-6850,950,Wallet,SUCCESS,,LOYAL,29,27,22,5,3,True,False,0.29,2.5,19,0,2026-08-24T16:42:30.425852
TXN-02667,CUST-9916,2853,Debit Card,FAILED,BANK_ERROR,LOYAL,31,2,0,2,3,True,False,0.65,4.0,23,0,2026-06-12T16:42:30.425852
TXN-02668,CUST-5115,9490,UPI,SUCCESS,,REGULAR,2,28,14,14,2,True,True,0.21,2.2,47,0,2026-08-17T16:42:30.425852
TXN-02669,CUST-2163,441,Debit Card,SUCCESS,,AT_RISK,3,13,5,8,0,False,True,0.81,6.1,1,0,2026-06-21T16:42:30.425852
TXN-02670,CUST-5348,640,UPI,FAILED,CARD_EXPIRED,LOYAL,25,19,16,3,0,False,True,0.29,6.5,50,3,2026-08-30T16:42:30.425852
TXN-02671,CUST-5940,14316,Credit Card,SUCCESS,,LOYAL,35,26,2,24,2,True,False,0.39,3.4,45,0,2026-08-20T16:42:30.425852
TXN-02672,CUST-8892,9026,Credit Card,FAILED,INSUFFICIENT_FUNDS,REGULAR,19,27,6,21,3,True,True,0.6,0.8,10,3,2026-07-03T16:42:30.425852
TXN-02673,CUST-4821,998,UPI,SUCCESS,,LOYAL,13,24,10,14,1,False,True,0.34,1.7,8,0,2026-08-17T16:42:30.425852
TXN-02674,CUST-1586,5936,Net Banking,FAILED,INSUFFICIENT_FUNDS,LOYAL,27,16,5,11,2,False,False,0.32,4.4,8,2,2026-07-13T16:42:30.425852
TXN-02675,CUST-1804,4174,Wallet,SUCCESS,,LOYAL,9,17,12,5,1,False,False,0.57,2.3,17,0,2026-09-01T16:42:30.425852
TXN-02676,CUST-5979,15982,Wallet,FAILED,CUSTOMER_ABANDONED,REGULAR,24,18,16,2,3,True,True,0.26,0.8,57,0,2026-07-17T16:42:30.425852
TXN-02677,CUST-3227,8667,Debit Card,SUCCESS,,LOYAL,8,16,3,13,3,True,False,0.28,4.2,45,0,2026-08-23T16:42:30.425852
TXN-02678,CUST-7322,1241,UPI,SUCCESS,,AT_RISK,14,15,6,9,3,True,False,0.49,5.1,25,0,2026-08-10T16:42:30.425852
TXN-02679,CUST-6446,16093,UPI,SUCCESS,,LOYAL,8,17,15,2,0,False,True,0.55,5.0,7,0,2026-08-20T16:42:30.425852
TXN-02680,CUST-6749,12049,Net Banking,FAILED,INSUFFICIENT_FUNDS,NEW,29,18,4,14,0,False,False,0.42,2.9,5,0,2026-08-30T16:42:30.425852
TXN-02681,CUST-1576,497,Debit Card,SUCCESS,,LOYAL,21,9,1,8,3,True,True,0.12,1.4,20,0,2026-06-06T16:42:30.425852
TXN-02682,CUST-8994,445,Credit Card,SUCCESS,,AT_RISK,19,18,12,6,2,False,True,0.7,1.2,2,0,2026-07-19T16:42:30.425852
TXN-02683,CUST-5845,14955,Debit Card,SUCCESS,,AT_RISK,10,16,14,2,0,False,False,0.72,2.1,2,0,2026-06-17T16:42:30.425852
TXN-02684,CUST-6448,1340,UPI,SUCCESS,,AT_RISK,24,19,14,5,0,False,False,0.75,6.8,12,0,2026-07-10T16:42:30.425852
TXN-02685,CUST-7196,318,Net Banking,FAILED,CUSTOMER_ABANDONED,REGULAR,1,26,21,5,1,False,True,0.22,4.0,23,1,2026-07-11T16:42:30.425852
TXN-02686,CUST-6380,15332,Net Banking,SUCCESS,,REGULAR,5,24,9,15,1,False,True,0.26,2.4,19,0,2026-07-15T16:42:30.425852
TXN-02687,CUST-3757,14964,UPI,SUCCESS,,NEW,9,24,23,1,2,True,True,0.63,2.0,42,0,2026-07-27T16:42:30.425852
TXN-02688,CUST-4669,2944,Wallet,SUCCESS,,AT_RISK,32,7,4,3,1,True,True,0.12,0.9,50,0,2026-07-14T16:42:30.425852
TXN-02689,CUST-3514,9178,Wallet,SUCCESS,,LOYAL,11,12,10,2,1,True,True,0.11,4.3,36,0,2026-06-25T16:42:30.425852
TXN-02690,CUST-6356,18016,Net Banking,FAILED,INSUFFICIENT_FUNDS,NEW,17,21,11,10,3,True,True,0.43,6.5,9,0,2026-08-12T16:42:30.425852
TXN-02691,CUST-5407,8388,Net Banking,FAILED,PAYMENT_DECLINED,AT_RISK,31,2,1,1,2,False,True,0.35,2.3,39,2,2026-07-09T16:42:30.425852
TXN-02692,CUST-5141,13377,Credit Card,SUCCESS,,LOYAL,11,25,5,20,3,False,False,0.54,4.1,4,0,2026-08-02T16:42:30.425852
TXN-02693,CUST-4740,3922,Debit Card,SUCCESS,,AT_RISK,8,3,3,0,1,True,True,0.21,4.7,5,0,2026-08-09T16:42:30.425852
TXN-02694,CUST-6630,3873,Credit Card,SUCCESS,,NEW,6,14,3,11,1,False,False,0.45,6.4,8,0,2026-08-07T16:42:30.425852
TXN-02695,CUST-4676,2615,Credit Card,SUCCESS,,NEW,1,4,2,2,0,False,True,0.87,2.3,34,0,2026-07-18T16:42:30.425852
TXN-02696,CUST-1682,969,Net Banking,SUCCESS,,AT_RISK,19,5,1,4,0,False,False,0.19,0.8,50,0,2026-07-13T16:42:30.425852
TXN-02697,CUST-9006,19589,Credit Card,SUCCESS,,REGULAR,25,11,11,0,0,False,True,0.52,1.2,6,0,2026-07-08T16:42:30.425852
TXN-02698,CUST-7955,13778,Wallet,SUCCESS,,NEW,27,1,0,1,0,False,False,0.71,6.8,60,0,2026-06-30T16:42:30.425852
TXN-02699,CUST-2315,18455,Credit Card,SUCCESS,,LOYAL,19,30,25,5,0,False,True,0.15,5.8,11,0,2026-06-09T16:42:30.425852
TXN-02700,CUST-9336,15102,UPI,FAILED,BANK_ERROR,REGULAR,1,20,14,6,1,True,True,0.68,0.4,45,0,2026-06-12T16:42:30.425852
TXN-02701,CUST-4210,6850,Net Banking,SUCCESS,,REGULAR,6,16,3,13,3,False,True,0.32,2.7,31,0,2026-08-31T16:42:30.425852
TXN-02702,CUST-6292,5832,Credit Card,SUCCESS,,REGULAR,35,30,4,26,0,False,True,0.11,4.9,44,0,2026-06-30T16:42:30.425852
TXN-02703,CUST-3669,1753,Debit Card,SUCCESS,,REGULAR,11,8,1,7,2,True,False,0.22,1.8,43,0,2026-06-07T16:42:30.425852
TXN-02704,CUST-8177,255,UPI,SUCCESS,,REGULAR,1,14,13,1,1,False,False,0.76,1.2,60,0,2026-08-04T16:42:30.425852
TXN-02705,CUST-6515,447,UPI,SUCCESS,,LOYAL,2,13,5,8,3,True,True,0.26,0.4,4,0,2026-07-23T16:42:30.425852
TXN-02706,CUST-5435,618,Credit Card,FAILED,PAYMENT_DECLINED,AT_RISK,26,6,3,3,2,False,True,0.25,2.4,53,2,2026-08-06T16:42:30.425852
TXN-02707,CUST-4747,18376,UPI,SUCCESS,,NEW,32,6,0,6,2,True,True,0.31,3.5,39,0,2026-07-07T16:42:30.425852
TXN-02708,CUST-2141,11001,Credit Card,FAILED,CARD_EXPIRED,LOYAL,19,28,16,12,2,False,False,0.15,3.7,23,1,2026-08-30T16:42:30.425852
TXN-02709,CUST-3224,706,Credit Card,FAILED,INSUFFICIENT_FUNDS,AT_RISK,24,6,1,5,2,True,True,0.66,0.9,15,3,2026-08-07T16:42:30.425852
TXN-02710,CUST-5052,586,Net Banking,FAILED,PAYMENT_DECLINED,LOYAL,25,20,7,13,0,False,False,0.67,5.0,32,3,2026-07-24T16:42:30.425852
TXN-02711,CUST-2677,1505,Wallet,SUCCESS,,NEW,6,23,3,20,0,False,True,0.93,2.9,60,0,2026-08-24T16:42:30.425852
TXN-02712,CUST-9600,3873,Wallet,SUCCESS,,AT_RISK,25,20,19,1,1,True,True,0.39,6.4,38,0,2026-06-10T16:42:30.425852
TXN-02713,CUST-4014,695,UPI,FAILED,BANK_ERROR,AT_RISK,33,9,6,3,1,False,True,0.64,0.1,39,0,2026-07-06T16:42:30.425852
TXN-02714,CUST-3138,1585,Wallet,FAILED,CUSTOMER_ABANDONED,LOYAL,5,26,20,6,2,False,True,0.74,3.7,52,0,2026-07-05T16:42:30.425852
TXN-02715,CUST-4669,19003,Credit Card,SUCCESS,,AT_RISK,28,30,17,13,2,False,True,0.57,0.6,47,0,2026-07-14T16:42:30.425852
TXN-02716,CUST-3504,4360,Wallet,SUCCESS,,AT_RISK,34,6,4,2,1,True,True,0.53,0.4,41,0,2026-06-27T16:42:30.425852
TXN-02717,CUST-3027,10453,Credit Card,SUCCESS,,LOYAL,10,8,5,3,2,True,False,0.82,2.0,47,0,2026-07-25T16:42:30.425852
TXN-02718,CUST-8022,14662,Net Banking,SUCCESS,,AT_RISK,33,20,12,8,1,True,False,0.12,1.3,18,0,2026-07-14T16:42:30.425852
TXN-02719,CUST-5606,15097,Debit Card,FAILED,CARD_EXPIRED,REGULAR,25,29,25,4,1,False,True,0.51,4.4,8,1,2026-08-29T16:42:30.425852
TXN-02720,CUST-3809,4059,UPI,SUCCESS,,AT_RISK,11,19,16,3,1,False,True,0.92,2.4,25,0,2026-08-23T16:42:30.425852
TXN-02721,CUST-1239,2881,Wallet,SUCCESS,,REGULAR,9,19,5,14,0,False,True,0.17,4.3,16,0,2026-07-23T16:42:30.425852
TXN-02722,CUST-3956,5862,UPI,SUCCESS,,NEW,14,10,0,10,1,True,False,0.3,1.6,38,0,2026-08-02T16:42:30.425852
TXN-02723,CUST-1026,1894,Credit Card,FAILED,NETWORK_TIMEOUT,LOYAL,4,8,6,2,3,True,True,0.72,4.4,14,0,2026-08-19T16:42:30.425852
TXN-02724,CUST-6606,4010,UPI,SUCCESS,,NEW,5,24,5,19,3,True,False,0.34,3.5,45,0,2026-06-26T16:42:30.425852
TXN-02725,CUST-2231,2015,Credit Card,SUCCESS,,REGULAR,1,28,4,24,0,False,True,0.73,2.8,51,0,2026-07-25T16:42:30.425852
TXN-02726,CUST-4787,588,UPI,FAILED,PAYMENT_DECLINED,REGULAR,12,8,1,7,3,False,True,0.44,2.2,12,1,2026-08-12T16:42:30.425852
TXN-02727,CUST-7174,16525,UPI,SUCCESS,,LOYAL,12,9,7,2,1,True,True,0.69,1.3,35,0,2026-07-05T16:42:30.425852
TXN-02728,CUST-1267,9441,Credit Card,SUCCESS,,AT_RISK,35,25,13,12,2,True,True,0.69,5.1,37,0,2026-09-04T16:42:30.425852
TXN-02729,CUST-7093,965,Wallet,SUCCESS,,REGULAR,2,20,11,9,1,True,True,0.77,6.5,42,0,2026-07-04T16:42:30.425852
TXN-02730,CUST-5758,7197,Debit Card,FAILED,PAYMENT_DECLINED,LOYAL,36,24,20,4,2,False,False,0.84,6.9,34,1,2026-08-01T16:42:30.425852
TXN-02731,CUST-3415,543,Net Banking,SUCCESS,,LOYAL,16,4,4,0,3,False,True,0.65,5.3,15,0,2026-08-22T16:42:30.425852
TXN-02732,CUST-8641,3795,Wallet,SUCCESS,,LOYAL,36,17,3,14,3,False,True,0.73,6.1,60,0,2026-06-22T16:42:30.425852
TXN-02733,CUST-2839,4434,Debit Card,SUCCESS,,LOYAL,10,14,5,9,0,False,False,0.57,6.9,3,0,2026-06-29T16:42:30.425852
TXN-02734,CUST-7595,4266,Net Banking,SUCCESS,,LOYAL,21,24,4,20,3,False,True,0.13,1.9,50,0,2026-06-27T16:42:30.425852
TXN-02735,CUST-5842,2259,Wallet,SUCCESS,,LOYAL,34,30,19,11,1,True,False,0.19,1.5,39,0,2026-06-07T16:42:30.425852
TXN-02736,CUST-1171,788,Net Banking,SUCCESS,,AT_RISK,9,21,16,5,2,True,True,0.43,2.9,51,0,2026-06-18T16:42:30.425852
TXN-02737,CUST-3906,573,Credit Card,SUCCESS,,AT_RISK,35,12,4,8,1,True,True,0.59,6.6,49,0,2026-07-24T16:42:30.425852
TXN-02738,CUST-1471,3303,UPI,SUCCESS,,AT_RISK,30,11,2,9,2,True,True,0.22,1.1,6,0,2026-08-01T16:42:30.425852
TXN-02739,CUST-4296,587,Credit Card,FAILED,CARD_EXPIRED,AT_RISK,25,19,12,7,2,True,True,0.53,4.8,7,1,2026-07-11T16:42:30.425852
TXN-02740,CUST-9156,3951,Debit Card,SUCCESS,,AT_RISK,29,25,20,5,1,True,True,0.64,4.2,45,0,2026-06-20T16:42:30.425852
TXN-02741,CUST-4065,515,Net Banking,SUCCESS,,LOYAL,28,28,19,9,1,True,False,0.62,1.4,10,0,2026-07-14T16:42:30.425852
TXN-02742,CUST-7138,19685,Wallet,SUCCESS,,NEW,29,11,3,8,3,True,False,0.34,0.7,41,0,2026-07-07T16:42:30.425852
TXN-02743,CUST-4748,539,Credit Card,SUCCESS,,LOYAL,27,17,5,12,0,False,False,0.24,3.8,48,0,2026-06-18T16:42:30.425852
TXN-02744,CUST-7603,725,Net Banking,SUCCESS,,NEW,32,17,10,7,3,True,True,0.24,0.3,19,0,2026-08-19T16:42:30.425852
TXN-02745,CUST-9699,2532,Net Banking,SUCCESS,,NEW,6,2,0,2,1,True,True,0.17,1.8,17,0,2026-07-18T16:42:30.425852
TXN-02746,CUST-4990,714,UPI,SUCCESS,,REGULAR,31,13,9,4,0,False,False,0.19,6.8,38,0,2026-07-02T16:42:30.425852
TXN-02747,CUST-1952,13423,Wallet,SUCCESS,,LOYAL,13,25,3,22,1,False,False,0.35,1.8,18,0,2026-06-16T16:42:30.425852
TXN-02748,CUST-5475,3860,Credit Card,SUCCESS,,LOYAL,5,26,11,15,0,False,True,0.89,3.4,26,0,2026-08-06T16:42:30.425852
TXN-02749,CUST-2553,2568,Debit Card,SUCCESS,,NEW,34,14,1,13,1,False,True,0.52,2.8,45,0,2026-07-24T16:42:30.425852
TXN-02750,CUST-5232,9720,UPI,SUCCESS,,AT_RISK,1,24,24,0,3,True,True,0.81,4.1,40,0,2026-08-10T16:42:30.425852
TXN-02751,CUST-8350,3848,Wallet,SUCCESS,,REGULAR,24,18,7,11,2,True,False,0.35,4.4,58,0,2026-08-06T16:42:30.425852
TXN-02752,CUST-6427,4044,Net Banking,SUCCESS,,NEW,33,16,12,4,0,False,False,0.21,5.6,16,0,2026-08-01T16:42:30.425852
TXN-02753,CUST-8508,3682,Debit Card,SUCCESS,,LOYAL,12,9,1,8,2,True,True,0.23,5.5,23,0,2026-07-01T16:42:30.425852
TXN-02754,CUST-8060,1675,UPI,FAILED,PAYMENT_DECLINED,NEW,16,16,15,1,2,True,True,0.13,1.8,35,0,2026-06-13T16:42:30.425852
TXN-02755,CUST-2285,5471,Debit Card,SUCCESS,,NEW,22,7,5,2,3,False,False,0.18,5.6,26,0,2026-06-25T16:42:30.425852
TXN-02756,CUST-7731,14423,Net Banking,FAILED,NETWORK_TIMEOUT,NEW,15,15,11,4,3,False,True,0.39,2.4,22,3,2026-08-19T16:42:30.425852
TXN-02757,CUST-3877,3744,Debit Card,SUCCESS,,NEW,35,7,1,6,0,False,True,0.31,3.6,26,0,2026-06-20T16:42:30.425852
TXN-02758,CUST-5378,715,UPI,FAILED,PAYMENT_DECLINED,NEW,23,27,4,23,0,False,True,0.73,4.1,25,3,2026-07-17T16:42:30.425852
TXN-02759,CUST-7203,369,Debit Card,SUCCESS,,AT_RISK,8,24,12,12,1,True,True,0.51,4.4,20,0,2026-08-20T16:42:30.425852
TXN-02760,CUST-5733,4880,Debit Card,SUCCESS,,NEW,18,22,0,22,2,False,True,0.85,4.3,57,0,2026-07-31T16:42:30.425852
TXN-02761,CUST-5218,3607,Credit Card,SUCCESS,,NEW,14,29,25,4,0,False,True,0.75,2.4,31,0,2026-09-02T16:42:30.425852
TXN-02762,CUST-2654,7859,UPI,SUCCESS,,REGULAR,12,21,21,0,3,True,True,0.92,0.4,15,0,2026-07-23T16:42:30.425852
TXN-02763,CUST-3436,7140,Credit Card,SUCCESS,,REGULAR,21,23,23,0,0,False,False,0.36,0.9,29,0,2026-06-21T16:42:30.425852
TXN-02764,CUST-1439,8006,UPI,SUCCESS,,AT_RISK,35,30,13,17,1,False,True,0.62,6.0,60,0,2026-07-02T16:42:30.425852
TXN-02765,CUST-6056,11767,Wallet,SUCCESS,,LOYAL,29,14,1,13,2,True,False,0.36,6.8,24,0,2026-06-10T16:42:30.425852
TXN-02766,CUST-5240,8103,Net Banking,SUCCESS,,REGULAR,6,3,2,1,2,True,False,0.31,5.5,29,0,2026-06-18T16:42:30.425852
TXN-02767,CUST-6550,17287,Debit Card,SUCCESS,,LOYAL,24,27,19,8,2,False,True,0.16,6.3,31,0,2026-06-17T16:42:30.425852
TXN-02768,CUST-7414,15504,Wallet,SUCCESS,,LOYAL,22,19,6,13,0,False,True,0.26,6.3,46,0,2026-07-16T16:42:30.425852
TXN-02769,CUST-7611,584,UPI,SUCCESS,,REGULAR,14,12,2,10,2,False,False,0.45,4.0,48,0,2026-06-22T16:42:30.425852
TXN-02770,CUST-2384,14372,Net Banking,FAILED,PAYMENT_DECLINED,REGULAR,18,5,0,5,0,False,True,0.95,6.3,17,2,2026-08-31T16:42:30.425852
TXN-02771,CUST-9447,3367,Wallet,SUCCESS,,AT_RISK,13,19,12,7,1,True,True,0.5,1.4,20,0,2026-08-11T16:42:30.425852
TXN-02772,CUST-2884,2893,Credit Card,SUCCESS,,LOYAL,14,4,1,3,1,True,True,0.39,0.1,29,0,2026-07-09T16:42:30.425852
TXN-02773,CUST-4611,3484,Debit Card,SUCCESS,,LOYAL,34,1,0,1,2,False,True,0.55,6.1,43,0,2026-06-19T16:42:30.425852
TXN-02774,CUST-2877,16919,Credit Card,FAILED,BANK_ERROR,AT_RISK,32,10,9,1,3,False,False,0.89,0.6,9,1,2026-08-12T16:42:30.425852
TXN-02775,CUST-7943,13738,Credit Card,SUCCESS,,REGULAR,20,8,0,8,0,False,False,0.18,0.4,39,0,2026-07-09T16:42:30.425852
TXN-02776,CUST-1684,2782,Credit Card,FAILED,BANK_ERROR,REGULAR,33,16,7,9,1,True,True,0.18,2.8,59,0,2026-07-18T16:42:30.425852
TXN-02777,CUST-8974,4525,Wallet,SUCCESS,,LOYAL,13,14,1,13,3,False,False,0.61,0.2,58,0,2026-07-21T16:42:30.425852
TXN-02778,CUST-6869,3269,Wallet,SUCCESS,,AT_RISK,34,2,2,0,3,True,True,0.92,4.4,46,0,2026-07-04T16:42:30.425852
TXN-02779,CUST-7531,784,Net Banking,SUCCESS,,LOYAL,8,3,2,1,0,False,False,0.31,0.2,30,0,2026-06-09T16:42:30.425852
TXN-02780,CUST-6246,7438,Wallet,SUCCESS,,AT_RISK,18,29,17,12,3,False,True,0.88,5.9,33,0,2026-08-02T16:42:30.425852
TXN-02781,CUST-9710,5906,Debit Card,FAILED,CUSTOMER_ABANDONED,AT_RISK,10,23,2,21,2,True,True,0.3,1.3,48,2,2026-07-20T16:42:30.425852
TXN-02782,CUST-2913,796,Wallet,SUCCESS,,AT_RISK,27,5,3,2,0,False,True,0.62,4.9,6,0,2026-08-29T16:42:30.425852
TXN-02783,CUST-7290,4390,UPI,SUCCESS,,REGULAR,31,10,1,9,0,False,False,0.4,1.9,9,0,2026-07-13T16:42:30.425852
TXN-02784,CUST-8240,350,UPI,FAILED,NETWORK_TIMEOUT,LOYAL,28,6,5,1,2,False,True,0.5,1.3,28,1,2026-07-23T16:42:30.425852
TXN-02785,CUST-6168,681,UPI,SUCCESS,,LOYAL,2,24,11,13,1,True,False,0.51,2.3,29,0,2026-06-26T16:42:30.425852
TXN-02786,CUST-2324,7071,Wallet,SUCCESS,,REGULAR,26,20,2,18,1,True,True,0.55,1.1,48,0,2026-09-03T16:42:30.425852
TXN-02787,CUST-4667,2398,Debit Card,SUCCESS,,LOYAL,36,23,13,10,3,True,False,0.38,5.2,5,0,2026-08-08T16:42:30.425852
TXN-02788,CUST-6206,4531,Net Banking,SUCCESS,,REGULAR,23,3,1,2,0,False,False,0.51,2.7,22,0,2026-07-16T16:42:30.425852
TXN-02789,CUST-4173,4767,Credit Card,SUCCESS,,REGULAR,14,11,10,1,0,False,False,0.18,3.7,20,0,2026-07-02T16:42:30.425852
TXN-02790,CUST-3761,3409,Wallet,SUCCESS,,LOYAL,7,27,26,1,1,False,True,0.77,0.9,56,0,2026-06-10T16:42:30.425852
TXN-02791,CUST-8527,580,Wallet,SUCCESS,,AT_RISK,22,2,1,1,2,False,True,0.3,0.1,41,0,2026-07-14T16:42:30.425852
TXN-02792,CUST-8306,13034,Net Banking,SUCCESS,,NEW,34,7,1,6,0,False,False,0.77,2.3,40,0,2026-07-13T16:42:30.425852
TXN-02793,CUST-2636,11254,UPI,SUCCESS,,LOYAL,33,27,15,12,0,False,False,0.53,3.3,38,0,2026-06-14T16:42:30.425852
TXN-02794,CUST-3190,17860,Net Banking,SUCCESS,,REGULAR,31,1,1,0,0,False,False,0.19,0.7,21,0,2026-07-03T16:42:30.425852
TXN-02795,CUST-5117,13290,Wallet,SUCCESS,,REGULAR,9,11,5,6,0,False,True,0.16,6.5,20,0,2026-06-16T16:42:30.425852
TXN-02796,CUST-3575,1567,UPI,FAILED,BANK_ERROR,NEW,5,3,2,1,3,False,False,0.51,6.5,35,3,2026-08-12T16:42:30.425852
TXN-02797,CUST-6366,3460,Credit Card,FAILED,CARD_EXPIRED,NEW,23,11,6,5,0,False,True,0.6,4.9,28,1,2026-07-14T16:42:30.425852
TXN-02798,CUST-8875,3802,Credit Card,FAILED,CUSTOMER_ABANDONED,NEW,10,11,8,3,2,True,True,0.45,0.6,28,1,2026-06-07T16:42:30.425852
TXN-02799,CUST-5798,7422,Debit Card,FAILED,CARD_EXPIRED,LOYAL,7,12,8,4,2,False,False,0.85,4.7,10,2,2026-06-19T16:42:30.425852
TXN-02800,CUST-1150,708,Credit Card,SUCCESS,,LOYAL,25,2,2,0,1,False,False,0.72,4.4,56,0,2026-08-12T16:42:30.425852
TXN-02801,CUST-4264,1360,Net Banking,SUCCESS,,LOYAL,35,11,10,1,1,True,False,0.25,6.8,27,0,2026-06-09T16:42:30.425852
TXN-02802,CUST-5861,958,Net Banking,SUCCESS,,AT_RISK,17,16,15,1,2,False,False,0.75,5.1,50,0,2026-09-04T16:42:30.425852
TXN-02803,CUST-7173,1937,Credit Card,SUCCESS,,REGULAR,23,3,1,2,2,False,True,0.41,4.6,37,0,2026-07-10T16:42:30.425852
TXN-02804,CUST-4693,14121,Credit Card,FAILED,CUSTOMER_ABANDONED,LOYAL,17,29,24,5,3,False,True,0.86,2.4,30,0,2026-08-19T16:42:30.425852
TXN-02805,CUST-5860,11639,UPI,SUCCESS,,NEW,31,9,1,8,1,True,True,0.86,1.1,31,0,2026-08-26T16:42:30.425852
TXN-02806,CUST-5984,745,Credit Card,SUCCESS,,AT_RISK,31,8,4,4,2,False,True,0.18,6.5,2,0,2026-06-07T16:42:30.425852
TXN-02807,CUST-6455,791,Wallet,SUCCESS,,NEW,22,7,3,4,3,True,False,0.79,1.8,41,0,2026-06-30T16:42:30.425852
TXN-02808,CUST-6625,474,UPI,SUCCESS,,REGULAR,28,6,3,3,2,False,False,0.95,5.0,33,0,2026-08-31T16:42:30.425852
TXN-02809,CUST-3553,469,Wallet,FAILED,CARD_EXPIRED,AT_RISK,20,9,7,2,0,False,True,0.37,2.1,15,3,2026-07-05T16:42:30.425852
TXN-02810,CUST-9107,17629,Debit Card,SUCCESS,,NEW,11,3,2,1,2,True,False,0.87,2.4,12,0,2026-08-12T16:42:30.425852
TXN-02811,CUST-9325,999,UPI,SUCCESS,,AT_RISK,14,27,5,22,1,False,True,0.56,4.6,32,0,2026-07-29T16:42:30.425852
TXN-02812,CUST-6979,961,Wallet,SUCCESS,,NEW,8,15,4,11,0,False,False,0.72,5.0,60,0,2026-07-06T16:42:30.425852
TXN-02813,CUST-1575,1957,Wallet,SUCCESS,,REGULAR,5,25,24,1,1,False,False,0.18,6.7,20,0,2026-07-01T16:42:30.425852
TXN-02814,CUST-8867,4234,Credit Card,SUCCESS,,AT_RISK,14,19,18,1,1,False,False,0.79,0.8,35,0,2026-06-23T16:42:30.425852
TXN-02815,CUST-5270,294,Net Banking,SUCCESS,,NEW,5,20,4,16,0,False,False,0.77,1.9,18,0,2026-07-22T16:42:30.425852
TXN-02816,CUST-1659,947,Debit Card,FAILED,PAYMENT_DECLINED,LOYAL,29,16,9,7,1,False,False,0.21,6.5,42,1,2026-07-22T16:42:30.425852
TXN-02817,CUST-1217,1378,Wallet,FAILED,PAYMENT_DECLINED,NEW,6,19,4,15,3,True,True,0.81,5.7,7,1,2026-08-13T16:42:30.425852
TXN-02818,CUST-1831,2993,Debit Card,SUCCESS,,AT_RISK,13,29,25,4,2,True,False,0.73,4.0,22,0,2026-06-14T16:42:30.425852
TXN-02819,CUST-5651,485,Net Banking,FAILED,INSUFFICIENT_FUNDS,LOYAL,19,10,3,7,0,False,True,0.23,6.6,22,3,2026-09-04T16:42:30.425852
TXN-02820,CUST-2070,7143,Credit Card,SUCCESS,,REGULAR,22,24,21,3,2,False,False,0.34,0.8,45,0,2026-08-27T16:42:30.425852
TXN-02821,CUST-8870,524,Debit Card,FAILED,INSUFFICIENT_FUNDS,AT_RISK,34,29,14,15,1,True,False,0.89,1.0,4,1,2026-06-29T16:42:30.425852
TXN-02822,CUST-3993,16901,Net Banking,SUCCESS,,LOYAL,19,2,2,0,3,True,False,0.13,6.8,54,0,2026-06-18T16:42:30.425852
TXN-02823,CUST-5143,11822,Wallet,SUCCESS,,REGULAR,29,12,8,4,1,False,False,0.11,6.1,50,0,2026-07-21T16:42:30.425852
TXN-02824,CUST-7573,7809,Wallet,SUCCESS,,NEW,24,30,13,17,0,False,True,0.13,2.9,6,0,2026-08-08T16:42:30.425852
TXN-02825,CUST-5486,4724,Debit Card,FAILED,NETWORK_TIMEOUT,AT_RISK,29,19,7,12,0,False,False,0.28,4.7,50,1,2026-07-13T16:42:30.425852
TXN-02826,CUST-8044,18851,Wallet,SUCCESS,,AT_RISK,8,17,16,1,1,True,True,0.76,2.3,32,0,2026-07-03T16:42:30.425852
TXN-02827,CUST-2185,767,Credit Card,SUCCESS,,AT_RISK,12,23,15,8,1,True,False,0.87,4.8,19,0,2026-07-19T16:42:30.425852
TXN-02828,CUST-8767,1548,Credit Card,SUCCESS,,LOYAL,33,22,17,5,0,False,False,0.68,0.8,43,0,2026-06-16T16:42:30.425852
TXN-02829,CUST-8514,1504,Net Banking,SUCCESS,,NEW,14,28,26,2,1,False,True,0.12,6.3,11,0,2026-08-07T16:42:30.425852
TXN-02830,CUST-8921,7918,Credit Card,SUCCESS,,REGULAR,6,20,6,14,3,False,True,0.77,3.5,10,0,2026-07-09T16:42:30.425852
TXN-02831,CUST-4047,2999,UPI,SUCCESS,,LOYAL,28,20,13,7,1,True,False,0.46,1.0,39,0,2026-07-18T16:42:30.425852
TXN-02832,CUST-3054,355,UPI,SUCCESS,,REGULAR,17,29,5,24,0,False,True,0.29,1.6,43,0,2026-07-20T16:42:30.425852
TXN-02833,CUST-9114,610,Credit Card,SUCCESS,,NEW,29,7,7,0,0,False,True,0.64,4.4,58,0,2026-06-08T16:42:30.425852
TXN-02834,CUST-5707,7996,Wallet,SUCCESS,,REGULAR,28,26,16,10,0,False,False,0.95,4.8,36,0,2026-06-11T16:42:30.425852
TXN-02835,CUST-5809,9282,Net Banking,SUCCESS,,REGULAR,19,18,15,3,2,True,True,0.31,4.2,44,0,2026-08-31T16:42:30.425852
TXN-02836,CUST-4056,735,Credit Card,FAILED,CARD_EXPIRED,LOYAL,29,26,17,9,0,False,True,0.81,3.2,8,3,2026-08-18T16:42:30.425852
TXN-02837,CUST-3020,706,UPI,SUCCESS,,AT_RISK,15,2,2,0,1,True,True,0.37,6.4,48,0,2026-06-13T16:42:30.425852
TXN-02838,CUST-3343,17821,Net Banking,SUCCESS,,LOYAL,31,20,11,9,1,True,True,0.77,2.1,53,0,2026-07-16T16:42:30.425852
TXN-02839,CUST-1006,519,Net Banking,SUCCESS,,NEW,23,26,10,16,3,False,False,0.63,5.5,32,0,2026-08-08T16:42:30.425852
TXN-02840,CUST-2480,2347,Wallet,FAILED,BANK_ERROR,REGULAR,25,25,17,8,2,True,True,0.12,4.1,42,1,2026-07-29T16:42:30.425852
TXN-02841,CUST-3815,374,Net Banking,SUCCESS,,NEW,12,21,17,4,2,True,False,0.67,1.3,6,0,2026-08-03T16:42:30.425852
TXN-02842,CUST-5557,4267,Debit Card,SUCCESS,,NEW,13,2,2,0,0,False,True,0.5,6.2,11,0,2026-07-27T16:42:30.425852
TXN-02843,CUST-1544,13195,Wallet,SUCCESS,,AT_RISK,22,30,28,2,1,True,True,0.55,4.8,17,0,2026-08-14T16:42:30.425852
TXN-02844,CUST-2778,3964,Credit Card,SUCCESS,,REGULAR,32,12,10,2,0,False,True,0.64,2.9,44,0,2026-06-14T16:42:30.425852
TXN-02845,CUST-2192,250,Credit Card,FAILED,PAYMENT_DECLINED,LOYAL,20,14,3,11,3,True,False,0.57,5.6,56,3,2026-08-04T16:42:30.425852
TXN-02846,CUST-8035,4013,UPI,SUCCESS,,REGULAR,32,4,3,1,2,True,True,0.63,5.3,34,0,2026-06-12T16:42:30.425852
TXN-02847,CUST-4666,16829,Net Banking,SUCCESS,,AT_RISK,24,6,0,6,0,False,True,0.9,2.6,35,0,2026-08-22T16:42:30.425852
TXN-02848,CUST-2664,2281,Wallet,SUCCESS,,NEW,10,17,6,11,0,False,True,0.95,4.3,45,0,2026-08-17T16:42:30.425852
TXN-02849,CUST-7879,10062,Debit Card,SUCCESS,,REGULAR,15,2,0,2,3,False,True,0.85,2.3,53,0,2026-08-16T16:42:30.425852
TXN-02850,CUST-7200,4079,Debit Card,FAILED,CUSTOMER_ABANDONED,AT_RISK,27,6,0,6,1,False,False,0.17,6.4,15,1,2026-07-18T16:42:30.425852
TXN-02851,CUST-7448,1308,Net Banking,SUCCESS,,NEW,2,13,9,4,1,True,False,0.39,3.4,37,0,2026-08-22T16:42:30.425852
TXN-02852,CUST-3309,7492,Wallet,SUCCESS,,AT_RISK,28,4,0,4,3,True,True,0.49,4.3,10,0,2026-08-01T16:42:30.425852
TXN-02853,CUST-6418,15373,Credit Card,FAILED,PAYMENT_DECLINED,REGULAR,19,3,0,3,3,False,True,0.44,0.7,34,3,2026-07-03T16:42:30.425852
TXN-02854,CUST-4260,3642,UPI,SUCCESS,,NEW,7,30,17,13,2,False,True,0.17,3.5,31,0,2026-06-18T16:42:30.425852
TXN-02855,CUST-5624,18819,Wallet,FAILED,INSUFFICIENT_FUNDS,REGULAR,4,11,8,3,0,False,False,0.56,6.6,47,3,2026-09-02T16:42:30.425852
TXN-02856,CUST-3819,7266,UPI,FAILED,CUSTOMER_ABANDONED,NEW,27,27,4,23,3,True,False,0.37,5.0,12,1,2026-08-27T16:42:30.425852
TXN-02857,CUST-2701,688,Debit Card,FAILED,CARD_EXPIRED,NEW,36,2,2,0,3,True,True,0.67,1.2,13,1,2026-08-27T16:42:30.425852
TXN-02858,CUST-2642,250,Debit Card,SUCCESS,,NEW,6,6,2,4,2,True,False,0.74,5.3,34,0,2026-08-18T16:42:30.425852
TXN-02859,CUST-9520,324,Net Banking,SUCCESS,,LOYAL,27,3,2,1,0,False,False,0.88,4.7,6,0,2026-07-18T16:42:30.425852
TXN-02860,CUST-6082,428,Net Banking,FAILED,BANK_ERROR,NEW,14,19,13,6,3,False,True,0.89,1.4,45,1,2026-08-19T16:42:30.425852
TXN-02861,CUST-3121,17428,Wallet,SUCCESS,,LOYAL,3,29,20,9,0,False,False,0.77,1.5,43,0,2026-06-09T16:42:30.425852
TXN-02862,CUST-5809,237,Net Banking,SUCCESS,,AT_RISK,31,24,7,17,3,True,True,0.35,0.7,38,0,2026-07-28T16:42:30.425852
TXN-02863,CUST-7764,15648,Net Banking,FAILED,NETWORK_TIMEOUT,NEW,30,19,14,5,1,True,True,0.15,5.6,31,3,2026-08-14T16:42:30.425852
TXN-02864,CUST-7944,19717,UPI,SUCCESS,,AT_RISK,36,19,8,11,1,False,True,0.16,2.1,60,0,2026-08-23T16:42:30.425852
TXN-02865,CUST-8223,12695,Wallet,SUCCESS,,LOYAL,11,18,12,6,1,True,False,0.46,1.4,14,0,2026-08-12T16:42:30.425852
TXN-02866,CUST-3367,6173,Credit Card,SUCCESS,,LOYAL,26,18,17,1,3,True,True,0.53,3.7,33,0,2026-09-02T16:42:30.425852
TXN-02867,CUST-8098,860,Debit Card,SUCCESS,,NEW,3,13,9,4,2,False,True,0.7,4.8,46,0,2026-06-21T16:42:30.425852
TXN-02868,CUST-3102,1758,Net Banking,SUCCESS,,LOYAL,14,12,9,3,2,True,True,0.15,0.1,50,0,2026-07-25T16:42:30.425852
TXN-02869,CUST-6176,6921,Credit Card,SUCCESS,,AT_RISK,22,28,20,8,3,False,True,0.68,2.2,39,0,2026-08-22T16:42:30.425852
TXN-02870,CUST-1853,3268,Net Banking,SUCCESS,,AT_RISK,23,25,4,21,2,True,False,0.36,6.7,6,0,2026-08-07T16:42:30.425852
TXN-02871,CUST-5329,297,UPI,SUCCESS,,NEW,19,25,12,13,1,True,True,0.85,4.3,8,0,2026-06-23T16:42:30.425852
TXN-02872,CUST-6280,1089,Credit Card,SUCCESS,,REGULAR,31,15,15,0,0,False,True,0.54,6.5,50,0,2026-08-09T16:42:30.425852
TXN-02873,CUST-9856,1398,Credit Card,FAILED,BANK_ERROR,REGULAR,16,26,22,4,0,False,False,0.75,1.4,51,3,2026-07-04T16:42:30.425852
TXN-02874,CUST-9706,559,Debit Card,SUCCESS,,AT_RISK,3,14,14,0,3,False,False,0.85,7.0,60,0,2026-08-22T16:42:30.425852
TXN-02875,CUST-1954,4216,Credit Card,SUCCESS,,AT_RISK,3,11,5,6,3,False,True,0.42,2.6,45,0,2026-08-06T16:42:30.425852
TXN-02876,CUST-4154,758,Wallet,SUCCESS,,AT_RISK,6,18,0,18,2,False,False,0.2,6.0,15,0,2026-08-23T16:42:30.425852
TXN-02877,CUST-7765,2251,Wallet,FAILED,NETWORK_TIMEOUT,NEW,25,20,18,2,3,False,True,0.61,4.8,55,3,2026-07-28T16:42:30.425852
TXN-02878,CUST-2898,12055,Net Banking,SUCCESS,,REGULAR,18,10,7,3,1,True,True,0.35,5.6,22,0,2026-07-12T16:42:30.425852
TXN-02879,CUST-5295,772,Wallet,SUCCESS,,NEW,29,27,23,4,1,False,True,0.92,2.5,15,0,2026-07-03T16:42:30.425852
TXN-02880,CUST-3270,19573,Credit Card,FAILED,PAYMENT_DECLINED,REGULAR,21,15,9,6,1,False,True,0.61,5.2,27,0,2026-08-21T16:42:30.425852
TXN-02881,CUST-9973,769,Credit Card,SUCCESS,,REGULAR,34,20,3,17,2,True,False,0.12,2.8,54,0,2026-07-28T16:42:30.425852
TXN-02882,CUST-8859,4235,Debit Card,SUCCESS,,AT_RISK,2,10,8,2,3,False,True,0.69,4.7,16,0,2026-08-11T16:42:30.425852
TXN-02883,CUST-6801,247,Debit Card,SUCCESS,,NEW,29,9,0,9,1,True,True,0.39,0.7,35,0,2026-08-31T16:42:30.425852
TXN-02884,CUST-9126,10445,Debit Card,SUCCESS,,AT_RISK,14,8,3,5,1,False,True,0.38,3.2,51,0,2026-07-21T16:42:30.425852
TXN-02885,CUST-6119,401,Debit Card,SUCCESS,,LOYAL,19,1,0,1,1,True,True,0.83,6.3,16,0,2026-08-10T16:42:30.425852
TXN-02886,CUST-3504,11802,Debit Card,FAILED,CUSTOMER_ABANDONED,REGULAR,24,1,1,0,0,False,True,0.43,2.3,41,3,2026-06-13T16:42:30.425852
TXN-02887,CUST-6375,11050,Credit Card,SUCCESS,,LOYAL,17,23,9,14,2,False,True,0.58,0.9,52,0,2026-07-22T16:42:30.425852
TXN-02888,CUST-5769,1215,Wallet,FAILED,PAYMENT_DECLINED,NEW,34,8,8,0,2,False,True,0.16,1.6,44,2,2026-08-02T16:42:30.425852
TXN-02889,CUST-5413,6203,Credit Card,SUCCESS,,NEW,25,6,0,6,3,True,False,0.18,3.3,26,0,2026-08-28T16:42:30.425852
TXN-02890,CUST-8914,228,Credit Card,SUCCESS,,AT_RISK,25,4,2,2,1,True,False,0.81,1.4,19,0,2026-07-27T16:42:30.425852
TXN-02891,CUST-6836,224,Debit Card,SUCCESS,,AT_RISK,7,16,10,6,1,True,False,0.62,0.8,17,0,2026-07-02T16:42:30.425852
TXN-02892,CUST-7106,1941,Wallet,SUCCESS,,LOYAL,2,20,14,6,1,False,True,0.44,2.9,45,0,2026-07-26T16:42:30.425852
TXN-02893,CUST-2644,16850,Credit Card,FAILED,PAYMENT_DECLINED,REGULAR,11,17,4,13,2,False,True,0.88,4.9,10,3,2026-09-03T16:42:30.425852
TXN-02894,CUST-4600,965,Net Banking,SUCCESS,,AT_RISK,3,2,2,0,3,True,True,0.65,1.7,7,0,2026-08-17T16:42:30.425852
TXN-02895,CUST-9063,792,Credit Card,SUCCESS,,LOYAL,1,8,2,6,2,True,True,0.66,5.6,12,0,2026-06-21T16:42:30.425852
TXN-02896,CUST-7475,3345,Net Banking,SUCCESS,,AT_RISK,17,4,4,0,2,False,True,0.74,4.5,51,0,2026-07-21T16:42:30.425852
TXN-02897,CUST-7195,329,UPI,SUCCESS,,NEW,12,18,9,9,3,True,False,0.44,3.0,53,0,2026-09-01T16:42:30.425852
TXN-02898,CUST-6539,1773,Debit Card,FAILED,CARD_EXPIRED,AT_RISK,22,9,1,8,1,True,False,0.22,5.0,40,3,2026-07-26T16:42:30.425852
TXN-02899,CUST-6545,3454,UPI,SUCCESS,,LOYAL,11,13,8,5,0,False,False,0.13,6.9,58,0,2026-08-14T16:42:30.425852
TXN-02900,CUST-2779,2721,Net Banking,SUCCESS,,NEW,25,19,1,18,2,True,False,0.34,6.9,7,0,2026-07-28T16:42:30.425852
TXN-02901,CUST-9659,831,UPI,FAILED,BANK_ERROR,REGULAR,19,4,3,1,1,False,True,0.7,5.0,50,3,2026-07-18T16:42:30.425852
TXN-02902,CUST-2560,3113,UPI,SUCCESS,,NEW,20,1,1,0,2,False,False,0.12,4.0,12,0,2026-08-03T16:42:30.425852
TXN-02903,CUST-6752,11755,Debit Card,SUCCESS,,REGULAR,3,24,0,24,1,True,False,0.83,1.9,50,0,2026-08-18T16:42:30.425852
TXN-02904,CUST-9866,793,Net Banking,SUCCESS,,REGULAR,14,24,20,4,3,True,True,0.4,3.7,26,0,2026-07-23T16:42:30.425852
TXN-02905,CUST-3218,4956,Wallet,SUCCESS,,LOYAL,15,20,4,16,2,True,False,0.67,1.4,28,0,2026-06-26T16:42:30.425852
TXN-02906,CUST-7331,260,Net Banking,FAILED,CUSTOMER_ABANDONED,AT_RISK,25,23,0,23,1,True,False,0.54,4.4,22,2,2026-07-28T16:42:30.425852
TXN-02907,CUST-1898,12972,Net Banking,SUCCESS,,AT_RISK,22,23,0,23,2,True,False,0.77,6.2,32,0,2026-07-04T16:42:30.425852
TXN-02908,CUST-9029,977,Wallet,SUCCESS,,REGULAR,25,17,10,7,0,False,False,0.67,6.1,39,0,2026-07-25T16:42:30.425852
TXN-02909,CUST-2859,321,UPI,SUCCESS,,REGULAR,3,8,6,2,2,False,True,0.38,4.6,55,0,2026-06-19T16:42:30.425852
TXN-02910,CUST-6091,1522,UPI,SUCCESS,,REGULAR,22,28,16,12,0,False,True,0.66,0.8,28,0,2026-07-08T16:42:30.425852
TXN-02911,CUST-2283,3063,Debit Card,SUCCESS,,REGULAR,25,26,15,11,3,True,False,0.72,5.5,44,0,2026-08-27T16:42:30.425852
TXN-02912,CUST-4820,17263,Net Banking,SUCCESS,,AT_RISK,18,9,6,3,1,True,True,0.32,4.4,22,0,2026-07-24T16:42:30.425852
TXN-02913,CUST-7104,15352,UPI,SUCCESS,,AT_RISK,15,11,8,3,2,False,False,0.7,4.7,45,0,2026-08-13T16:42:30.425852
TXN-02914,CUST-7630,217,Net Banking,SUCCESS,,NEW,26,3,1,2,2,True,False,0.94,2.1,15,0,2026-07-20T16:42:30.425852
TXN-02915,CUST-4401,12442,UPI,SUCCESS,,NEW,11,8,6,2,3,False,True,0.86,6.6,4,0,2026-07-27T16:42:30.425852
TXN-02916,CUST-5264,423,Debit Card,FAILED,BANK_ERROR,AT_RISK,7,12,4,8,1,True,True,0.71,2.2,3,2,2026-08-24T16:42:30.425852
TXN-02917,CUST-4102,3209,Net Banking,SUCCESS,,AT_RISK,28,2,1,1,1,False,False,0.11,3.3,29,0,2026-07-21T16:42:30.425852
TXN-02918,CUST-6412,1878,Credit Card,SUCCESS,,AT_RISK,28,1,1,0,1,True,True,0.3,5.9,46,0,2026-07-11T16:42:30.425852
TXN-02919,CUST-3572,7212,UPI,SUCCESS,,AT_RISK,4,17,9,8,0,False,True,0.47,6.5,9,0,2026-07-23T16:42:30.425852
TXN-02920,CUST-6109,15241,Credit Card,FAILED,INSUFFICIENT_FUNDS,NEW,14,15,12,3,3,False,False,0.49,6.4,1,0,2026-08-27T16:42:30.425852
TXN-02921,CUST-6610,6445,Debit Card,SUCCESS,,LOYAL,26,8,4,4,3,True,True,0.8,2.6,42,0,2026-06-10T16:42:30.425852
TXN-02922,CUST-6482,13496,Net Banking,SUCCESS,,AT_RISK,8,30,17,13,0,False,True,0.55,1.0,37,0,2026-08-10T16:42:30.425852
TXN-02923,CUST-3411,2925,Debit Card,FAILED,BANK_ERROR,LOYAL,6,17,0,17,0,False,True,0.85,4.1,10,0,2026-08-07T16:42:30.425852
TXN-02924,CUST-8310,516,Credit Card,FAILED,BANK_ERROR,REGULAR,26,27,8,19,1,False,True,0.14,2.5,33,1,2026-06-08T16:42:30.425852
TXN-02925,CUST-2765,18296,Credit Card,SUCCESS,,LOYAL,12,29,18,11,1,True,True,0.21,1.3,27,0,2026-08-29T16:42:30.425852
TXN-02926,CUST-1074,15557,UPI,SUCCESS,,REGULAR,36,27,11,16,2,True,True,0.13,2.0,6,0,2026-08-23T16:42:30.425852
TXN-02927,CUST-6967,4125,Debit Card,SUCCESS,,NEW,5,22,14,8,0,False,False,0.66,2.5,32,0,2026-08-23T16:42:30.425852
TXN-02928,CUST-2468,2283,UPI,FAILED,NETWORK_TIMEOUT,NEW,22,17,11,6,1,True,True,0.78,6.1,46,2,2026-07-02T16:42:30.425852
TXN-02929,CUST-3726,17900,Wallet,FAILED,PAYMENT_DECLINED,REGULAR,22,23,13,10,0,False,False,0.91,4.9,41,0,2026-06-19T16:42:30.425852
TXN-02930,CUST-8467,7728,UPI,FAILED,PAYMENT_DECLINED,REGULAR,20,6,2,4,3,True,True,0.14,6.1,33,0,2026-07-30T16:42:30.425852
TXN-02931,CUST-7735,2293,Credit Card,SUCCESS,,LOYAL,31,23,20,3,2,True,True,0.74,3.7,38,0,2026-06-17T16:42:30.425852
TXN-02932,CUST-5332,394,Credit Card,SUCCESS,,REGULAR,11,8,5,3,0,False,False,0.81,0.3,30,0,2026-06-11T16:42:30.425852
TXN-02933,CUST-3468,1835,UPI,FAILED,INSUFFICIENT_FUNDS,REGULAR,18,19,10,9,1,True,False,0.86,5.5,33,1,2026-08-01T16:42:30.425852
TXN-02934,CUST-9682,17619,Debit Card,FAILED,BANK_ERROR,AT_RISK,35,5,5,0,3,False,True,0.73,5.3,39,1,2026-08-11T16:42:30.425852
TXN-02935,CUST-7513,347,Wallet,SUCCESS,,AT_RISK,25,8,3,5,3,True,True,0.6,5.7,37,0,2026-08-02T16:42:30.425852
TXN-02936,CUST-3089,7701,Debit Card,FAILED,CARD_EXPIRED,LOYAL,29,24,5,19,3,True,False,0.16,6.0,12,3,2026-06-11T16:42:30.425852
TXN-02937,CUST-6748,966,Net Banking,SUCCESS,,NEW,30,7,2,5,2,True,False,0.19,0.3,58,0,2026-07-10T16:42:30.425852
TXN-02938,CUST-8571,2215,Credit Card,FAILED,BANK_ERROR,REGULAR,36,7,5,2,3,False,False,0.16,5.8,25,1,2026-07-12T16:42:30.425852
TXN-02939,CUST-7438,16393,Debit Card,SUCCESS,,REGULAR,3,22,12,10,1,False,True,0.72,6.2,44,0,2026-06-29T16:42:30.425852
TXN-02940,CUST-2810,452,UPI,SUCCESS,,REGULAR,23,19,9,10,0,False,True,0.8,0.9,10,0,2026-07-24T16:42:30.425852
TXN-02941,CUST-9654,973,Net Banking,SUCCESS,,REGULAR,32,10,6,4,1,True,True,0.78,1.7,4,0,2026-08-06T16:42:30.425852
TXN-02942,CUST-1488,3581,Credit Card,SUCCESS,,REGULAR,32,17,10,7,2,False,False,0.36,1.1,40,0,2026-07-23T16:42:30.425852
TXN-02943,CUST-8495,3975,UPI,SUCCESS,,AT_RISK,30,27,1,26,3,True,False,0.17,6.2,54,0,2026-08-04T16:42:30.425852
TXN-02944,CUST-5446,3777,UPI,SUCCESS,,REGULAR,17,2,2,0,3,False,True,0.3,6.6,53,0,2026-08-22T16:42:30.425852
TXN-02945,CUST-6364,414,Net Banking,SUCCESS,,AT_RISK,17,23,17,6,1,True,True,0.24,5.6,14,0,2026-08-01T16:42:30.425852
TXN-02946,CUST-9710,19210,Wallet,FAILED,CARD_EXPIRED,NEW,4,25,8,17,0,False,True,0.36,6.1,52,3,2026-08-28T16:42:30.425852
TXN-02947,CUST-6482,205,Credit Card,FAILED,CARD_EXPIRED,LOYAL,23,3,0,3,2,True,True,0.53,1.2,51,0,2026-08-07T16:42:30.425852
TXN-02948,CUST-1144,605,Debit Card,SUCCESS,,REGULAR,3,29,4,25,2,True,False,0.52,6.7,46,0,2026-07-09T16:42:30.425852
TXN-02949,CUST-7402,1115,UPI,SUCCESS,,NEW,29,7,2,5,2,True,False,0.26,5.4,59,0,2026-07-10T16:42:30.425852
TXN-02950,CUST-1582,1917,UPI,SUCCESS,,REGULAR,30,13,5,8,1,False,False,0.95,0.5,18,0,2026-08-12T16:42:30.425852
TXN-02951,CUST-8467,739,Credit Card,SUCCESS,,NEW,30,17,11,6,1,True,True,0.7,2.9,44,0,2026-08-07T16:42:30.425852
TXN-02952,CUST-6667,3938,Net Banking,SUCCESS,,LOYAL,25,10,7,3,3,True,True,0.15,6.5,43,0,2026-08-10T16:42:30.425852
TXN-02953,CUST-4932,935,Net Banking,SUCCESS,,LOYAL,36,20,12,8,2,False,False,0.5,1.1,16,0,2026-07-15T16:42:30.425852
TXN-02954,CUST-6380,1709,Wallet,SUCCESS,,LOYAL,34,23,18,5,1,True,False,0.22,6.3,60,0,2026-07-06T16:42:30.425852
TXN-02955,CUST-6402,1213,Net Banking,FAILED,CARD_EXPIRED,AT_RISK,24,20,18,2,3,False,False,0.54,6.8,29,0,2026-07-24T16:42:30.425852
TXN-02956,CUST-2587,1654,Credit Card,SUCCESS,,REGULAR,14,26,17,9,0,False,False,0.74,2.6,38,0,2026-09-02T16:42:30.425852
TXN-02957,CUST-2880,4954,UPI,SUCCESS,,LOYAL,22,29,9,20,3,True,True,0.34,3.6,1,0,2026-08-01T16:42:30.425852
TXN-02958,CUST-8719,681,Credit Card,FAILED,INSUFFICIENT_FUNDS,REGULAR,19,21,17,4,3,False,True,0.57,4.9,51,3,2026-07-28T16:42:30.425852
TXN-02959,CUST-5322,4617,Net Banking,SUCCESS,,LOYAL,9,26,14,12,1,True,False,0.47,6.4,1,0,2026-08-03T16:42:30.425852
TXN-02960,CUST-1680,889,Credit Card,SUCCESS,,REGULAR,31,12,7,5,0,False,False,0.51,4.4,11,0,2026-08-27T16:42:30.425852
TXN-02961,CUST-7208,10375,UPI,FAILED,CUSTOMER_ABANDONED,LOYAL,33,17,11,6,0,False,False,0.87,1.9,58,3,2026-07-30T16:42:30.425852
TXN-02962,CUST-2837,551,Wallet,SUCCESS,,AT_RISK,32,1,1,0,1,True,False,0.33,4.5,1,0,2026-07-26T16:42:30.425852
TXN-02963,CUST-2009,865,Wallet,FAILED,CARD_EXPIRED,LOYAL,28,22,6,16,3,False,False,0.77,6.7,9,0,2026-09-03T16:42:30.425852
TXN-02964,CUST-7577,4881,Wallet,SUCCESS,,NEW,5,7,4,3,1,False,True,0.18,4.0,58,0,2026-07-04T16:42:30.425852
TXN-02965,CUST-3583,3786,Net Banking,FAILED,BANK_ERROR,REGULAR,6,14,4,10,0,False,False,0.62,6.6,23,0,2026-07-01T16:42:30.425852
TXN-02966,CUST-8395,3839,Credit Card,FAILED,CARD_EXPIRED,LOYAL,25,10,0,10,0,False,True,0.19,4.4,22,2,2026-06-13T16:42:30.425852
TXN-02967,CUST-9180,2043,Net Banking,FAILED,NETWORK_TIMEOUT,REGULAR,17,1,0,1,3,False,True,0.33,0.3,28,2,2026-07-05T16:42:30.425852
TXN-02968,CUST-5622,1791,Credit Card,SUCCESS,,REGULAR,25,30,1,29,0,False,True,0.8,1.1,34,0,2026-08-08T16:42:30.425852
TXN-02969,CUST-5733,1011,UPI,FAILED,CUSTOMER_ABANDONED,REGULAR,35,6,4,2,1,True,False,0.8,6.3,28,2,2026-07-09T16:42:30.425852
TXN-02970,CUST-9695,14161,UPI,SUCCESS,,AT_RISK,15,5,2,3,2,True,True,0.69,4.4,14,0,2026-08-20T16:42:30.425852
TXN-02971,CUST-9534,599,Credit Card,SUCCESS,,REGULAR,18,28,12,16,0,False,True,0.69,5.7,24,0,2026-06-20T16:42:30.425852
TXN-02972,CUST-8187,712,Net Banking,SUCCESS,,AT_RISK,3,4,4,0,2,False,True,0.87,2.3,34,0,2026-06-18T16:42:30.425852
TXN-02973,CUST-1795,846,Net Banking,FAILED,CUSTOMER_ABANDONED,REGULAR,31,22,3,19,1,False,True,0.91,0.4,2,3,2026-06-23T16:42:30.425852
TXN-02974,CUST-2620,553,Wallet,SUCCESS,,LOYAL,5,9,0,9,2,False,True,0.56,1.1,1,0,2026-08-29T16:42:30.425852
TXN-02975,CUST-5664,11113,UPI,SUCCESS,,REGULAR,33,8,4,4,1,True,True,0.87,6.4,22,0,2026-06-29T16:42:30.425852
TXN-02976,CUST-9870,2364,Credit Card,FAILED,NETWORK_TIMEOUT,LOYAL,34,12,2,10,2,False,True,0.56,6.4,54,0,2026-08-18T16:42:30.425852
TXN-02977,CUST-2867,3754,Credit Card,SUCCESS,,NEW,35,28,13,15,2,True,True,0.16,0.8,52,0,2026-07-14T16:42:30.425852
TXN-02978,CUST-6088,18989,UPI,SUCCESS,,AT_RISK,36,11,2,9,0,False,True,0.38,2.3,50,0,2026-06-23T16:42:30.425852
TXN-02979,CUST-2497,1747,Net Banking,SUCCESS,,NEW,20,28,9,19,2,False,True,0.2,0.3,18,0,2026-09-04T16:42:30.425852
TXN-02980,CUST-5747,752,Debit Card,SUCCESS,,LOYAL,32,22,17,5,1,True,True,0.6,3.0,10,0,2026-06-08T16:42:30.425852
TXN-02981,CUST-4383,8217,UPI,SUCCESS,,NEW,14,24,15,9,1,True,False,0.81,2.2,10,0,2026-08-18T16:42:30.425852
TXN-02982,CUST-3270,530,Net Banking,SUCCESS,,AT_RISK,21,30,30,0,2,True,False,0.42,6.9,24,0,2026-08-12T16:42:30.425852
TXN-02983,CUST-1917,12202,UPI,SUCCESS,,NEW,13,10,2,8,2,True,True,0.39,6.7,1,0,2026-06-20T16:42:30.425852
TXN-02984,CUST-4580,244,Wallet,SUCCESS,,AT_RISK,27,30,10,20,1,True,False,0.9,2.6,30,0,2026-08-12T16:42:30.425852
TXN-02985,CUST-1006,932,Net Banking,SUCCESS,,NEW,22,26,6,20,3,False,False,0.56,1.0,14,0,2026-07-01T16:42:30.425852
TXN-02986,CUST-9540,2818,Net Banking,SUCCESS,,REGULAR,24,5,0,5,2,False,False,0.52,6.2,45,0,2026-06-12T16:42:30.425852
TXN-02987,CUST-4315,876,Debit Card,SUCCESS,,NEW,31,7,4,3,1,False,False,0.56,6.3,10,0,2026-07-19T16:42:30.425852
TXN-02988,CUST-1061,9435,Net Banking,FAILED,INSUFFICIENT_FUNDS,NEW,16,22,10,12,0,False,True,0.62,4.3,32,2,2026-07-16T16:42:30.425852
TXN-02989,CUST-7932,845,Credit Card,SUCCESS,,NEW,18,23,11,12,0,False,False,0.78,4.1,24,0,2026-07-13T16:42:30.425852
TXN-02990,CUST-3598,678,UPI,SUCCESS,,NEW,10,27,9,18,3,True,False,0.19,2.8,27,0,2026-08-31T16:42:30.425852
TXN-02991,CUST-4365,5285,Debit Card,SUCCESS,,AT_RISK,33,16,4,12,2,True,True,0.87,1.2,35,0,2026-07-17T16:42:30.425852
TXN-02992,CUST-7805,11586,UPI,SUCCESS,,REGULAR,30,23,20,3,1,False,True,0.78,1.2,12,0,2026-08-22T16:42:30.425852
TXN-02993,CUST-6498,238,Debit Card,SUCCESS,,AT_RISK,21,8,2,6,2,True,False,0.57,3.7,45,0,2026-07-11T16:42:30.425852
TXN-02994,CUST-4210,11632,Debit Card,FAILED,INSUFFICIENT_FUNDS,NEW,10,10,10,0,1,True,False,0.75,3.4,55,1,2026-07-20T16:42:30.425852
TXN-02995,CUST-1050,17023,UPI,SUCCESS,,NEW,17,25,9,16,3,True,False,0.33,0.2,60,0,2026-07-26T16:42:30.425852
TXN-02996,CUST-4261,11118,Debit Card,FAILED,NETWORK_TIMEOUT,REGULAR,3,21,20,1,0,False,True,0.88,0.9,29,3,2026-06-07T16:42:30.425852
TXN-02997,CUST-1839,12108,Credit Card,SUCCESS,,LOYAL,23,11,10,1,3,False,False,0.48,2.6,18,0,2026-08-21T16:42:30.425852
TXN-02998,CUST-1549,13020,Debit Card,FAILED,NETWORK_TIMEOUT,NEW,26,23,12,11,0,False,False,0.59,4.5,43,3,2026-07-16T16:42:30.425852
TXN-02999,CUST-4434,1796,Credit Card,SUCCESS,,AT_RISK,23,16,16,0,0,False,True,0.29,5.6,12,0,2026-06-28T16:42:30.425852
TXN-03000,CUST-7171,7036,Debit Card,FAILED,NETWORK_TIMEOUT,REGULAR,36,26,10,16,1,False,True,0.13,4.9,39,0,2026-06-06T16:42:30.425852
TXN-03001,CUST-6970,432,Debit Card,SUCCESS,,AT_RISK,25,27,7,20,3,True,True,0.13,4.0,24,0,2026-07-01T16:42:30.425852
TXN-03002,CUST-8064,5774,UPI,FAILED,CUSTOMER_ABANDONED,NEW,26,16,2,14,3,True,False,0.79,5.3,36,1,2026-07-30T16:42:30.425852
TXN-03003,CUST-8279,632,Debit Card,FAILED,CUSTOMER_ABANDONED,REGULAR,31,11,2,9,3,False,True,0.47,6.5,44,1,2026-08-11T16:42:30.425852
TXN-03004,CUST-5958,714,Credit Card,SUCCESS,,NEW,36,22,4,18,3,False,True,0.73,3.1,59,0,2026-07-15T16:42:30.425852
TXN-03005,CUST-9071,4852,Wallet,SUCCESS,,LOYAL,21,14,4,10,2,False,True,0.17,2.9,30,0,2026-08-05T16:42:30.425852
TXN-03006,CUST-3725,5894,Debit Card,SUCCESS,,REGULAR,21,20,18,2,2,False,True,0.74,5.2,43,0,2026-08-23T16:42:30.425852
TXN-03007,CUST-1934,2983,Net Banking,FAILED,CARD_EXPIRED,AT_RISK,27,16,16,0,2,True,True,0.11,3.3,57,1,2026-08-07T16:42:30.425852
TXN-03008,CUST-7234,12883,UPI,SUCCESS,,AT_RISK,4,24,17,7,2,True,True,0.17,2.3,20,0,2026-07-11T16:42:30.425852
TXN-03009,CUST-6966,524,Wallet,FAILED,CARD_EXPIRED,NEW,22,21,7,14,1,True,False,0.88,2.1,19,0,2026-08-16T16:42:30.425852
TXN-03010,CUST-4936,10838,Wallet,FAILED,PAYMENT_DECLINED,AT_RISK,28,22,7,15,0,False,True,0.25,4.5,31,3,2026-06-28T16:42:30.425852
TXN-03011,CUST-9568,4482,Debit Card,SUCCESS,,AT_RISK,30,10,3,7,1,False,False,0.4,5.7,29,0,2026-07-03T16:42:30.425852
TXN-03012,CUST-3929,970,Wallet,SUCCESS,,AT_RISK,11,20,0,20,1,True,True,0.21,4.5,51,0,2026-07-26T16:42:30.425852
TXN-03013,CUST-3454,498,Debit Card,SUCCESS,,REGULAR,34,12,4,8,3,True,True,0.43,6.9,44,0,2026-07-06T16:42:30.425852
TXN-03014,CUST-5018,4147,Net Banking,SUCCESS,,REGULAR,15,18,17,1,1,True,True,0.1,6.1,27,0,2026-08-13T16:42:30.425852
TXN-03015,CUST-6402,3397,Wallet,SUCCESS,,AT_RISK,7,20,7,13,0,False,False,0.74,1.1,28,0,2026-08-02T16:42:30.425852
TXN-03016,CUST-4001,11866,UPI,FAILED,BANK_ERROR,AT_RISK,4,30,28,2,3,False,True,0.43,3.9,24,2,2026-06-23T16:42:30.425852
TXN-03017,CUST-6327,6422,UPI,SUCCESS,,NEW,27,2,2,0,3,True,False,0.17,1.5,43,0,2026-07-09T16:42:30.425852
TXN-03018,CUST-3866,4943,Wallet,SUCCESS,,REGULAR,4,20,7,13,2,False,False,0.36,4.3,45,0,2026-07-23T16:42:30.425852
TXN-03019,CUST-5170,1262,Wallet,SUCCESS,,NEW,11,18,3,15,3,True,True,0.45,5.7,55,0,2026-06-21T16:42:30.425852
TXN-03020,CUST-4738,773,Credit Card,FAILED,CUSTOMER_ABANDONED,REGULAR,31,19,17,2,1,True,True,0.92,5.2,29,3,2026-07-03T16:42:30.425852
TXN-03021,CUST-4771,2206,Net Banking,FAILED,NETWORK_TIMEOUT,LOYAL,31,21,19,2,0,False,False,0.9,3.0,7,2,2026-07-13T16:42:30.425852
TXN-03022,CUST-3423,4139,Debit Card,FAILED,INSUFFICIENT_FUNDS,NEW,18,29,20,9,3,True,True,0.9,5.1,30,0,2026-07-19T16:42:30.425852
TXN-03023,CUST-6047,553,Credit Card,SUCCESS,,LOYAL,36,7,3,4,1,True,False,0.8,4.3,45,0,2026-07-29T16:42:30.425852
TXN-03024,CUST-7589,4794,UPI,FAILED,NETWORK_TIMEOUT,NEW,23,19,18,1,3,True,False,0.6,5.0,16,1,2026-08-18T16:42:30.425852
TXN-03025,CUST-2421,776,Credit Card,SUCCESS,,REGULAR,35,9,6,3,1,True,False,0.68,4.2,43,0,2026-06-19T16:42:30.425852
TXN-03026,CUST-1282,3659,Debit Card,FAILED,BANK_ERROR,AT_RISK,12,20,12,8,0,False,False,0.15,2.9,60,2,2026-06-22T16:42:30.425852
TXN-03027,CUST-8372,3716,Debit Card,SUCCESS,,AT_RISK,17,9,2,7,3,True,True,0.84,3.1,9,0,2026-07-17T16:42:30.425852
TXN-03028,CUST-1291,2116,Wallet,SUCCESS,,LOYAL,29,21,3,18,3,True,True,0.5,3.4,41,0,2026-07-07T16:42:30.425852
TXN-03029,CUST-5679,19409,UPI,FAILED,PAYMENT_DECLINED,NEW,34,26,24,2,3,False,True,0.51,1.2,43,2,2026-08-09T16:42:30.425852
TXN-03030,CUST-1337,4560,Wallet,SUCCESS,,NEW,13,10,6,4,3,True,True,0.41,2.8,26,0,2026-06-14T16:42:30.425852
TXN-03031,CUST-5744,771,Net Banking,SUCCESS,,AT_RISK,29,19,1,18,3,False,False,0.93,6.8,44,0,2026-06-15T16:42:30.425852
TXN-03032,CUST-5834,2077,Debit Card,SUCCESS,,REGULAR,23,26,6,20,1,False,False,0.28,0.6,19,0,2026-06-30T16:42:30.425852
TXN-03033,CUST-8582,280,Wallet,SUCCESS,,REGULAR,12,17,15,2,2,False,True,0.28,0.6,44,0,2026-08-15T16:42:30.425852
TXN-03034,CUST-7657,820,Wallet,SUCCESS,,NEW,31,12,6,6,3,False,False,0.22,4.4,60,0,2026-07-16T16:42:30.425852
TXN-03035,CUST-8651,4630,Net Banking,SUCCESS,,NEW,12,21,0,21,0,False,True,0.39,3.3,58,0,2026-08-25T16:42:30.425852
TXN-03036,CUST-1852,7654,Debit Card,SUCCESS,,AT_RISK,1,16,15,1,0,False,False,0.56,3.1,37,0,2026-08-17T16:42:30.425852
TXN-03037,CUST-9476,881,Credit Card,FAILED,NETWORK_TIMEOUT,AT_RISK,9,13,5,8,3,True,False,0.26,1.2,37,0,2026-06-29T16:42:30.425852
TXN-03038,CUST-2441,2612,Wallet,SUCCESS,,REGULAR,30,6,1,5,3,True,True,0.57,4.4,44,0,2026-07-18T16:42:30.425852
TXN-03039,CUST-2999,521,Debit Card,FAILED,BANK_ERROR,REGULAR,6,6,3,3,0,False,False,0.77,2.7,37,0,2026-08-06T16:42:30.425852
TXN-03040,CUST-9569,1058,Credit Card,SUCCESS,,LOYAL,28,6,3,3,1,True,False,0.58,2.5,55,0,2026-09-03T16:42:30.425852
TXN-03041,CUST-8895,17714,Debit Card,SUCCESS,,REGULAR,4,16,4,12,0,False,False,0.72,4.5,10,0,2026-07-21T16:42:30.425852
TXN-03042,CUST-5241,2743,Net Banking,SUCCESS,,REGULAR,22,5,5,0,2,True,True,0.25,3.6,29,0,2026-06-06T16:42:30.425852
TXN-03043,CUST-3187,13385,UPI,SUCCESS,,REGULAR,7,12,10,2,0,False,True,0.33,5.4,21,0,2026-06-10T16:42:30.425852
TXN-03044,CUST-4687,4572,Debit Card,SUCCESS,,LOYAL,9,3,0,3,3,False,True,0.46,6.7,38,0,2026-06-08T16:42:30.425852
TXN-03045,CUST-6354,555,Credit Card,SUCCESS,,LOYAL,31,19,10,9,2,True,True,0.75,0.0,15,0,2026-07-02T16:42:30.425852
TXN-03046,CUST-4090,441,Net Banking,SUCCESS,,REGULAR,33,16,11,5,2,True,True,0.52,4.0,37,0,2026-07-09T16:42:30.425852
TXN-03047,CUST-7455,1997,Net Banking,SUCCESS,,AT_RISK,8,25,23,2,2,False,True,0.9,4.4,36,0,2026-07-30T16:42:30.425852
TXN-03048,CUST-7939,3164,UPI,SUCCESS,,NEW,6,9,1,8,1,True,False,0.42,2.3,37,0,2026-09-04T16:42:30.425852
TXN-03049,CUST-7648,983,Credit Card,SUCCESS,,NEW,14,30,29,1,3,True,False,0.31,4.9,40,0,2026-06-16T16:42:30.425852
TXN-03050,CUST-5828,19947,UPI,SUCCESS,,REGULAR,19,10,0,10,0,False,False,0.78,5.6,35,0,2026-07-03T16:42:30.425852
TXN-03051,CUST-8005,2311,Credit Card,SUCCESS,,NEW,16,10,8,2,2,False,False,0.78,5.0,29,0,2026-08-06T16:42:30.425852
TXN-03052,CUST-9543,753,Net Banking,SUCCESS,,REGULAR,24,21,11,10,3,True,True,0.89,2.1,44,0,2026-06-16T16:42:30.425852
TXN-03053,CUST-1552,12867,Debit Card,SUCCESS,,REGULAR,1,9,5,4,2,True,True,0.69,5.5,44,0,2026-06-16T16:42:30.425852
TXN-03054,CUST-8773,11704,Net Banking,SUCCESS,,AT_RISK,28,23,9,14,2,False,False,0.23,5.5,50,0,2026-08-24T16:42:30.425852
TXN-03055,CUST-3790,3430,Net Banking,FAILED,CARD_EXPIRED,REGULAR,27,10,4,6,1,True,True,0.55,3.5,44,3,2026-08-20T16:42:30.425852
TXN-03056,CUST-7626,857,Credit Card,SUCCESS,,AT_RISK,35,29,13,16,1,False,False,0.4,3.4,59,0,2026-07-20T16:42:30.425852
TXN-03057,CUST-4713,3453,Debit Card,SUCCESS,,LOYAL,6,8,4,4,3,True,True,0.36,4.8,26,0,2026-07-13T16:42:30.425852
TXN-03058,CUST-1907,4012,Debit Card,SUCCESS,,REGULAR,29,9,3,6,3,False,True,0.5,3.7,15,0,2026-07-06T16:42:30.425852
TXN-03059,CUST-4018,1293,Debit Card,FAILED,NETWORK_TIMEOUT,AT_RISK,31,23,5,18,3,False,False,0.63,5.2,56,3,2026-06-14T16:42:30.425852
TXN-03060,CUST-8659,2468,Net Banking,SUCCESS,,LOYAL,19,2,1,1,0,False,False,0.67,6.0,56,0,2026-08-26T16:42:30.425852
TXN-03061,CUST-3929,4823,Debit Card,FAILED,PAYMENT_DECLINED,AT_RISK,27,9,3,6,3,False,True,0.41,5.9,49,0,2026-07-31T16:42:30.425852
TXN-03062,CUST-4997,18343,Debit Card,SUCCESS,,REGULAR,27,28,21,7,2,False,False,0.73,4.9,28,0,2026-08-07T16:42:30.425852
TXN-03063,CUST-4713,6481,Credit Card,SUCCESS,,LOYAL,1,7,2,5,2,True,False,0.16,3.1,7,0,2026-06-11T16:42:30.425852
TXN-03064,CUST-9646,1735,Debit Card,SUCCESS,,AT_RISK,35,27,4,23,2,False,False,0.5,0.1,34,0,2026-09-01T16:42:30.425852
TXN-03065,CUST-3106,750,UPI,SUCCESS,,REGULAR,22,26,1,25,3,True,False,0.47,4.3,6,0,2026-09-04T16:42:30.425852
TXN-03066,CUST-4633,16792,Debit Card,SUCCESS,,AT_RISK,16,30,21,9,2,True,True,0.64,5.4,38,0,2026-07-19T16:42:30.425852
TXN-03067,CUST-2929,973,Debit Card,SUCCESS,,NEW,28,26,25,1,3,True,False,0.48,3.9,52,0,2026-07-08T16:42:30.425852
TXN-03068,CUST-6023,684,Wallet,SUCCESS,,LOYAL,29,20,13,7,0,False,True,0.86,0.4,21,0,2026-08-18T16:42:30.425852
TXN-03069,CUST-2398,435,Debit Card,SUCCESS,,NEW,3,14,10,4,1,False,True,0.12,5.3,33,0,2026-06-27T16:42:30.425852
TXN-03070,CUST-4443,994,Net Banking,SUCCESS,,NEW,24,7,4,3,0,False,False,0.72,6.6,2,0,2026-08-24T16:42:30.425852
TXN-03071,CUST-3065,1825,Wallet,SUCCESS,,NEW,9,5,2,3,0,False,True,0.25,4.7,52,0,2026-07-12T16:42:30.425852
TXN-03072,CUST-3980,661,UPI,SUCCESS,,NEW,36,15,7,8,2,True,False,0.46,2.3,40,0,2026-08-02T16:42:30.425852
TXN-03073,CUST-8013,16420,Debit Card,SUCCESS,,NEW,2,21,7,14,1,False,True,0.36,5.4,50,0,2026-07-03T16:42:30.425852
TXN-03074,CUST-6023,891,Debit Card,SUCCESS,,REGULAR,5,11,11,0,2,False,True,0.87,3.3,24,0,2026-06-18T16:42:30.425852
TXN-03075,CUST-8485,3735,Debit Card,FAILED,CUSTOMER_ABANDONED,NEW,10,27,5,22,2,False,True,0.84,1.5,4,3,2026-07-22T16:42:30.425852
TXN-03076,CUST-8965,814,UPI,SUCCESS,,REGULAR,24,10,7,3,2,True,False,0.67,6.8,26,0,2026-07-01T16:42:30.425852
TXN-03077,CUST-8638,14951,UPI,SUCCESS,,REGULAR,13,12,7,5,3,True,True,0.87,2.3,55,0,2026-08-06T16:42:30.425852
TXN-03078,CUST-7467,4526,UPI,FAILED,BANK_ERROR,NEW,3,12,8,4,3,False,True,0.63,3.0,58,2,2026-06-09T16:42:30.425852
TXN-03079,CUST-7338,531,Wallet,FAILED,BANK_ERROR,AT_RISK,1,18,15,3,0,False,True,0.28,2.0,10,3,2026-08-16T16:42:30.425852
TXN-03080,CUST-7605,15318,Debit Card,SUCCESS,,LOYAL,30,26,24,2,2,True,True,0.47,1.0,23,0,2026-07-06T16:42:30.425852
TXN-03081,CUST-9194,8269,Debit Card,SUCCESS,,REGULAR,28,6,5,1,1,True,True,0.29,4.8,25,0,2026-06-18T16:42:30.425852
TXN-03082,CUST-7053,4038,UPI,SUCCESS,,NEW,5,21,19,2,1,False,False,0.95,6.8,55,0,2026-07-06T16:42:30.425852
TXN-03083,CUST-4441,752,UPI,SUCCESS,,NEW,23,3,3,0,2,True,True,0.35,1.5,23,0,2026-07-22T16:42:30.425852
TXN-03084,CUST-3552,14719,UPI,SUCCESS,,NEW,6,8,4,4,0,False,False,0.48,6.5,9,0,2026-08-13T16:42:30.425852
TXN-03085,CUST-2872,327,Net Banking,SUCCESS,,LOYAL,24,8,8,0,0,False,True,0.67,2.6,48,0,2026-08-01T16:42:30.425852
TXN-03086,CUST-4230,3806,Wallet,SUCCESS,,REGULAR,15,27,0,27,1,False,False,0.47,2.9,46,0,2026-06-16T16:42:30.425852
TXN-03087,CUST-7464,850,Credit Card,SUCCESS,,REGULAR,12,30,12,18,1,False,True,0.63,2.6,19,0,2026-07-16T16:42:30.425852
TXN-03088,CUST-8302,4283,Wallet,SUCCESS,,LOYAL,15,2,2,0,1,False,False,0.87,3.0,49,0,2026-07-14T16:42:30.425852
TXN-03089,CUST-9896,319,Net Banking,SUCCESS,,LOYAL,29,28,23,5,0,False,True,0.72,3.8,2,0,2026-07-26T16:42:30.425852
TXN-03090,CUST-8010,17632,Debit Card,FAILED,PAYMENT_DECLINED,NEW,8,30,18,12,1,True,False,0.24,1.8,11,1,2026-08-14T16:42:30.425852
TXN-03091,CUST-8724,2556,Wallet,SUCCESS,,AT_RISK,13,26,21,5,0,False,True,0.33,1.8,48,0,2026-08-26T16:42:30.425852
TXN-03092,CUST-9134,290,Net Banking,SUCCESS,,REGULAR,30,10,5,5,2,False,True,0.95,0.8,27,0,2026-08-09T16:42:30.425852
TXN-03093,CUST-1409,440,Net Banking,FAILED,INSUFFICIENT_FUNDS,REGULAR,32,24,20,4,2,True,False,0.84,0.8,42,3,2026-07-19T16:42:30.425852
TXN-03094,CUST-9308,4094,UPI,SUCCESS,,LOYAL,11,7,3,4,2,True,True,0.77,3.3,57,0,2026-07-02T16:42:30.425852
TXN-03095,CUST-8972,15739,UPI,SUCCESS,,AT_RISK,1,16,12,4,1,True,True,0.74,3.7,21,0,2026-08-05T16:42:30.425852
TXN-03096,CUST-7478,11760,Net Banking,SUCCESS,,LOYAL,22,3,1,2,0,False,False,0.45,0.8,55,0,2026-08-09T16:42:30.425852
TXN-03097,CUST-8144,14628,Debit Card,SUCCESS,,REGULAR,2,8,0,8,1,False,False,0.93,0.5,3,0,2026-08-04T16:42:30.425852
TXN-03098,CUST-7170,542,UPI,SUCCESS,,REGULAR,15,30,13,17,1,False,False,0.79,3.1,16,0,2026-08-24T16:42:30.425852
TXN-03099,CUST-1578,3403,Net Banking,SUCCESS,,REGULAR,34,4,1,3,0,False,False,0.23,0.2,44,0,2026-08-06T16:42:30.425852
TXN-03100,CUST-9251,806,Net Banking,FAILED,BANK_ERROR,REGULAR,21,6,2,4,0,False,False,0.39,5.5,40,2,2026-09-02T16:42:30.425852
TXN-03101,CUST-3598,447,Net Banking,SUCCESS,,NEW,26,12,10,2,2,True,False,0.24,3.6,53,0,2026-08-27T16:42:30.425852
TXN-03102,CUST-9943,626,Debit Card,SUCCESS,,LOYAL,28,21,1,20,1,True,False,0.92,6.3,3,0,2026-07-03T16:42:30.425852
TXN-03103,CUST-3926,5000,Net Banking,SUCCESS,,AT_RISK,12,24,11,13,2,True,True,0.71,0.6,27,0,2026-06-14T16:42:30.425852
TXN-03104,CUST-4831,14641,Debit Card,SUCCESS,,LOYAL,27,17,12,5,0,False,False,0.2,2.9,30,0,2026-07-02T16:42:30.425852
TXN-03105,CUST-4146,787,Wallet,SUCCESS,,REGULAR,13,30,7,23,2,True,True,0.6,2.2,36,0,2026-07-30T16:42:30.425852
TXN-03106,CUST-1118,322,UPI,FAILED,BANK_ERROR,AT_RISK,2,19,9,10,2,True,True,0.14,0.9,35,2,2026-08-23T16:42:30.425852
TXN-03107,CUST-2455,14747,Net Banking,SUCCESS,,NEW,5,8,3,5,1,False,False,0.77,4.8,9,0,2026-07-07T16:42:30.425852
TXN-03108,CUST-5777,988,Debit Card,FAILED,INSUFFICIENT_FUNDS,REGULAR,5,10,1,9,3,False,False,0.31,2.6,45,0,2026-07-10T16:42:30.425852
TXN-03109,CUST-4797,1147,Credit Card,SUCCESS,,LOYAL,33,5,5,0,1,False,True,0.95,5.9,50,0,2026-06-27T16:42:30.425852
TXN-03110,CUST-1938,845,UPI,SUCCESS,,LOYAL,34,30,17,13,2,True,False,0.17,1.9,39,0,2026-07-20T16:42:30.425852
TXN-03111,CUST-7924,1314,UPI,SUCCESS,,NEW,10,13,7,6,2,False,False,0.19,4.1,46,0,2026-06-14T16:42:30.425852
TXN-03112,CUST-1675,516,UPI,SUCCESS,,REGULAR,35,5,0,5,0,False,True,0.62,0.5,14,0,2026-06-20T16:42:30.425852
TXN-03113,CUST-6753,940,Net Banking,SUCCESS,,NEW,27,29,22,7,1,True,False,0.64,0.1,23,0,2026-06-24T16:42:30.425852
TXN-03114,CUST-6227,3542,Wallet,SUCCESS,,REGULAR,10,7,1,6,0,False,True,0.39,4.4,4,0,2026-07-02T16:42:30.425852
TXN-03115,CUST-4744,796,UPI,SUCCESS,,REGULAR,34,12,0,12,2,True,False,0.89,4.4,11,0,2026-08-25T16:42:30.425852
TXN-03116,CUST-5743,11435,Wallet,SUCCESS,,NEW,7,10,7,3,1,True,False,0.25,0.7,36,0,2026-07-13T16:42:30.425852
TXN-03117,CUST-6982,12659,Net Banking,SUCCESS,,LOYAL,5,24,20,4,2,True,False,0.51,2.7,23,0,2026-08-28T16:42:30.425852
TXN-03118,CUST-8084,13424,Wallet,SUCCESS,,LOYAL,14,12,0,12,2,True,True,0.79,0.4,26,0,2026-09-04T16:42:30.425852
TXN-03119,CUST-1868,710,Net Banking,SUCCESS,,NEW,23,28,21,7,1,True,False,0.24,1.2,57,0,2026-08-14T16:42:30.425852
TXN-03120,CUST-3968,2832,Debit Card,SUCCESS,,REGULAR,21,17,14,3,3,True,True,0.5,6.5,9,0,2026-07-25T16:42:30.425852
TXN-03121,CUST-5025,16015,UPI,SUCCESS,,LOYAL,13,24,19,5,0,False,True,0.12,0.7,16,0,2026-08-07T16:42:30.425852
TXN-03122,CUST-3487,3949,UPI,SUCCESS,,AT_RISK,21,2,1,1,0,False,False,0.93,0.3,45,0,2026-08-16T16:42:30.425852
TXN-03123,CUST-5796,819,Credit Card,SUCCESS,,REGULAR,21,29,0,29,0,False,True,0.13,2.9,40,0,2026-08-12T16:42:30.425852
TXN-03124,CUST-3980,13395,Wallet,FAILED,CUSTOMER_ABANDONED,AT_RISK,2,9,3,6,1,False,False,0.93,2.8,24,3,2026-08-25T16:42:30.425852
TXN-03125,CUST-7354,6157,Net Banking,SUCCESS,,AT_RISK,29,28,10,18,0,False,True,0.35,0.7,17,0,2026-06-24T16:42:30.425852
TXN-03126,CUST-7068,990,Wallet,SUCCESS,,REGULAR,28,19,14,5,2,True,True,0.78,3.7,54,0,2026-08-15T16:42:30.425852
TXN-03127,CUST-6366,1892,Wallet,SUCCESS,,AT_RISK,26,19,18,1,0,False,True,0.95,1.3,11,0,2026-07-18T16:42:30.425852
TXN-03128,CUST-7863,1077,UPI,SUCCESS,,LOYAL,26,17,9,8,2,True,False,0.91,2.9,57,0,2026-09-01T16:42:30.425852
TXN-03129,CUST-5013,258,Debit Card,SUCCESS,,AT_RISK,10,12,0,12,1,False,True,0.54,5.6,24,0,2026-06-24T16:42:30.425852
TXN-03130,CUST-5634,1111,Net Banking,SUCCESS,,AT_RISK,6,29,16,13,3,True,False,0.41,5.1,20,0,2026-07-05T16:42:30.425852
TXN-03131,CUST-6322,763,Net Banking,SUCCESS,,LOYAL,32,2,2,0,1,True,True,0.11,0.1,54,0,2026-08-04T16:42:30.425852
TXN-03132,CUST-9545,817,UPI,SUCCESS,,AT_RISK,17,23,22,1,3,True,True,0.31,1.4,33,0,2026-06-24T16:42:30.425852
TXN-03133,CUST-4899,317,Wallet,SUCCESS,,AT_RISK,34,10,8,2,3,True,True,0.89,0.4,18,0,2026-07-04T16:42:30.425852
TXN-03134,CUST-3884,3313,Net Banking,SUCCESS,,NEW,35,14,5,9,0,False,True,0.19,6.0,25,0,2026-08-17T16:42:30.425852
TXN-03135,CUST-7317,643,UPI,FAILED,BANK_ERROR,REGULAR,23,16,6,10,3,True,True,0.4,1.2,32,3,2026-06-19T16:42:30.425852
TXN-03136,CUST-1208,17284,UPI,SUCCESS,,AT_RISK,22,8,4,4,3,True,True,0.81,0.0,47,0,2026-07-03T16:42:30.425852
TXN-03137,CUST-2989,814,Credit Card,SUCCESS,,LOYAL,28,21,1,20,3,False,True,0.26,0.5,3,0,2026-08-10T16:42:30.425852
TXN-03138,CUST-9486,15832,Net Banking,SUCCESS,,LOYAL,8,22,6,16,2,True,False,0.25,0.5,19,0,2026-06-12T16:42:30.425852
TXN-03139,CUST-1438,678,Credit Card,FAILED,CUSTOMER_ABANDONED,NEW,16,13,11,2,2,False,True,0.82,2.5,34,0,2026-07-17T16:42:30.425852
TXN-03140,CUST-2770,3848,Net Banking,FAILED,BANK_ERROR,LOYAL,11,7,3,4,2,True,False,0.91,4.9,29,0,2026-08-09T16:42:30.425852
TXN-03141,CUST-6896,723,Net Banking,SUCCESS,,NEW,12,4,3,1,2,True,True,0.2,3.3,34,0,2026-08-30T16:42:30.425852
TXN-03142,CUST-2213,1714,Net Banking,SUCCESS,,AT_RISK,31,13,8,5,0,False,True,0.17,2.5,43,0,2026-08-27T16:42:30.425852
TXN-03143,CUST-1002,519,Debit Card,SUCCESS,,LOYAL,7,17,10,7,0,False,True,0.46,0.1,20,0,2026-08-13T16:42:30.425852
TXN-03144,CUST-6400,7029,UPI,SUCCESS,,REGULAR,18,13,0,13,2,False,False,0.13,6.4,1,0,2026-07-08T16:42:30.425852
TXN-03145,CUST-6208,16726,Credit Card,FAILED,CARD_EXPIRED,NEW,32,22,0,22,2,False,True,0.5,0.7,59,0,2026-07-07T16:42:30.425852
TXN-03146,CUST-4596,14351,UPI,SUCCESS,,NEW,8,23,0,23,1,True,False,0.58,5.0,12,0,2026-06-25T16:42:30.425852
TXN-03147,CUST-4246,3139,Credit Card,FAILED,INSUFFICIENT_FUNDS,REGULAR,5,18,12,6,1,True,False,0.14,6.6,57,3,2026-07-31T16:42:30.425852
TXN-03148,CUST-8832,3847,Debit Card,SUCCESS,,AT_RISK,35,1,0,1,1,True,False,0.72,5.1,3,0,2026-06-26T16:42:30.425852
TXN-03149,CUST-1905,11464,UPI,SUCCESS,,AT_RISK,25,21,8,13,1,True,True,0.74,1.6,45,0,2026-06-26T16:42:30.425852
TXN-03150,CUST-1414,13503,Wallet,SUCCESS,,AT_RISK,34,3,1,2,0,False,True,0.76,6.2,47,0,2026-07-22T16:42:30.425852
TXN-03151,CUST-4603,5708,Net Banking,SUCCESS,,LOYAL,32,22,13,9,3,True,True,0.95,0.2,21,0,2026-07-20T16:42:30.425852
TXN-03152,CUST-5581,10474,Wallet,SUCCESS,,AT_RISK,36,5,0,5,2,True,False,0.31,3.6,13,0,2026-06-28T16:42:30.425852
TXN-03153,CUST-6787,13468,Debit Card,SUCCESS,,AT_RISK,35,29,22,7,1,True,True,0.13,0.9,47,0,2026-08-16T16:42:30.425852
TXN-03154,CUST-6025,4862,UPI,SUCCESS,,LOYAL,10,20,1,19,2,True,True,0.58,5.4,40,0,2026-08-13T16:42:30.425852
TXN-03155,CUST-2763,15947,Credit Card,SUCCESS,,LOYAL,34,6,2,4,0,False,False,0.59,1.8,45,0,2026-07-03T16:42:30.425852
TXN-03156,CUST-2684,271,Wallet,SUCCESS,,LOYAL,6,25,21,4,1,True,True,0.11,6.3,37,0,2026-07-18T16:42:30.425852
TXN-03157,CUST-1003,3441,Credit Card,SUCCESS,,REGULAR,17,17,10,7,2,False,False,0.86,2.6,40,0,2026-07-10T16:42:30.425852
TXN-03158,CUST-4160,3104,Net Banking,SUCCESS,,NEW,11,30,0,30,1,False,True,0.76,3.6,47,0,2026-08-07T16:42:30.425852
TXN-03159,CUST-7545,9019,Credit Card,FAILED,CARD_EXPIRED,NEW,30,23,6,17,2,False,False,0.6,6.2,56,2,2026-08-12T16:42:30.425852
TXN-03160,CUST-6550,1874,Debit Card,SUCCESS,,REGULAR,31,18,16,2,3,True,False,0.93,6.8,39,0,2026-06-20T16:42:30.425852
TXN-03161,CUST-9533,15724,Debit Card,SUCCESS,,LOYAL,36,28,14,14,1,True,True,0.17,2.7,6,0,2026-06-28T16:42:30.425852
TXN-03162,CUST-2794,14372,Credit Card,SUCCESS,,NEW,10,3,1,2,1,False,True,0.38,5.5,5,0,2026-08-26T16:42:30.425852
TXN-03163,CUST-5994,3033,UPI,SUCCESS,,LOYAL,31,23,5,18,0,False,True,0.48,0.5,37,0,2026-07-11T16:42:30.425852
TXN-03164,CUST-5647,438,Net Banking,SUCCESS,,LOYAL,14,28,21,7,1,True,True,0.24,0.1,37,0,2026-08-18T16:42:30.425852
TXN-03165,CUST-7560,821,Wallet,SUCCESS,,NEW,9,16,2,14,1,False,False,0.86,2.4,54,0,2026-07-31T16:42:30.425852
TXN-03166,CUST-2988,4234,Credit Card,SUCCESS,,REGULAR,2,14,13,1,1,True,False,0.28,0.4,46,0,2026-08-27T16:42:30.425852
TXN-03167,CUST-6090,2483,Debit Card,SUCCESS,,LOYAL,16,12,12,0,0,False,False,0.65,6.0,37,0,2026-07-13T16:42:30.425852
TXN-03168,CUST-5817,342,Credit Card,SUCCESS,,LOYAL,10,25,16,9,0,False,False,0.91,6.0,58,0,2026-07-12T16:42:30.425852
TXN-03169,CUST-9133,2193,UPI,SUCCESS,,NEW,22,9,5,4,0,False,False,0.17,6.5,33,0,2026-06-18T16:42:30.425852
TXN-03170,CUST-1687,937,Debit Card,SUCCESS,,LOYAL,25,20,19,1,1,True,False,0.59,6.1,3,0,2026-06-11T16:42:30.425852
TXN-03171,CUST-5637,1196,Net Banking,SUCCESS,,NEW,18,3,1,2,0,False,True,0.44,5.2,36,0,2026-07-18T16:42:30.425852
TXN-03172,CUST-5992,1506,Wallet,SUCCESS,,NEW,36,12,3,9,1,False,False,0.62,4.7,16,0,2026-08-05T16:42:30.425852
TXN-03173,CUST-7258,13700,Debit Card,SUCCESS,,NEW,15,3,2,1,0,False,False,0.35,6.9,24,0,2026-06-13T16:42:30.425852
TXN-03174,CUST-7208,4446,Debit Card,SUCCESS,,NEW,18,10,3,7,0,False,True,0.59,3.9,29,0,2026-07-29T16:42:30.425852
TXN-03175,CUST-7173,11074,Credit Card,FAILED,CARD_EXPIRED,REGULAR,33,27,0,27,1,False,True,0.54,3.3,21,0,2026-07-04T16:42:30.425852
TXN-03176,CUST-9327,11898,Credit Card,SUCCESS,,AT_RISK,31,5,3,2,3,True,False,0.52,6.1,5,0,2026-07-15T16:42:30.425852
TXN-03177,CUST-5010,442,Debit Card,SUCCESS,,LOYAL,3,9,4,5,2,False,False,0.46,6.2,29,0,2026-07-01T16:42:30.425852
TXN-03178,CUST-2030,1921,Debit Card,SUCCESS,,REGULAR,17,30,9,21,2,False,True,0.29,5.5,32,0,2026-08-11T16:42:30.425852
TXN-03179,CUST-1312,4434,Debit Card,SUCCESS,,NEW,22,12,12,0,3,False,False,0.84,1.8,17,0,2026-08-20T16:42:30.425852
TXN-03180,CUST-4002,14255,Credit Card,SUCCESS,,AT_RISK,20,7,0,7,2,True,True,0.52,6.4,56,0,2026-06-30T16:42:30.425852
TXN-03181,CUST-2425,611,Net Banking,FAILED,CARD_EXPIRED,NEW,17,13,2,11,3,True,True,0.51,1.3,43,3,2026-06-21T16:42:30.425852
TXN-03182,CUST-1387,573,UPI,SUCCESS,,AT_RISK,23,13,13,0,1,False,False,0.19,2.3,47,0,2026-08-22T16:42:30.425852
TXN-03183,CUST-1475,15628,UPI,SUCCESS,,LOYAL,11,6,2,4,1,True,False,0.71,2.1,6,0,2026-08-31T16:42:30.425852
TXN-03184,CUST-1992,11998,Credit Card,SUCCESS,,REGULAR,5,8,2,6,2,True,True,0.28,0.7,30,0,2026-07-21T16:42:30.425852
TXN-03185,CUST-7567,2279,Credit Card,SUCCESS,,NEW,6,7,5,2,1,False,True,0.38,4.1,16,0,2026-06-23T16:42:30.425852
TXN-03186,CUST-6020,2507,Credit Card,SUCCESS,,REGULAR,32,6,3,3,1,True,False,0.91,4.0,47,0,2026-08-02T16:42:30.425852
TXN-03187,CUST-7889,2038,UPI,SUCCESS,,NEW,22,11,10,1,0,False,False,0.32,2.3,37,0,2026-06-06T16:42:30.425852
TXN-03188,CUST-5207,3917,UPI,SUCCESS,,REGULAR,11,12,9,3,1,False,True,0.13,0.4,55,0,2026-08-06T16:42:30.425852
TXN-03189,CUST-5988,977,Debit Card,FAILED,CUSTOMER_ABANDONED,AT_RISK,25,11,3,8,0,False,True,0.22,4.3,49,1,2026-06-23T16:42:30.425852
TXN-03190,CUST-4929,756,Wallet,SUCCESS,,NEW,13,19,7,12,1,True,False,0.93,6.7,12,0,2026-08-07T16:42:30.425852
TXN-03191,CUST-8500,13604,Net Banking,SUCCESS,,REGULAR,19,10,9,1,3,False,False,0.82,1.6,18,0,2026-06-21T16:42:30.425852
TXN-03192,CUST-1152,548,UPI,SUCCESS,,AT_RISK,5,27,13,14,1,False,False,0.64,5.2,6,0,2026-07-30T16:42:30.425852
TXN-03193,CUST-6924,13958,UPI,SUCCESS,,REGULAR,8,15,11,4,2,True,False,0.61,2.3,49,0,2026-08-30T16:42:30.425852
TXN-03194,CUST-5033,349,Wallet,SUCCESS,,AT_RISK,20,16,4,12,2,True,False,0.71,0.3,59,0,2026-07-06T16:42:30.425852
TXN-03195,CUST-5783,6211,UPI,SUCCESS,,AT_RISK,4,27,10,17,3,True,True,0.63,0.3,55,0,2026-08-31T16:42:30.425852
TXN-03196,CUST-8290,3585,Debit Card,SUCCESS,,AT_RISK,31,30,21,9,2,True,False,0.56,5.5,56,0,2026-07-03T16:42:30.425852
TXN-03197,CUST-7454,15097,Debit Card,SUCCESS,,REGULAR,19,6,4,2,0,False,True,0.62,5.2,10,0,2026-07-30T16:42:30.425852
TXN-03198,CUST-6559,3936,Debit Card,SUCCESS,,NEW,36,12,12,0,1,False,False,0.66,1.3,19,0,2026-07-16T16:42:30.425852
TXN-03199,CUST-5471,2372,Debit Card,SUCCESS,,AT_RISK,27,12,0,12,3,True,True,0.36,4.8,36,0,2026-07-10T16:42:30.425852
TXN-03200,CUST-3148,8085,Net Banking,SUCCESS,,REGULAR,30,27,16,11,1,True,True,0.77,2.8,40,0,2026-08-28T16:42:30.425852
TXN-03201,CUST-7122,6999,UPI,FAILED,INSUFFICIENT_FUNDS,LOYAL,16,16,11,5,2,False,True,0.49,0.9,7,0,2026-08-26T16:42:30.425852
TXN-03202,CUST-8952,9441,Net Banking,SUCCESS,,AT_RISK,34,7,6,1,1,False,True,0.75,3.9,17,0,2026-06-10T16:42:30.425852
TXN-03203,CUST-3301,541,Wallet,FAILED,NETWORK_TIMEOUT,NEW,16,16,11,5,2,False,True,0.21,2.7,52,3,2026-07-03T16:42:30.425852
TXN-03204,CUST-9493,4417,Wallet,SUCCESS,,NEW,8,9,8,1,0,False,False,0.36,3.6,59,0,2026-06-27T16:42:30.425852
TXN-03205,CUST-1118,1321,Net Banking,SUCCESS,,LOYAL,16,3,0,3,0,False,True,0.76,3.5,51,0,2026-06-19T16:42:30.425852
TXN-03206,CUST-2207,422,Wallet,SUCCESS,,REGULAR,20,13,8,5,0,False,True,0.76,6.6,1,0,2026-06-12T16:42:30.425852
TXN-03207,CUST-3963,4102,Net Banking,SUCCESS,,NEW,16,9,8,1,0,False,True,0.12,3.4,58,0,2026-07-14T16:42:30.425852
TXN-03208,CUST-5685,3556,UPI,SUCCESS,,AT_RISK,31,16,2,14,1,False,False,0.4,3.4,58,0,2026-07-05T16:42:30.425852
TXN-03209,CUST-3094,18422,Net Banking,SUCCESS,,NEW,14,22,20,2,2,False,True,0.79,2.7,29,0,2026-08-05T16:42:30.425852
TXN-03210,CUST-4194,7898,Net Banking,SUCCESS,,REGULAR,31,3,2,1,0,False,True,0.7,3.4,17,0,2026-06-19T16:42:30.425852
TXN-03211,CUST-7573,1683,Net Banking,FAILED,INSUFFICIENT_FUNDS,NEW,25,12,4,8,0,False,True,0.31,5.0,42,0,2026-06-30T16:42:30.425852
TXN-03212,CUST-4048,12138,UPI,SUCCESS,,LOYAL,2,4,4,0,3,True,False,0.15,2.6,33,0,2026-07-27T16:42:30.425852
TXN-03213,CUST-8592,13112,Debit Card,SUCCESS,,REGULAR,26,18,6,12,2,False,False,0.38,1.6,33,0,2026-07-18T16:42:30.425852
TXN-03214,CUST-6457,4089,Credit Card,FAILED,CUSTOMER_ABANDONED,NEW,18,30,8,22,2,True,True,0.35,6.9,52,3,2026-07-13T16:42:30.425852
TXN-03215,CUST-2200,877,Debit Card,FAILED,PAYMENT_DECLINED,NEW,23,12,11,1,3,False,False,0.6,0.6,26,0,2026-07-22T16:42:30.425852
TXN-03216,CUST-7649,3989,Wallet,SUCCESS,,REGULAR,29,27,9,18,1,True,False,0.75,4.3,59,0,2026-07-28T16:42:30.425852
TXN-03217,CUST-8216,2391,Net Banking,SUCCESS,,REGULAR,23,7,2,5,2,True,True,0.16,6.7,54,0,2026-06-18T16:42:30.425852
TXN-03218,CUST-1766,613,Credit Card,SUCCESS,,AT_RISK,11,13,7,6,0,False,False,0.67,3.8,54,0,2026-07-13T16:42:30.425852
TXN-03219,CUST-4332,19727,Credit Card,FAILED,PAYMENT_DECLINED,REGULAR,25,12,11,1,2,False,False,0.17,3.9,46,1,2026-08-31T16:42:30.425852
TXN-03220,CUST-3385,2905,Wallet,SUCCESS,,NEW,12,28,14,14,3,True,True,0.18,7.0,49,0,2026-08-01T16:42:30.425852
TXN-03221,CUST-6555,3465,Net Banking,SUCCESS,,REGULAR,6,26,7,19,0,False,True,0.32,5.1,54,0,2026-07-17T16:42:30.425852
TXN-03222,CUST-9544,17143,UPI,SUCCESS,,LOYAL,34,16,15,1,2,False,False,0.17,0.7,19,0,2026-07-12T16:42:30.425852
TXN-03223,CUST-1612,4289,Wallet,SUCCESS,,AT_RISK,34,13,5,8,2,False,True,0.29,4.6,23,0,2026-07-05T16:42:30.425852
TXN-03224,CUST-4246,863,Net Banking,SUCCESS,,REGULAR,1,30,11,19,3,True,False,0.18,3.4,18,0,2026-06-16T16:42:30.425852
TXN-03225,CUST-9708,18931,Debit Card,SUCCESS,,NEW,9,30,2,28,1,True,False,0.55,5.7,11,0,2026-07-16T16:42:30.425852
TXN-03226,CUST-4268,1327,UPI,FAILED,CUSTOMER_ABANDONED,REGULAR,30,3,2,1,3,False,False,0.64,4.2,19,3,2026-06-11T16:42:30.425852
TXN-03227,CUST-1048,1722,UPI,FAILED,INSUFFICIENT_FUNDS,AT_RISK,31,12,3,9,0,False,True,0.54,4.5,20,3,2026-06-13T16:42:30.425852
TXN-03228,CUST-7416,825,Net Banking,FAILED,CARD_EXPIRED,REGULAR,20,14,11,3,0,False,True,0.16,4.4,29,2,2026-07-21T16:42:30.425852
TXN-03229,CUST-7752,288,Wallet,SUCCESS,,NEW,2,27,7,20,3,True,True,0.54,1.1,46,0,2026-08-19T16:42:30.425852
TXN-03230,CUST-5355,3997,Credit Card,SUCCESS,,AT_RISK,4,27,16,11,0,False,True,0.76,6.5,8,0,2026-08-17T16:42:30.425852
TXN-03231,CUST-1558,15704,UPI,SUCCESS,,LOYAL,17,16,9,7,0,False,True,0.41,1.4,55,0,2026-08-31T16:42:30.425852
TXN-03232,CUST-2103,788,UPI,SUCCESS,,NEW,7,14,12,2,1,False,True,0.1,3.5,40,0,2026-08-29T16:42:30.425852
TXN-03233,CUST-5250,11284,Debit Card,SUCCESS,,LOYAL,1,3,0,3,1,False,False,0.27,3.2,15,0,2026-06-08T16:42:30.425852
TXN-03234,CUST-2450,6587,Debit Card,SUCCESS,,AT_RISK,2,14,0,14,2,False,True,0.91,2.4,30,0,2026-07-20T16:42:30.425852
TXN-03235,CUST-4681,18336,Net Banking,SUCCESS,,REGULAR,23,14,0,14,1,True,True,0.7,2.9,55,0,2026-08-31T16:42:30.425852
TXN-03236,CUST-1388,694,Debit Card,SUCCESS,,REGULAR,19,23,17,6,3,True,False,0.68,2.1,53,0,2026-06-30T16:42:30.425852
TXN-03237,CUST-1095,16130,Net Banking,FAILED,BANK_ERROR,NEW,35,14,14,0,0,False,True,0.38,6.3,39,0,2026-06-26T16:42:30.425852
TXN-03238,CUST-3740,977,Net Banking,SUCCESS,,NEW,26,29,28,1,1,False,False,0.13,6.5,3,0,2026-08-17T16:42:30.425852
TXN-03239,CUST-5002,3730,UPI,SUCCESS,,REGULAR,31,13,8,5,2,False,False,0.28,4.7,3,0,2026-08-08T16:42:30.425852
TXN-03240,CUST-5519,16749,Wallet,SUCCESS,,LOYAL,3,6,3,3,3,True,True,0.61,2.6,12,0,2026-07-03T16:42:30.425852
TXN-03241,CUST-7988,3392,UPI,SUCCESS,,AT_RISK,15,11,0,11,1,False,False,0.75,1.7,52,0,2026-07-19T16:42:30.425852
TXN-03242,CUST-4184,816,Debit Card,SUCCESS,,AT_RISK,18,20,11,9,0,False,True,0.61,3.9,47,0,2026-08-22T16:42:30.425852
TXN-03243,CUST-1117,14276,UPI,SUCCESS,,REGULAR,23,3,1,2,3,True,False,0.68,0.5,10,0,2026-07-29T16:42:30.425852
TXN-03244,CUST-6204,785,Net Banking,SUCCESS,,NEW,5,5,4,1,3,False,False,0.76,0.1,48,0,2026-08-24T16:42:30.425852
TXN-03245,CUST-3212,2886,Credit Card,FAILED,INSUFFICIENT_FUNDS,AT_RISK,16,19,7,12,0,False,False,0.93,5.0,18,2,2026-07-31T16:42:30.425852
TXN-03246,CUST-4846,549,Credit Card,SUCCESS,,LOYAL,24,2,2,0,1,True,False,0.44,5.6,56,0,2026-09-02T16:42:30.425852
TXN-03247,CUST-4806,832,Credit Card,FAILED,INSUFFICIENT_FUNDS,AT_RISK,12,22,22,0,2,True,False,0.7,0.1,24,1,2026-08-27T16:42:30.425852
TXN-03248,CUST-3264,437,Wallet,SUCCESS,,AT_RISK,11,16,15,1,3,True,True,0.76,3.1,49,0,2026-08-16T16:42:30.425852
TXN-03249,CUST-5728,964,Wallet,SUCCESS,,NEW,27,3,1,2,1,True,True,0.48,2.2,42,0,2026-07-21T16:42:30.425852
TXN-03250,CUST-6277,4584,Credit Card,SUCCESS,,AT_RISK,31,16,0,16,1,True,False,0.56,0.4,21,0,2026-06-24T16:42:30.425852
TXN-03251,CUST-1020,3864,Wallet,FAILED,CUSTOMER_ABANDONED,LOYAL,24,21,2,19,3,True,False,0.91,0.7,13,3,2026-06-18T16:42:30.425852
TXN-03252,CUST-1613,384,Wallet,SUCCESS,,AT_RISK,32,28,24,4,0,False,False,0.91,3.2,7,0,2026-07-15T16:42:30.425852
TXN-03253,CUST-2342,5660,Debit Card,SUCCESS,,LOYAL,29,21,20,1,0,False,True,0.51,6.1,22,0,2026-08-03T16:42:30.425852
TXN-03254,CUST-8882,321,Net Banking,SUCCESS,,NEW,2,18,7,11,2,False,True,0.32,0.9,45,0,2026-08-26T16:42:30.425852
TXN-03255,CUST-9474,1144,Credit Card,FAILED,PAYMENT_DECLINED,REGULAR,24,27,2,25,2,False,True,0.73,6.3,47,1,2026-08-21T16:42:30.425852
TXN-03256,CUST-3237,387,Wallet,SUCCESS,,LOYAL,19,13,13,0,0,False,False,0.79,0.4,32,0,2026-08-24T16:42:30.425852
TXN-03257,CUST-7107,2223,UPI,SUCCESS,,AT_RISK,25,16,5,11,3,False,True,0.66,6.7,25,0,2026-06-11T16:42:30.425852
TXN-03258,CUST-3161,3760,Credit Card,SUCCESS,,AT_RISK,33,22,14,8,3,False,False,0.19,4.9,31,0,2026-08-08T16:42:30.425852
TXN-03259,CUST-9123,3064,Net Banking,SUCCESS,,LOYAL,29,22,3,19,2,True,False,0.61,2.4,4,0,2026-07-08T16:42:30.425852
TXN-03260,CUST-3549,5210,Net Banking,FAILED,BANK_ERROR,REGULAR,21,26,17,9,2,False,False,0.29,3.5,37,2,2026-07-17T16:42:30.425852
TXN-03261,CUST-9568,371,Credit Card,SUCCESS,,NEW,27,26,14,12,0,False,False,0.32,3.9,46,0,2026-08-27T16:42:30.425852
TXN-03262,CUST-7258,3903,UPI,SUCCESS,,AT_RISK,22,5,3,2,2,True,True,0.81,6.9,46,0,2026-08-03T16:42:30.425852
TXN-03263,CUST-3658,3694,Wallet,SUCCESS,,REGULAR,14,28,11,17,0,False,False,0.4,1.5,52,0,2026-08-12T16:42:30.425852
TXN-03264,CUST-4515,518,Debit Card,SUCCESS,,AT_RISK,3,22,12,10,3,False,False,0.29,3.1,41,0,2026-08-25T16:42:30.425852
TXN-03265,CUST-1322,4624,Debit Card,SUCCESS,,NEW,31,9,4,5,1,True,False,0.4,4.3,22,0,2026-06-19T16:42:30.425852
TXN-03266,CUST-8377,343,Wallet,FAILED,CUSTOMER_ABANDONED,NEW,30,30,3,27,3,True,True,0.31,4.5,36,0,2026-06-23T16:42:30.425852
TXN-03267,CUST-7704,9381,UPI,SUCCESS,,REGULAR,26,4,3,1,2,False,False,0.86,0.6,12,0,2026-06-30T16:42:30.425852
TXN-03268,CUST-8921,876,Credit Card,FAILED,CARD_EXPIRED,REGULAR,36,21,1,20,0,False,False,0.12,5.5,5,1,2026-08-23T16:42:30.425852
TXN-03269,CUST-7810,4049,Net Banking,SUCCESS,,NEW,32,7,0,7,0,False,True,0.46,2.4,12,0,2026-08-11T16:42:30.425852
TXN-03270,CUST-6655,3901,Net Banking,FAILED,PAYMENT_DECLINED,NEW,1,9,0,9,2,False,True,0.84,0.3,50,2,2026-06-14T16:42:30.425852
TXN-03271,CUST-4076,4242,Net Banking,FAILED,CUSTOMER_ABANDONED,NEW,29,16,2,14,1,True,False,0.65,6.4,31,2,2026-07-16T16:42:30.425852
TXN-03272,CUST-3334,3260,Credit Card,SUCCESS,,LOYAL,35,29,18,11,1,True,False,0.37,0.1,51,0,2026-07-31T16:42:30.425852
TXN-03273,CUST-1590,4647,Debit Card,SUCCESS,,LOYAL,11,14,10,4,2,True,True,0.56,2.3,21,0,2026-06-29T16:42:30.425852
TXN-03274,CUST-7063,16373,UPI,SUCCESS,,AT_RISK,16,8,5,3,1,True,True,0.16,3.0,47,0,2026-07-21T16:42:30.425852
TXN-03275,CUST-4742,16486,UPI,SUCCESS,,LOYAL,33,4,1,3,3,True,False,0.14,5.7,34,0,2026-08-18T16:42:30.425852
TXN-03276,CUST-5981,10750,UPI,SUCCESS,,LOYAL,36,29,4,25,1,True,True,0.7,2.9,38,0,2026-07-14T16:42:30.425852
TXN-03277,CUST-7392,15590,Debit Card,SUCCESS,,REGULAR,20,22,8,14,3,False,False,0.52,4.3,49,0,2026-07-08T16:42:30.425852
TXN-03278,CUST-6510,236,Credit Card,SUCCESS,,AT_RISK,22,28,4,24,1,True,False,0.36,0.8,24,0,2026-08-25T16:42:30.425852
TXN-03279,CUST-7199,996,Wallet,SUCCESS,,AT_RISK,28,3,1,2,3,False,True,0.48,2.4,2,0,2026-06-19T16:42:30.425852
TXN-03280,CUST-8265,501,UPI,SUCCESS,,AT_RISK,21,3,1,2,3,True,False,0.49,4.7,37,0,2026-08-07T16:42:30.425852
TXN-03281,CUST-6018,434,UPI,FAILED,CARD_EXPIRED,NEW,11,9,5,4,0,False,False,0.39,5.7,46,3,2026-06-17T16:42:30.425852
TXN-03282,CUST-9900,671,Credit Card,SUCCESS,,REGULAR,11,19,11,8,3,True,True,0.25,5.0,47,0,2026-06-21T16:42:30.425852
TXN-03283,CUST-5905,275,Net Banking,SUCCESS,,AT_RISK,5,30,3,27,0,False,False,0.94,5.3,5,0,2026-08-05T16:42:30.425852
TXN-03284,CUST-6694,15136,Credit Card,SUCCESS,,REGULAR,35,12,12,0,2,False,False,0.33,3.2,32,0,2026-08-22T16:42:30.425852
TXN-03285,CUST-3645,1335,UPI,SUCCESS,,LOYAL,13,13,11,2,1,True,True,0.89,4.6,8,0,2026-09-01T16:42:30.425852
TXN-03286,CUST-6519,1764,Credit Card,SUCCESS,,AT_RISK,1,3,0,3,3,True,False,0.45,2.9,5,0,2026-09-04T16:42:30.425852
TXN-03287,CUST-1325,4619,Debit Card,SUCCESS,,AT_RISK,14,24,5,19,1,False,False,0.13,0.2,13,0,2026-08-17T16:42:30.425852
TXN-03288,CUST-1007,769,UPI,SUCCESS,,REGULAR,17,26,26,0,2,False,True,0.72,5.6,58,0,2026-08-28T16:42:30.425852
TXN-03289,CUST-3361,19012,Credit Card,FAILED,PAYMENT_DECLINED,REGULAR,25,24,16,8,2,True,False,0.92,5.1,59,1,2026-08-30T16:42:30.425852
TXN-03290,CUST-6441,1145,UPI,SUCCESS,,LOYAL,11,10,7,3,2,True,True,0.64,2.0,8,0,2026-07-22T16:42:30.425852
TXN-03291,CUST-2979,2122,UPI,FAILED,PAYMENT_DECLINED,REGULAR,6,24,13,11,0,False,True,0.5,2.8,55,2,2026-08-02T16:42:30.425852
TXN-03292,CUST-1393,2282,Net Banking,FAILED,PAYMENT_DECLINED,LOYAL,26,21,18,3,3,False,True,0.86,5.9,12,2,2026-07-10T16:42:30.425852
TXN-03293,CUST-5519,11588,Credit Card,SUCCESS,,LOYAL,8,12,11,1,1,True,True,0.3,1.2,31,0,2026-06-28T16:42:30.425852
TXN-03294,CUST-7495,486,UPI,FAILED,NETWORK_TIMEOUT,NEW,3,24,19,5,1,False,False,0.91,4.1,39,3,2026-06-22T16:42:30.425852
TXN-03295,CUST-6805,2218,UPI,SUCCESS,,REGULAR,32,13,10,3,2,False,False,0.69,6.5,1,0,2026-06-24T16:42:30.425852
TXN-03296,CUST-2103,701,UPI,SUCCESS,,AT_RISK,13,29,13,16,2,False,False,0.79,5.6,2,0,2026-07-08T16:42:30.425852
TXN-03297,CUST-9184,3040,Net Banking,SUCCESS,,NEW,24,9,8,1,1,True,False,0.11,1.5,57,0,2026-08-20T16:42:30.425852
TXN-03298,CUST-2651,2534,UPI,FAILED,CUSTOMER_ABANDONED,NEW,9,17,9,8,0,False,True,0.66,4.7,54,2,2026-06-20T16:42:30.425852
TXN-03299,CUST-2357,986,Wallet,SUCCESS,,NEW,2,24,6,18,2,False,False,0.83,3.9,47,0,2026-08-22T16:42:30.425852
TXN-03300,CUST-2858,14325,Wallet,SUCCESS,,LOYAL,30,12,4,8,3,True,True,0.9,0.4,16,0,2026-07-31T16:42:30.425852
TXN-03301,CUST-5156,17031,UPI,SUCCESS,,LOYAL,25,5,2,3,2,True,True,0.92,6.1,58,0,2026-07-14T16:42:30.425852
TXN-03302,CUST-5473,582,Debit Card,SUCCESS,,LOYAL,32,5,4,1,3,True,False,0.61,5.0,35,0,2026-06-30T16:42:30.425852
TXN-03303,CUST-4173,2642,UPI,FAILED,INSUFFICIENT_FUNDS,NEW,12,15,12,3,2,True,True,0.35,6.1,10,3,2026-09-02T16:42:30.425852
TXN-03304,CUST-7471,6226,Debit Card,SUCCESS,,REGULAR,4,14,12,2,3,False,False,0.69,2.0,10,0,2026-08-16T16:42:30.425852
TXN-03305,CUST-1085,709,Net Banking,SUCCESS,,NEW,24,4,1,3,1,True,True,0.82,1.7,4,0,2026-06-25T16:42:30.425852
TXN-03306,CUST-6397,15414,Debit Card,SUCCESS,,LOYAL,14,27,23,4,2,False,True,0.36,3.5,38,0,2026-08-05T16:42:30.425852
TXN-03307,CUST-5771,10118,Credit Card,FAILED,PAYMENT_DECLINED,LOYAL,22,9,9,0,2,True,False,0.25,5.7,37,1,2026-06-22T16:42:30.425852
TXN-03308,CUST-9491,13475,UPI,SUCCESS,,LOYAL,14,17,8,9,1,True,True,0.94,2.4,54,0,2026-08-21T16:42:30.425852
TXN-03309,CUST-1801,2622,Credit Card,SUCCESS,,NEW,29,17,13,4,1,True,True,0.59,3.2,39,0,2026-08-16T16:42:30.425852
TXN-03310,CUST-4621,854,Wallet,FAILED,CUSTOMER_ABANDONED,LOYAL,30,25,4,21,0,False,False,0.31,3.1,33,2,2026-06-09T16:42:30.425852
TXN-03311,CUST-9765,3088,Wallet,SUCCESS,,LOYAL,17,28,5,23,3,False,True,0.86,4.8,58,0,2026-06-26T16:42:30.425852
TXN-03312,CUST-6599,782,Net Banking,FAILED,BANK_ERROR,LOYAL,15,1,1,0,0,False,False,0.77,4.3,8,0,2026-08-06T16:42:30.425852
TXN-03313,CUST-3121,249,Wallet,SUCCESS,,REGULAR,34,1,0,1,1,True,True,0.51,1.0,21,0,2026-07-13T16:42:30.425852
TXN-03314,CUST-4480,3723,Credit Card,FAILED,CUSTOMER_ABANDONED,NEW,6,21,2,19,2,False,True,0.91,2.0,43,2,2026-07-16T16:42:30.425852
TXN-03315,CUST-8060,614,Net Banking,SUCCESS,,LOYAL,9,8,1,7,2,True,True,0.39,0.0,58,0,2026-08-23T16:42:30.425852
TXN-03316,CUST-6569,17088,Wallet,FAILED,CUSTOMER_ABANDONED,REGULAR,29,14,3,11,3,True,False,0.22,5.3,37,3,2026-06-08T16:42:30.425852
TXN-03317,CUST-7700,363,Wallet,SUCCESS,,AT_RISK,5,11,1,10,2,True,True,0.71,0.1,39,0,2026-06-28T16:42:30.425852
TXN-03318,CUST-1801,1840,Wallet,SUCCESS,,LOYAL,13,24,14,10,3,False,True,0.71,6.6,24,0,2026-07-06T16:42:30.425852
TXN-03319,CUST-6158,15986,Wallet,SUCCESS,,AT_RISK,6,4,2,2,2,False,False,0.93,1.6,58,0,2026-06-24T16:42:30.425852
TXN-03320,CUST-2662,2746,Wallet,FAILED,CUSTOMER_ABANDONED,AT_RISK,32,20,5,15,1,True,False,0.51,1.7,13,0,2026-07-14T16:42:30.425852
TXN-03321,CUST-9990,4046,UPI,SUCCESS,,AT_RISK,14,28,8,20,2,True,False,0.6,0.5,52,0,2026-08-30T16:42:30.425852
TXN-03322,CUST-1471,14037,Net Banking,SUCCESS,,AT_RISK,19,22,0,22,3,True,True,0.25,5.1,45,0,2026-07-18T16:42:30.425852
TXN-03323,CUST-4674,404,Credit Card,FAILED,CARD_EXPIRED,NEW,2,23,11,12,3,True,True,0.86,3.6,11,1,2026-08-06T16:42:30.425852
TXN-03324,CUST-3293,854,Credit Card,SUCCESS,,AT_RISK,17,4,2,2,0,False,True,0.32,3.1,2,0,2026-08-13T16:42:30.425852
TXN-03325,CUST-4756,10248,Wallet,FAILED,BANK_ERROR,REGULAR,27,10,5,5,3,False,False,0.35,5.7,22,1,2026-06-14T16:42:30.425852
TXN-03326,CUST-6497,7331,Wallet,SUCCESS,,LOYAL,18,27,24,3,3,True,False,0.69,4.6,20,0,2026-08-10T16:42:30.425852
TXN-03327,CUST-9324,930,Net Banking,SUCCESS,,LOYAL,16,4,4,0,1,True,True,0.24,1.6,34,0,2026-08-01T16:42:30.425852
TXN-03328,CUST-2718,17697,UPI,SUCCESS,,LOYAL,12,29,16,13,0,False,True,0.36,4.8,50,0,2026-06-06T16:42:30.425852
TXN-03329,CUST-5360,5866,Net Banking,SUCCESS,,NEW,35,18,15,3,0,False,True,0.86,3.1,7,0,2026-08-28T16:42:30.425852
TXN-03330,CUST-7392,2581,Net Banking,SUCCESS,,LOYAL,11,14,8,6,2,False,True,0.7,4.9,46,0,2026-07-24T16:42:30.425852
TXN-03331,CUST-2460,3595,Debit Card,SUCCESS,,NEW,5,7,7,0,1,True,False,0.53,5.8,34,0,2026-06-23T16:42:30.425852
TXN-03332,CUST-6416,4490,Net Banking,FAILED,CUSTOMER_ABANDONED,AT_RISK,30,17,6,11,0,False,False,0.77,1.7,56,2,2026-06-26T16:42:30.425852
TXN-03333,CUST-2584,2586,Net Banking,SUCCESS,,NEW,4,9,3,6,0,False,False,0.64,5.9,33,0,2026-07-14T16:42:30.425852
TXN-03334,CUST-6092,17371,Net Banking,SUCCESS,,REGULAR,32,30,25,5,3,True,False,0.35,2.2,56,0,2026-06-22T16:42:30.425852
TXN-03335,CUST-6120,10502,Wallet,SUCCESS,,AT_RISK,7,19,14,5,3,False,True,0.26,7.0,48,0,2026-06-09T16:42:30.425852
TXN-03336,CUST-9390,9390,UPI,SUCCESS,,LOYAL,2,10,2,8,3,True,False,0.12,0.5,33,0,2026-07-16T16:42:30.425852
TXN-03337,CUST-1420,2375,Wallet,SUCCESS,,AT_RISK,29,13,12,1,0,False,False,0.17,1.1,60,0,2026-07-06T16:42:30.425852
TXN-03338,CUST-1927,913,Wallet,SUCCESS,,AT_RISK,30,2,1,1,0,False,True,0.57,0.9,48,0,2026-07-29T16:42:30.425852
TXN-03339,CUST-3119,13752,Net Banking,SUCCESS,,AT_RISK,13,16,16,0,1,False,True,0.65,2.5,11,0,2026-07-15T16:42:30.425852
TXN-03340,CUST-3614,10911,Credit Card,FAILED,CUSTOMER_ABANDONED,REGULAR,10,5,5,0,3,True,True,0.13,6.9,35,2,2026-06-30T16:42:30.425852
TXN-03341,CUST-5272,8697,UPI,FAILED,CARD_EXPIRED,AT_RISK,25,29,17,12,3,False,False,0.27,1.5,22,0,2026-06-29T16:42:30.425852
TXN-03342,CUST-9726,7370,Credit Card,SUCCESS,,AT_RISK,20,5,3,2,1,True,True,0.24,0.2,31,0,2026-06-24T16:42:30.425852
TXN-03343,CUST-9041,1255,UPI,FAILED,INSUFFICIENT_FUNDS,NEW,5,10,3,7,2,False,True,0.84,5.1,27,3,2026-07-02T16:42:30.425852
TXN-03344,CUST-4861,18530,Net Banking,SUCCESS,,NEW,32,18,5,13,1,False,False,0.49,0.7,13,0,2026-08-06T16:42:30.425852
TXN-03345,CUST-9704,984,Net Banking,SUCCESS,,LOYAL,1,1,1,0,0,False,False,0.43,2.9,54,0,2026-08-03T16:42:30.425852
TXN-03346,CUST-2973,18456,Credit Card,FAILED,NETWORK_TIMEOUT,NEW,14,16,14,2,1,True,True,0.39,6.6,1,3,2026-08-18T16:42:30.425852
TXN-03347,CUST-9301,1432,Wallet,FAILED,BANK_ERROR,NEW,18,20,6,14,2,True,True,0.71,5.2,17,0,2026-07-11T16:42:30.425852
TXN-03348,CUST-5766,15748,Wallet,SUCCESS,,LOYAL,18,5,1,4,3,True,False,0.28,4.1,60,0,2026-06-30T16:42:30.425852
TXN-03349,CUST-7370,1973,Debit Card,SUCCESS,,NEW,36,25,20,5,1,False,True,0.2,7.0,12,0,2026-07-07T16:42:30.425852
TXN-03350,CUST-2448,19431,Net Banking,SUCCESS,,LOYAL,2,13,13,0,2,False,False,0.43,1.2,26,0,2026-06-13T16:42:30.425852
TXN-03351,CUST-1500,3422,Net Banking,SUCCESS,,LOYAL,8,10,2,8,2,True,False,0.22,6.6,53,0,2026-08-19T16:42:30.425852
TXN-03352,CUST-1019,535,Wallet,FAILED,CUSTOMER_ABANDONED,AT_RISK,8,30,12,18,2,True,False,0.27,6.6,51,0,2026-06-23T16:42:30.425852
TXN-03353,CUST-2141,7988,Debit Card,SUCCESS,,REGULAR,22,26,0,26,0,False,True,0.72,3.2,29,0,2026-07-26T16:42:30.425852
TXN-03354,CUST-2113,498,UPI,SUCCESS,,REGULAR,6,3,1,2,3,False,False,0.81,4.7,19,0,2026-07-22T16:42:30.425852
TXN-03355,CUST-2314,439,Credit Card,FAILED,BANK_ERROR,LOYAL,22,2,0,2,3,True,True,0.54,2.8,50,1,2026-09-02T16:42:30.425852
TXN-03356,CUST-6491,11458,UPI,SUCCESS,,NEW,25,2,0,2,2,False,False,0.74,6.1,47,0,2026-07-03T16:42:30.425852
TXN-03357,CUST-7284,750,Net Banking,SUCCESS,,NEW,24,7,2,5,3,False,True,0.27,1.4,49,0,2026-06-18T16:42:30.425852
TXN-03358,CUST-4222,2586,Debit Card,FAILED,CUSTOMER_ABANDONED,LOYAL,10,18,12,6,1,True,True,0.18,1.5,2,1,2026-06-26T16:42:30.425852
TXN-03359,CUST-2530,4764,UPI,FAILED,CARD_EXPIRED,REGULAR,11,15,8,7,2,True,True,0.31,6.9,55,0,2026-06-29T16:42:30.425852
TXN-03360,CUST-7183,16830,Wallet,FAILED,CARD_EXPIRED,REGULAR,20,19,16,3,0,False,True,0.72,1.2,1,1,2026-07-21T16:42:30.425852
TXN-03361,CUST-6007,11782,Debit Card,SUCCESS,,AT_RISK,19,9,9,0,1,False,True,0.51,6.5,55,0,2026-07-18T16:42:30.425852
TXN-03362,CUST-2503,16408,Wallet,SUCCESS,,NEW,26,7,2,5,2,True,True,0.1,2.8,50,0,2026-07-15T16:42:30.425852
TXN-03363,CUST-5012,728,Debit Card,FAILED,BANK_ERROR,LOYAL,19,28,20,8,3,True,True,0.62,5.3,35,3,2026-06-26T16:42:30.425852
TXN-03364,CUST-1072,4428,UPI,FAILED,CUSTOMER_ABANDONED,REGULAR,17,24,22,2,1,True,True,0.62,4.3,58,1,2026-08-30T16:42:30.425852
TXN-03365,CUST-7857,531,Debit Card,FAILED,PAYMENT_DECLINED,AT_RISK,19,10,5,5,3,True,True,0.87,6.9,21,2,2026-08-30T16:42:30.425852
TXN-03366,CUST-3729,927,Net Banking,SUCCESS,,REGULAR,9,17,9,8,3,True,False,0.55,5.5,48,0,2026-06-06T16:42:30.425852
TXN-03367,CUST-7096,4779,Credit Card,FAILED,CARD_EXPIRED,AT_RISK,7,14,7,7,2,False,False,0.13,0.6,56,2,2026-08-06T16:42:30.425852
TXN-03368,CUST-8029,842,UPI,SUCCESS,,REGULAR,27,11,11,0,3,False,True,0.8,6.6,39,0,2026-08-09T16:42:30.425852
TXN-03369,CUST-1011,386,Net Banking,SUCCESS,,NEW,19,1,0,1,0,False,False,0.18,1.1,56,0,2026-06-29T16:42:30.425852
TXN-03370,CUST-2465,11488,Credit Card,SUCCESS,,AT_RISK,15,1,0,1,3,True,False,0.72,2.5,35,0,2026-07-09T16:42:30.425852
TXN-03371,CUST-2895,3969,Wallet,FAILED,CARD_EXPIRED,LOYAL,25,27,13,14,1,False,True,0.35,1.3,32,3,2026-06-11T16:42:30.425852
TXN-03372,CUST-8449,797,Debit Card,SUCCESS,,LOYAL,35,14,12,2,3,False,False,0.68,6.1,20,0,2026-07-26T16:42:30.425852
TXN-03373,CUST-7063,3222,Wallet,SUCCESS,,AT_RISK,16,21,18,3,1,True,True,0.67,3.7,29,0,2026-07-15T16:42:30.425852
TXN-03374,CUST-9750,312,Credit Card,SUCCESS,,LOYAL,28,18,11,7,0,False,False,0.65,0.2,26,0,2026-07-05T16:42:30.425852
TXN-03375,CUST-6026,10800,Wallet,SUCCESS,,REGULAR,14,19,13,6,0,False,False,0.36,5.0,21,0,2026-06-17T16:42:30.425852
TXN-03376,CUST-4030,2695,UPI,SUCCESS,,NEW,13,5,1,4,1,False,False,0.17,4.7,41,0,2026-07-21T16:42:30.425852
TXN-03377,CUST-4331,1746,Debit Card,FAILED,CUSTOMER_ABANDONED,LOYAL,3,30,23,7,0,False,True,0.6,1.4,45,0,2026-09-01T16:42:30.425852
TXN-03378,CUST-4970,10984,Wallet,FAILED,BANK_ERROR,LOYAL,10,4,2,2,0,False,False,0.16,5.6,11,1,2026-06-14T16:42:30.425852
TXN-03379,CUST-5891,4087,Net Banking,SUCCESS,,REGULAR,27,12,0,12,3,False,False,0.21,4.3,49,0,2026-07-31T16:42:30.425852
TXN-03380,CUST-3095,9749,Wallet,SUCCESS,,AT_RISK,20,24,2,22,0,False,True,0.63,0.6,37,0,2026-07-10T16:42:30.425852
TXN-03381,CUST-2688,213,Credit Card,FAILED,NETWORK_TIMEOUT,REGULAR,35,25,16,9,1,True,True,0.25,2.5,55,1,2026-06-08T16:42:30.425852
TXN-03382,CUST-8552,330,Wallet,FAILED,BANK_ERROR,LOYAL,33,19,7,12,3,True,True,0.75,4.6,21,3,2026-07-18T16:42:30.425852
TXN-03383,CUST-8386,301,Credit Card,SUCCESS,,LOYAL,1,14,5,9,0,False,True,0.77,3.7,2,0,2026-08-05T16:42:30.425852
TXN-03384,CUST-5741,840,Credit Card,SUCCESS,,REGULAR,10,13,2,11,2,True,True,0.35,2.7,22,0,2026-08-27T16:42:30.425852
TXN-03385,CUST-6635,613,Debit Card,FAILED,PAYMENT_DECLINED,AT_RISK,18,14,11,3,1,True,True,0.4,0.1,15,3,2026-07-31T16:42:30.425852
TXN-03386,CUST-8237,19985,Wallet,SUCCESS,,AT_RISK,28,26,15,11,2,True,False,0.6,3.9,25,0,2026-08-10T16:42:30.425852
TXN-03387,CUST-4729,2601,UPI,FAILED,INSUFFICIENT_FUNDS,LOYAL,27,30,11,19,1,True,False,0.4,6.0,53,0,2026-07-08T16:42:30.425852
TXN-03388,CUST-5675,840,UPI,SUCCESS,,LOYAL,26,19,4,15,1,False,False,0.17,4.0,31,0,2026-07-31T16:42:30.425852
TXN-03389,CUST-3199,2119,Credit Card,SUCCESS,,LOYAL,26,22,15,7,1,True,True,0.28,6.3,4,0,2026-08-17T16:42:30.425852
TXN-03390,CUST-2859,920,UPI,SUCCESS,,LOYAL,34,6,6,0,2,True,True,0.42,4.8,46,0,2026-06-28T16:42:30.425852
TXN-03391,CUST-5465,13595,Wallet,SUCCESS,,AT_RISK,8,19,8,11,3,False,False,0.11,0.3,39,0,2026-06-08T16:42:30.425852
TXN-03392,CUST-3284,726,Net Banking,SUCCESS,,AT_RISK,22,1,1,0,0,False,True,0.44,6.0,28,0,2026-06-22T16:42:30.425852
TXN-03393,CUST-3274,14661,Wallet,FAILED,CUSTOMER_ABANDONED,LOYAL,35,20,18,2,0,False,False,0.85,0.4,56,1,2026-06-26T16:42:30.425852
TXN-03394,CUST-6976,518,Wallet,FAILED,PAYMENT_DECLINED,AT_RISK,10,3,3,0,1,False,True,0.78,6.8,44,1,2026-08-25T16:42:30.425852
TXN-03395,CUST-4002,680,Credit Card,FAILED,INSUFFICIENT_FUNDS,AT_RISK,30,29,24,5,1,False,True,0.34,1.1,14,3,2026-08-07T16:42:30.425852
TXN-03396,CUST-1186,676,Wallet,SUCCESS,,REGULAR,24,1,1,0,2,False,False,0.33,1.3,20,0,2026-06-15T16:42:30.425852
TXN-03397,CUST-8273,13717,Net Banking,FAILED,PAYMENT_DECLINED,REGULAR,19,24,4,20,1,True,False,0.18,4.1,4,3,2026-08-28T16:42:30.425852
TXN-03398,CUST-6362,6416,Debit Card,SUCCESS,,LOYAL,21,23,11,12,1,False,True,0.85,5.6,19,0,2026-08-17T16:42:30.425852
TXN-03399,CUST-3941,4538,Wallet,FAILED,NETWORK_TIMEOUT,LOYAL,15,3,1,2,1,True,True,0.15,2.0,41,3,2026-08-04T16:42:30.425852
TXN-03400,CUST-2183,4807,Debit Card,SUCCESS,,AT_RISK,8,9,5,4,1,True,True,0.61,1.1,34,0,2026-07-01T16:42:30.425852
TXN-03401,CUST-8689,9648,Credit Card,FAILED,BANK_ERROR,NEW,14,17,8,9,3,True,True,0.77,2.7,21,3,2026-06-25T16:42:30.425852
TXN-03402,CUST-5823,1334,Net Banking,SUCCESS,,NEW,4,12,12,0,2,False,False,0.59,5.7,49,0,2026-07-30T16:42:30.425852
TXN-03403,CUST-1058,411,Debit Card,SUCCESS,,REGULAR,11,12,2,10,2,False,True,0.35,1.0,52,0,2026-06-12T16:42:30.425852
TXN-03404,CUST-7729,17611,Net Banking,SUCCESS,,AT_RISK,28,27,18,9,1,True,True,0.89,5.3,50,0,2026-09-01T16:42:30.425852
TXN-03405,CUST-8658,4053,UPI,SUCCESS,,REGULAR,23,25,0,25,2,True,False,0.71,3.7,37,0,2026-06-07T16:42:30.425852
TXN-03406,CUST-2816,5873,Debit Card,FAILED,BANK_ERROR,LOYAL,22,14,10,4,0,False,False,0.86,2.6,29,3,2026-06-09T16:42:30.425852
TXN-03407,CUST-9616,3282,Credit Card,FAILED,CUSTOMER_ABANDONED,NEW,28,3,0,3,0,False,False,0.23,4.1,29,1,2026-07-05T16:42:30.425852
TXN-03408,CUST-2345,9375,UPI,SUCCESS,,LOYAL,17,20,20,0,3,False,True,0.59,0.5,36,0,2026-06-13T16:42:30.425852
TXN-03409,CUST-2121,8868,UPI,SUCCESS,,LOYAL,5,27,9,18,0,False,False,0.4,1.9,16,0,2026-08-03T16:42:30.425852
TXN-03410,CUST-7025,6101,Debit Card,SUCCESS,,REGULAR,1,13,11,2,0,False,False,0.93,6.3,9,0,2026-08-17T16:42:30.425852
TXN-03411,CUST-8536,2727,Debit Card,SUCCESS,,LOYAL,12,18,5,13,2,True,True,0.86,2.2,59,0,2026-08-27T16:42:30.425852
TXN-03412,CUST-3158,16473,Debit Card,SUCCESS,,NEW,23,12,10,2,1,True,False,0.37,6.7,22,0,2026-07-25T16:42:30.425852
TXN-03413,CUST-1362,727,Wallet,SUCCESS,,AT_RISK,12,30,5,25,1,False,False,0.63,4.7,28,0,2026-06-13T16:42:30.425852
TXN-03414,CUST-3927,7153,UPI,FAILED,PAYMENT_DECLINED,LOYAL,6,26,7,19,1,False,False,0.43,1.2,16,0,2026-07-21T16:42:30.425852
TXN-03415,CUST-7769,3672,Credit Card,SUCCESS,,LOYAL,17,11,4,7,0,False,False,0.93,3.9,25,0,2026-07-31T16:42:30.425852
TXN-03416,CUST-2740,666,Net Banking,SUCCESS,,REGULAR,7,5,3,2,3,True,True,0.3,0.2,2,0,2026-08-21T16:42:30.425852
TXN-03417,CUST-4547,5622,Net Banking,SUCCESS,,REGULAR,28,17,11,6,1,False,False,0.42,2.2,46,0,2026-07-29T16:42:30.425852
TXN-03418,CUST-4451,19990,Debit Card,SUCCESS,,LOYAL,27,2,2,0,2,True,True,0.63,2.6,46,0,2026-07-01T16:42:30.425852
TXN-03419,CUST-3093,14008,UPI,SUCCESS,,LOYAL,32,8,7,1,3,False,True,0.54,5.9,11,0,2026-06-19T16:42:30.425852
TXN-03420,CUST-5566,2954,Credit Card,SUCCESS,,NEW,6,26,7,19,3,True,False,0.41,0.5,11,0,2026-06-12T16:42:30.425852
TXN-03421,CUST-1980,7147,Wallet,SUCCESS,,LOYAL,7,10,8,2,1,False,False,0.25,2.8,47,0,2026-07-25T16:42:30.425852
TXN-03422,CUST-5193,2036,Debit Card,SUCCESS,,REGULAR,10,11,4,7,1,True,False,0.4,4.2,25,0,2026-07-13T16:42:30.425852
TXN-03423,CUST-7461,655,Debit Card,SUCCESS,,AT_RISK,23,23,11,12,1,True,False,0.28,3.8,33,0,2026-06-22T16:42:30.425852
TXN-03424,CUST-4200,1942,Debit Card,SUCCESS,,AT_RISK,30,7,3,4,2,False,True,0.66,1.6,41,0,2026-08-11T16:42:30.425852
TXN-03425,CUST-6355,2512,Credit Card,FAILED,INSUFFICIENT_FUNDS,REGULAR,27,30,3,27,1,True,False,0.77,2.2,11,2,2026-06-23T16:42:30.425852
TXN-03426,CUST-1467,3306,Debit Card,SUCCESS,,AT_RISK,19,26,6,20,0,False,True,0.82,3.7,54,0,2026-08-12T16:42:30.425852
TXN-03427,CUST-4491,256,Debit Card,FAILED,INSUFFICIENT_FUNDS,REGULAR,23,6,3,3,1,True,True,0.88,6.2,30,1,2026-07-11T16:42:30.425852
TXN-03428,CUST-4126,19458,Wallet,FAILED,PAYMENT_DECLINED,LOYAL,8,6,3,3,0,False,True,0.56,6.9,31,2,2026-07-12T16:42:30.425852
TXN-03429,CUST-1693,715,UPI,SUCCESS,,LOYAL,17,2,1,1,0,False,True,0.82,5.5,49,0,2026-07-09T16:42:30.425852
TXN-03430,CUST-8399,10266,UPI,SUCCESS,,LOYAL,9,4,4,0,3,False,False,0.52,6.8,46,0,2026-07-12T16:42:30.425852
TXN-03431,CUST-2876,248,UPI,SUCCESS,,LOYAL,2,11,5,6,3,True,False,0.26,3.9,53,0,2026-08-10T16:42:30.425852
TXN-03432,CUST-9687,4423,Credit Card,SUCCESS,,LOYAL,8,20,7,13,1,True,False,0.3,4.5,12,0,2026-07-26T16:42:30.425852
TXN-03433,CUST-7728,14007,Credit Card,FAILED,CUSTOMER_ABANDONED,REGULAR,5,22,2,20,0,False,False,0.37,5.4,21,3,2026-07-29T16:42:30.425852
TXN-03434,CUST-3883,5468,UPI,FAILED,CUSTOMER_ABANDONED,NEW,12,4,1,3,3,True,True,0.38,5.8,42,0,2026-07-16T16:42:30.425852
TXN-03435,CUST-1759,5891,Credit Card,SUCCESS,,NEW,10,8,8,0,3,False,True,0.19,6.6,57,0,2026-06-14T16:42:30.425852
TXN-03436,CUST-4261,7316,Wallet,SUCCESS,,LOYAL,14,19,16,3,3,False,False,0.4,3.8,9,0,2026-07-28T16:42:30.425852
TXN-03437,CUST-6984,2213,UPI,SUCCESS,,LOYAL,5,26,15,11,2,True,False,0.47,3.8,21,0,2026-08-03T16:42:30.425852
TXN-03438,CUST-7883,4048,Net Banking,SUCCESS,,LOYAL,36,10,2,8,1,False,False,0.87,1.8,56,0,2026-07-02T16:42:30.425852
TXN-03439,CUST-4025,8766,Net Banking,SUCCESS,,AT_RISK,33,21,3,18,0,False,False,0.78,3.5,3,0,2026-08-06T16:42:30.425852
TXN-03440,CUST-6386,927,Debit Card,FAILED,BANK_ERROR,LOYAL,24,29,2,27,1,True,True,0.52,0.6,24,2,2026-08-01T16:42:30.425852
TXN-03441,CUST-1467,207,Net Banking,SUCCESS,,AT_RISK,35,23,13,10,3,True,True,0.64,6.8,17,0,2026-07-28T16:42:30.425852
TXN-03442,CUST-1622,17946,Credit Card,SUCCESS,,AT_RISK,20,26,25,1,1,True,True,0.3,6.7,57,0,2026-07-17T16:42:30.425852
TXN-03443,CUST-9072,3576,UPI,SUCCESS,,LOYAL,17,11,8,3,1,True,True,0.73,1.7,58,0,2026-07-07T16:42:30.425852
TXN-03444,CUST-6407,813,Debit Card,SUCCESS,,REGULAR,19,23,18,5,0,False,False,0.68,4.4,28,0,2026-07-28T16:42:30.425852
TXN-03445,CUST-5669,710,Debit Card,SUCCESS,,AT_RISK,5,13,8,5,2,False,True,0.18,5.8,7,0,2026-07-08T16:42:30.425852
TXN-03446,CUST-1055,1407,UPI,FAILED,BANK_ERROR,NEW,9,6,1,5,1,False,True,0.52,1.4,54,1,2026-08-12T16:42:30.425852
TXN-03447,CUST-3711,14875,Net Banking,SUCCESS,,NEW,15,27,9,18,1,True,True,0.68,6.7,11,0,2026-06-22T16:42:30.425852
TXN-03448,CUST-1695,11141,Debit Card,SUCCESS,,AT_RISK,5,1,0,1,3,True,False,0.77,5.8,32,0,2026-08-09T16:42:30.425852
TXN-03449,CUST-6028,4232,Credit Card,SUCCESS,,NEW,27,4,0,4,0,False,False,0.85,5.3,53,0,2026-08-08T16:42:30.425852
TXN-03450,CUST-1186,7595,Credit Card,SUCCESS,,LOYAL,35,21,2,19,2,False,False,0.37,4.2,2,0,2026-07-31T16:42:30.425852
TXN-03451,CUST-5145,3492,Credit Card,FAILED,CARD_EXPIRED,LOYAL,13,1,0,1,0,False,True,0.64,1.3,25,1,2026-06-16T16:42:30.425852
TXN-03452,CUST-7500,3600,Debit Card,SUCCESS,,NEW,8,8,3,5,0,False,True,0.87,6.3,16,0,2026-06-11T16:42:30.425852
TXN-03453,CUST-2311,969,Net Banking,SUCCESS,,NEW,16,29,12,17,2,True,False,0.5,0.0,4,0,2026-07-12T16:42:30.425852
TXN-03454,CUST-1444,4150,Wallet,SUCCESS,,REGULAR,35,7,5,2,2,True,False,0.7,5.6,56,0,2026-08-01T16:42:30.425852
TXN-03455,CUST-2266,14818,Net Banking,SUCCESS,,NEW,10,27,12,15,1,False,True,0.39,5.9,8,0,2026-07-28T16:42:30.425852
TXN-03456,CUST-3847,844,Debit Card,SUCCESS,,REGULAR,33,1,0,1,3,False,True,0.42,0.5,6,0,2026-07-31T16:42:30.425852
TXN-03457,CUST-1048,1504,Credit Card,SUCCESS,,REGULAR,26,9,0,9,0,False,False,0.86,3.4,10,0,2026-08-15T16:42:30.425852
TXN-03458,CUST-1541,7027,Credit Card,FAILED,INSUFFICIENT_FUNDS,REGULAR,32,27,16,11,1,False,True,0.83,2.8,33,3,2026-08-27T16:42:30.425852
TXN-03459,CUST-3340,781,Net Banking,FAILED,PAYMENT_DECLINED,REGULAR,30,23,2,21,0,False,False,0.5,5.6,32,2,2026-08-14T16:42:30.425852
TXN-03460,CUST-2748,10422,Net Banking,SUCCESS,,LOYAL,9,15,5,10,2,False,False,0.93,1.1,19,0,2026-09-04T16:42:30.425852
TXN-03461,CUST-6350,1369,UPI,SUCCESS,,LOYAL,34,10,0,10,3,False,False,0.78,2.5,14,0,2026-07-25T16:42:30.425852
TXN-03462,CUST-3018,3311,Net Banking,SUCCESS,,LOYAL,23,5,3,2,3,False,True,0.81,3.1,1,0,2026-08-30T16:42:30.425852
TXN-03463,CUST-1816,18614,UPI,SUCCESS,,REGULAR,24,30,8,22,2,True,False,0.92,0.4,37,0,2026-07-25T16:42:30.425852
TXN-03464,CUST-1164,4901,Credit Card,SUCCESS,,REGULAR,27,30,23,7,3,True,True,0.76,0.5,13,0,2026-08-25T16:42:30.425852
TXN-03465,CUST-3080,17065,Credit Card,FAILED,PAYMENT_DECLINED,LOYAL,26,28,11,17,1,False,True,0.18,3.3,57,3,2026-06-07T16:42:30.425852
TXN-03466,CUST-1292,13665,UPI,SUCCESS,,LOYAL,17,20,11,9,2,True,True,0.25,4.5,25,0,2026-08-27T16:42:30.425852
TXN-03467,CUST-1980,708,Debit Card,SUCCESS,,LOYAL,19,15,9,6,1,True,False,0.35,1.0,54,0,2026-06-17T16:42:30.425852
TXN-03468,CUST-5793,12366,Credit Card,SUCCESS,,NEW,2,21,9,12,2,True,False,0.58,0.5,36,0,2026-08-04T16:42:30.425852
TXN-03469,CUST-7428,3936,Wallet,FAILED,CARD_EXPIRED,NEW,20,30,10,20,2,True,False,0.73,4.3,1,1,2026-06-18T16:42:30.425852
TXN-03470,CUST-4498,13103,Credit Card,FAILED,INSUFFICIENT_FUNDS,AT_RISK,34,10,10,0,0,False,False,0.13,4.3,59,1,2026-08-10T16:42:30.425852
TXN-03471,CUST-3371,2171,Net Banking,SUCCESS,,NEW,1,10,1,9,2,True,False,0.81,0.8,7,0,2026-07-19T16:42:30.425852
TXN-03472,CUST-1242,836,Wallet,SUCCESS,,AT_RISK,27,30,0,30,1,True,True,0.46,3.5,1,0,2026-07-22T16:42:30.425852
TXN-03473,CUST-5806,571,Credit Card,SUCCESS,,AT_RISK,30,9,7,2,0,False,True,0.36,2.7,6,0,2026-09-04T16:42:30.425852
TXN-03474,CUST-4009,199,Debit Card,SUCCESS,,LOYAL,21,10,3,7,1,True,True,0.61,5.0,23,0,2026-08-13T16:42:30.425852
TXN-03475,CUST-2756,12826,Credit Card,SUCCESS,,REGULAR,18,8,8,0,2,True,False,0.22,5.4,55,0,2026-08-28T16:42:30.425852
TXN-03476,CUST-8999,3795,Credit Card,FAILED,BANK_ERROR,AT_RISK,18,9,0,9,3,True,False,0.83,6.0,58,2,2026-07-03T16:42:30.425852
TXN-03477,CUST-4552,2576,Credit Card,SUCCESS,,NEW,33,27,10,17,0,False,False,0.14,6.4,27,0,2026-08-20T16:42:30.425852
TXN-03478,CUST-5018,3343,Wallet,SUCCESS,,LOYAL,28,20,9,11,3,False,False,0.44,1.8,36,0,2026-06-22T16:42:30.425852
TXN-03479,CUST-7726,3464,UPI,SUCCESS,,NEW,35,15,11,4,2,True,False,0.3,0.2,33,0,2026-08-09T16:42:30.425852
TXN-03480,CUST-3742,946,Net Banking,SUCCESS,,REGULAR,17,7,3,4,2,True,False,0.76,1.1,24,0,2026-08-07T16:42:30.425852
TXN-03481,CUST-9573,3003,UPI,SUCCESS,,LOYAL,2,19,7,12,3,True,True,0.45,2.0,5,0,2026-06-24T16:42:30.425852
TXN-03482,CUST-5547,2329,Credit Card,FAILED,CARD_EXPIRED,LOYAL,18,16,13,3,3,True,False,0.81,0.6,47,0,2026-07-13T16:42:30.425852
TXN-03483,CUST-8830,11560,UPI,SUCCESS,,LOYAL,5,24,13,11,1,True,False,0.34,3.7,47,0,2026-07-04T16:42:30.425852
TXN-03484,CUST-4190,18741,Wallet,SUCCESS,,AT_RISK,27,25,2,23,0,False,True,0.55,1.0,19,0,2026-07-25T16:42:30.425852
TXN-03485,CUST-7669,2716,Wallet,FAILED,CUSTOMER_ABANDONED,AT_RISK,31,3,3,0,2,False,True,0.32,6.5,27,0,2026-08-03T16:42:30.425852
TXN-03486,CUST-9365,13088,Wallet,SUCCESS,,AT_RISK,11,22,6,16,1,True,True,0.78,0.1,4,0,2026-08-14T16:42:30.425852
TXN-03487,CUST-8720,941,Net Banking,FAILED,INSUFFICIENT_FUNDS,AT_RISK,10,8,0,8,2,False,False,0.3,6.9,11,3,2026-07-21T16:42:30.425852
TXN-03488,CUST-2119,325,UPI,SUCCESS,,NEW,11,2,2,0,2,True,True,0.85,3.3,29,0,2026-08-21T16:42:30.425852
TXN-03489,CUST-8745,13270,Credit Card,SUCCESS,,REGULAR,3,15,2,13,2,True,True,0.74,6.2,37,0,2026-08-07T16:42:30.425852
TXN-03490,CUST-7148,16959,Net Banking,FAILED,CARD_EXPIRED,AT_RISK,31,5,4,1,2,True,False,0.47,3.7,55,1,2026-08-09T16:42:30.425852
TXN-03491,CUST-9589,595,Wallet,FAILED,PAYMENT_DECLINED,AT_RISK,15,29,25,4,3,False,True,0.19,4.8,41,0,2026-09-04T16:42:30.425852
TXN-03492,CUST-9468,6117,Credit Card,SUCCESS,,NEW,22,17,6,11,1,True,False,0.95,5.7,59,0,2026-08-30T16:42:30.425852
TXN-03493,CUST-5339,962,Debit Card,SUCCESS,,REGULAR,13,11,9,2,2,False,False,0.6,3.6,35,0,2026-06-15T16:42:30.425852
TXN-03494,CUST-7940,8906,UPI,FAILED,BANK_ERROR,AT_RISK,35,19,11,8,1,False,False,0.78,1.4,34,0,2026-06-08T16:42:30.425852
TXN-03495,CUST-9147,727,Wallet,FAILED,NETWORK_TIMEOUT,NEW,5,7,7,0,3,True,True,0.11,2.6,10,0,2026-07-25T16:42:30.425852
TXN-03496,CUST-1592,14821,Net Banking,SUCCESS,,REGULAR,29,16,8,8,1,False,True,0.66,6.7,48,0,2026-08-27T16:42:30.425852
TXN-03497,CUST-7836,514,Wallet,SUCCESS,,NEW,11,11,1,10,0,False,True,0.35,3.3,53,0,2026-06-07T16:42:30.425852
TXN-03498,CUST-6870,442,Credit Card,FAILED,PAYMENT_DECLINED,REGULAR,20,2,2,0,0,False,True,0.25,3.7,60,2,2026-08-06T16:42:30.425852
TXN-03499,CUST-2530,341,Credit Card,SUCCESS,,LOYAL,28,7,2,5,1,False,True,0.39,1.8,49,0,2026-08-14T16:42:30.425852
TXN-03500,CUST-8305,18775,Wallet,SUCCESS,,REGULAR,29,5,2,3,0,False,False,0.93,3.7,10,0,2026-08-23T16:42:30.425852
TXN-03501,CUST-3471,19039,Wallet,SUCCESS,,REGULAR,33,26,12,14,0,False,True,0.38,6.4,37,0,2026-07-06T16:42:30.425852
TXN-03502,CUST-5063,2490,Wallet,FAILED,INSUFFICIENT_FUNDS,REGULAR,29,8,0,8,1,False,True,0.14,1.1,34,0,2026-07-30T16:42:30.425852
TXN-03503,CUST-4219,7661,Credit Card,SUCCESS,,AT_RISK,36,4,3,1,1,False,False,0.62,1.2,34,0,2026-06-15T16:42:30.425852
TXN-03504,CUST-3644,18785,Credit Card,SUCCESS,,REGULAR,20,25,18,7,0,False,False,0.73,5.8,37,0,2026-08-09T16:42:30.425852
TXN-03505,CUST-6665,11150,Credit Card,SUCCESS,,NEW,1,24,0,24,3,True,False,0.63,1.2,37,0,2026-06-20T16:42:30.425852
TXN-03506,CUST-2680,440,Debit Card,SUCCESS,,AT_RISK,16,2,2,0,2,True,False,0.4,5.3,3,0,2026-08-15T16:42:30.425852
TXN-03507,CUST-8383,2706,Net Banking,SUCCESS,,REGULAR,14,18,0,18,2,True,True,0.27,5.5,3,0,2026-07-29T16:42:30.425852
TXN-03508,CUST-1740,554,Credit Card,FAILED,PAYMENT_DECLINED,REGULAR,27,26,14,12,1,False,True,0.63,6.6,30,1,2026-07-26T16:42:30.425852
TXN-03509,CUST-3417,7091,UPI,SUCCESS,,REGULAR,9,21,16,5,2,True,False,0.82,1.4,36,0,2026-08-06T16:42:30.425852
TXN-03510,CUST-7474,903,Credit Card,SUCCESS,,NEW,10,18,12,6,2,False,False,0.12,2.2,41,0,2026-08-25T16:42:30.425852
TXN-03511,CUST-6365,16422,Net Banking,SUCCESS,,AT_RISK,12,17,14,3,0,False,True,0.39,6.1,53,0,2026-08-23T16:42:30.425852
TXN-03512,CUST-1571,3100,Wallet,SUCCESS,,REGULAR,19,5,1,4,0,False,True,0.84,4.0,3,0,2026-09-01T16:42:30.425852
TXN-03513,CUST-8525,5423,Net Banking,FAILED,BANK_ERROR,REGULAR,20,7,3,4,0,False,False,0.45,5.6,39,0,2026-07-04T16:42:30.425852
TXN-03514,CUST-5748,16425,UPI,SUCCESS,,LOYAL,6,14,13,1,1,True,False,0.34,3.0,25,0,2026-07-11T16:42:30.425852
TXN-03515,CUST-8056,687,Wallet,SUCCESS,,AT_RISK,15,14,3,11,0,False,False,0.53,4.0,44,0,2026-07-01T16:42:30.425852
TXN-03516,CUST-1650,205,Credit Card,SUCCESS,,REGULAR,6,12,11,1,2,False,True,0.26,2.5,12,0,2026-08-03T16:42:30.425852
TXN-03517,CUST-4777,931,Debit Card,SUCCESS,,AT_RISK,4,19,10,9,2,True,False,0.79,3.7,49,0,2026-07-03T16:42:30.425852
TXN-03518,CUST-6562,6951,UPI,SUCCESS,,AT_RISK,32,9,2,7,2,False,False,0.1,3.1,54,0,2026-08-03T16:42:30.425852
TXN-03519,CUST-5674,17146,Credit Card,SUCCESS,,AT_RISK,29,17,15,2,1,False,False,0.47,6.8,24,0,2026-08-20T16:42:30.425852
TXN-03520,CUST-4892,9335,UPI,SUCCESS,,NEW,25,13,0,13,2,True,True,0.44,3.2,14,0,2026-06-23T16:42:30.425852
TXN-03521,CUST-3692,16891,Debit Card,SUCCESS,,AT_RISK,30,1,1,0,0,False,False,0.61,3.9,40,0,2026-08-29T16:42:30.425852
TXN-03522,CUST-5672,777,UPI,SUCCESS,,REGULAR,34,28,17,11,2,False,False,0.17,1.3,3,0,2026-07-24T16:42:30.425852
TXN-03523,CUST-5232,659,Wallet,SUCCESS,,LOYAL,35,18,13,5,3,True,False,0.55,6.1,25,0,2026-08-14T16:42:30.425852
TXN-03524,CUST-5402,548,UPI,SUCCESS,,NEW,23,30,9,21,1,True,True,0.28,6.4,34,0,2026-08-09T16:42:30.425852
TXN-03525,CUST-4554,18617,Debit Card,SUCCESS,,AT_RISK,26,18,3,15,1,True,False,0.83,3.8,16,0,2026-06-29T16:42:30.425852
TXN-03526,CUST-6951,8181,UPI,FAILED,NETWORK_TIMEOUT,REGULAR,14,20,11,9,3,True,False,0.71,1.4,18,0,2026-07-06T16:42:30.425852
TXN-03527,CUST-4446,785,Wallet,FAILED,CARD_EXPIRED,LOYAL,1,13,9,4,3,True,True,0.69,4.6,36,1,2026-08-28T16:42:30.425852
TXN-03528,CUST-9187,938,UPI,SUCCESS,,AT_RISK,19,15,8,7,3,True,True,0.67,4.4,38,0,2026-07-04T16:42:30.425852
TXN-03529,CUST-3066,573,Net Banking,SUCCESS,,LOYAL,35,11,2,9,3,False,False,0.44,4.7,43,0,2026-08-24T16:42:30.425852
TXN-03530,CUST-2904,2360,UPI,SUCCESS,,LOYAL,21,28,8,20,1,False,False,0.41,4.5,24,0,2026-06-20T16:42:30.425852
TXN-03531,CUST-2808,764,Debit Card,SUCCESS,,AT_RISK,10,21,9,12,2,True,False,0.58,5.6,1,0,2026-08-19T16:42:30.425852
TXN-03532,CUST-9150,763,Debit Card,FAILED,NETWORK_TIMEOUT,LOYAL,27,18,6,12,3,True,False,0.9,4.6,32,2,2026-06-18T16:42:30.425852
TXN-03533,CUST-8760,9927,Debit Card,FAILED,BANK_ERROR,AT_RISK,2,15,7,8,0,False,False,0.59,3.0,51,1,2026-06-24T16:42:30.425852
TXN-03534,CUST-6555,19524,Wallet,SUCCESS,,LOYAL,27,17,6,11,3,True,True,0.78,4.7,46,0,2026-07-02T16:42:30.425852
TXN-03535,CUST-1847,2615,Credit Card,SUCCESS,,AT_RISK,18,14,7,7,0,False,False,0.46,6.5,29,0,2026-07-08T16:42:30.425852
TXN-03536,CUST-4300,521,Wallet,SUCCESS,,REGULAR,27,15,12,3,1,False,True,0.31,6.7,34,0,2026-07-11T16:42:30.425852
TXN-03537,CUST-3214,264,Net Banking,SUCCESS,,NEW,28,5,2,3,1,True,True,0.85,0.5,26,0,2026-07-10T16:42:30.425852
TXN-03538,CUST-5634,2801,Debit Card,SUCCESS,,REGULAR,13,12,2,10,0,False,False,0.95,2.2,45,0,2026-08-02T16:42:30.425852
TXN-03539,CUST-4667,1811,Debit Card,FAILED,NETWORK_TIMEOUT,AT_RISK,6,16,8,8,1,False,True,0.72,0.9,6,2,2026-08-02T16:42:30.425852
TXN-03540,CUST-2149,709,Net Banking,FAILED,NETWORK_TIMEOUT,LOYAL,22,15,5,10,2,False,True,0.13,3.0,54,3,2026-07-31T16:42:30.425852
TXN-03541,CUST-6182,1947,Debit Card,SUCCESS,,REGULAR,7,8,4,4,2,False,False,0.35,3.4,56,0,2026-06-09T16:42:30.425852
TXN-03542,CUST-2383,2174,Wallet,SUCCESS,,NEW,32,7,6,1,0,False,True,0.4,2.4,2,0,2026-08-19T16:42:30.425852
TXN-03543,CUST-6995,4408,UPI,SUCCESS,,LOYAL,12,23,8,15,1,False,False,0.18,3.7,58,0,2026-06-07T16:42:30.425852
TXN-03544,CUST-1663,2709,Debit Card,SUCCESS,,LOYAL,11,11,4,7,1,True,False,0.82,3.0,4,0,2026-07-19T16:42:30.425852
TXN-03545,CUST-2772,772,Debit Card,SUCCESS,,REGULAR,6,7,3,4,0,False,True,0.39,2.4,44,0,2026-08-10T16:42:30.425852
TXN-03546,CUST-4854,911,Net Banking,SUCCESS,,NEW,33,26,11,15,0,False,True,0.18,5.3,47,0,2026-07-25T16:42:30.425852
TXN-03547,CUST-7338,2537,Credit Card,SUCCESS,,AT_RISK,11,3,0,3,0,False,False,0.18,2.8,13,0,2026-09-02T16:42:30.425852
TXN-03548,CUST-9056,315,Net Banking,SUCCESS,,NEW,22,22,16,6,0,False,False,0.87,2.3,51,0,2026-06-12T16:42:30.425852
TXN-03549,CUST-6979,17496,Credit Card,SUCCESS,,AT_RISK,27,29,18,11,2,False,True,0.6,0.1,8,0,2026-08-04T16:42:30.425852
TXN-03550,CUST-8392,497,Wallet,SUCCESS,,NEW,15,9,2,7,0,False,False,0.76,6.1,26,0,2026-08-27T16:42:30.425852
TXN-03551,CUST-4968,14107,Debit Card,FAILED,BANK_ERROR,LOYAL,31,26,3,23,0,False,True,0.59,0.5,32,3,2026-06-20T16:42:30.425852
TXN-03552,CUST-9498,2207,Debit Card,SUCCESS,,AT_RISK,33,9,5,4,0,False,False,0.75,2.7,32,0,2026-08-08T16:42:30.425852
TXN-03553,CUST-2640,10140,UPI,FAILED,PAYMENT_DECLINED,NEW,28,8,8,0,1,True,True,0.8,1.5,49,0,2026-09-03T16:42:30.425852
TXN-03554,CUST-3511,12807,Debit Card,SUCCESS,,REGULAR,17,4,4,0,3,False,True,0.36,3.6,20,0,2026-08-22T16:42:30.425852
TXN-03555,CUST-2046,568,Debit Card,FAILED,CUSTOMER_ABANDONED,AT_RISK,1,10,6,4,1,True,False,0.73,0.2,18,3,2026-07-15T16:42:30.425852
TXN-03556,CUST-2323,213,Wallet,FAILED,BANK_ERROR,LOYAL,22,24,24,0,3,True,False,0.69,4.3,54,1,2026-07-20T16:42:30.425852
TXN-03557,CUST-1410,955,Wallet,SUCCESS,,REGULAR,15,14,3,11,1,False,False,0.5,5.1,37,0,2026-08-05T16:42:30.425852
TXN-03558,CUST-1187,16495,Debit Card,SUCCESS,,AT_RISK,2,12,2,10,2,True,False,0.52,1.4,18,0,2026-07-13T16:42:30.425852
TXN-03559,CUST-3659,958,UPI,FAILED,CARD_EXPIRED,REGULAR,18,18,5,13,2,False,True,0.27,6.0,29,3,2026-08-18T16:42:30.425852
TXN-03560,CUST-5592,4606,UPI,SUCCESS,,NEW,30,29,13,16,1,True,True,0.51,6.1,28,0,2026-07-31T16:42:30.425852
TXN-03561,CUST-7912,480,Credit Card,SUCCESS,,REGULAR,6,2,0,2,1,True,False,0.78,0.5,11,0,2026-07-29T16:42:30.425852
TXN-03562,CUST-5163,3568,Net Banking,SUCCESS,,LOYAL,31,16,9,7,0,False,True,0.76,5.8,42,0,2026-06-08T16:42:30.425852
TXN-03563,CUST-4571,7760,Net Banking,SUCCESS,,NEW,19,14,3,11,1,True,False,0.74,4.2,11,0,2026-06-14T16:42:30.425852
TXN-03564,CUST-1140,704,Credit Card,SUCCESS,,LOYAL,6,7,3,4,0,False,True,0.65,1.0,23,0,2026-06-28T16:42:30.425852
TXN-03565,CUST-5770,4697,UPI,SUCCESS,,AT_RISK,3,18,10,8,1,False,False,0.6,1.8,3,0,2026-06-30T16:42:30.425852
TXN-03566,CUST-1204,3737,Net Banking,SUCCESS,,NEW,9,22,4,18,0,False,True,0.22,3.1,4,0,2026-07-24T16:42:30.425852
TXN-03567,CUST-1684,472,Debit Card,SUCCESS,,AT_RISK,28,1,0,1,0,False,True,0.68,3.3,3,0,2026-07-22T16:42:30.425852
TXN-03568,CUST-7940,11844,Net Banking,SUCCESS,,REGULAR,1,4,4,0,1,True,True,0.76,5.5,32,0,2026-07-28T16:42:30.425852
TXN-03569,CUST-9868,4230,UPI,SUCCESS,,LOYAL,9,21,10,11,0,False,True,0.32,1.4,47,0,2026-07-03T16:42:30.425852
TXN-03570,CUST-3510,17108,Credit Card,SUCCESS,,NEW,12,24,20,4,3,True,False,0.88,1.5,25,0,2026-08-30T16:42:30.425852
TXN-03571,CUST-5145,8772,UPI,SUCCESS,,NEW,20,20,4,16,1,False,True,0.8,4.7,30,0,2026-07-03T16:42:30.425852
TXN-03572,CUST-3887,4796,Credit Card,SUCCESS,,AT_RISK,20,14,8,6,3,False,False,0.73,6.6,31,0,2026-06-06T16:42:30.425852
TXN-03573,CUST-4143,3537,UPI,SUCCESS,,NEW,7,28,22,6,1,True,False,0.91,3.4,4,0,2026-07-15T16:42:30.425852
TXN-03574,CUST-3082,213,Debit Card,SUCCESS,,LOYAL,5,1,1,0,0,False,False,0.77,0.2,11,0,2026-07-27T16:42:30.425852
TXN-03575,CUST-4596,12151,UPI,SUCCESS,,REGULAR,33,15,6,9,0,False,True,0.9,5.1,48,0,2026-09-04T16:42:30.425852
TXN-03576,CUST-2848,6555,UPI,SUCCESS,,LOYAL,28,27,11,16,0,False,False,0.52,5.7,25,0,2026-08-19T16:42:30.425852
TXN-03577,CUST-5121,4579,Wallet,SUCCESS,,LOYAL,31,13,5,8,1,True,True,0.47,5.8,54,0,2026-06-27T16:42:30.425852
TXN-03578,CUST-3683,2867,Wallet,FAILED,INSUFFICIENT_FUNDS,LOYAL,17,4,2,2,0,False,True,0.12,3.4,56,3,2026-07-28T16:42:30.425852
TXN-03579,CUST-1607,4319,Wallet,SUCCESS,,AT_RISK,19,14,3,11,0,False,False,0.46,1.4,48,0,2026-08-12T16:42:30.425852
TXN-03580,CUST-3054,299,Debit Card,SUCCESS,,AT_RISK,24,8,0,8,1,True,True,0.18,5.6,45,0,2026-07-07T16:42:30.425852
TXN-03581,CUST-5170,7926,Net Banking,SUCCESS,,AT_RISK,1,30,23,7,2,False,True,0.88,0.4,60,0,2026-08-27T16:42:30.425852
TXN-03582,CUST-2934,7997,Debit Card,SUCCESS,,NEW,17,15,0,15,3,False,False,0.12,4.1,33,0,2026-08-23T16:42:30.425852
TXN-03583,CUST-2664,2633,Wallet,SUCCESS,,AT_RISK,31,6,2,4,0,False,False,0.22,3.5,57,0,2026-08-25T16:42:30.425852
TXN-03584,CUST-8558,397,Wallet,SUCCESS,,REGULAR,2,8,6,2,0,False,True,0.43,1.3,22,0,2026-06-21T16:42:30.425852
TXN-03585,CUST-3130,15432,Net Banking,FAILED,INSUFFICIENT_FUNDS,LOYAL,18,14,2,12,1,True,True,0.62,4.8,23,1,2026-08-23T16:42:30.425852
TXN-03586,CUST-7871,2254,UPI,SUCCESS,,LOYAL,5,19,2,17,1,True,False,0.68,3.3,36,0,2026-07-24T16:42:30.425852
TXN-03587,CUST-2242,824,UPI,SUCCESS,,REGULAR,31,25,7,18,0,False,True,0.88,2.3,32,0,2026-06-29T16:42:30.425852
TXN-03588,CUST-4074,19432,Debit Card,SUCCESS,,AT_RISK,5,20,18,2,3,True,True,0.59,5.1,56,0,2026-06-27T16:42:30.425852
TXN-03589,CUST-4442,437,Wallet,FAILED,CARD_EXPIRED,NEW,25,9,2,7,3,True,False,0.6,3.9,27,1,2026-06-15T16:42:30.425852
TXN-03590,CUST-1796,9630,Credit Card,FAILED,CUSTOMER_ABANDONED,AT_RISK,17,18,13,5,1,False,True,0.6,6.8,43,2,2026-09-04T16:42:30.425852
TXN-03591,CUST-5496,11601,Wallet,FAILED,CUSTOMER_ABANDONED,AT_RISK,28,14,13,1,0,False,False,0.29,2.9,25,0,2026-06-25T16:42:30.425852
TXN-03592,CUST-4330,2733,Wallet,FAILED,CARD_EXPIRED,AT_RISK,8,8,7,1,3,True,False,0.14,0.6,8,2,2026-08-03T16:42:30.425852
TXN-03593,CUST-3783,4610,Wallet,SUCCESS,,AT_RISK,4,30,13,17,3,True,True,0.22,1.5,10,0,2026-08-05T16:42:30.425852
TXN-03594,CUST-4490,838,Wallet,SUCCESS,,AT_RISK,14,11,6,5,1,False,False,0.83,3.2,40,0,2026-07-20T16:42:30.425852
TXN-03595,CUST-2507,3209,Wallet,SUCCESS,,REGULAR,19,9,9,0,0,False,False,0.4,1.4,13,0,2026-06-19T16:42:30.425852
TXN-03596,CUST-2811,5314,Wallet,SUCCESS,,AT_RISK,19,20,14,6,2,False,False,0.92,4.3,20,0,2026-08-23T16:42:30.425852
TXN-03597,CUST-1975,604,Wallet,SUCCESS,,NEW,25,6,6,0,2,True,False,0.51,6.1,60,0,2026-06-27T16:42:30.425852
TXN-03598,CUST-2232,463,Debit Card,SUCCESS,,REGULAR,5,4,2,2,3,True,True,0.79,2.8,15,0,2026-08-11T16:42:30.425852
TXN-03599,CUST-7325,709,Wallet,SUCCESS,,REGULAR,13,12,0,12,0,False,True,0.19,3.4,56,0,2026-06-24T16:42:30.425852
TXN-03600,CUST-2916,1780,Net Banking,FAILED,BANK_ERROR,LOYAL,25,26,15,11,1,True,True,0.1,3.0,27,2,2026-07-27T16:42:30.425852
TXN-03601,CUST-7244,18733,Wallet,SUCCESS,,NEW,14,15,14,1,1,False,False,0.44,5.7,60,0,2026-06-28T16:42:30.425852
TXN-03602,CUST-7128,826,UPI,SUCCESS,,LOYAL,24,8,2,6,1,False,False,0.87,4.0,37,0,2026-06-12T16:42:30.425852
TXN-03603,CUST-7720,4569,Net Banking,SUCCESS,,AT_RISK,26,11,11,0,0,False,False,0.77,5.7,32,0,2026-08-26T16:42:30.425852
TXN-03604,CUST-4073,4566,Credit Card,SUCCESS,,REGULAR,28,19,17,2,1,True,False,0.56,5.0,5,0,2026-06-30T16:42:30.425852
TXN-03605,CUST-2429,471,Debit Card,FAILED,BANK_ERROR,LOYAL,30,6,4,2,1,True,True,0.28,2.9,36,3,2026-07-18T16:42:30.425852
TXN-03606,CUST-8294,471,Debit Card,SUCCESS,,NEW,34,29,15,14,0,False,True,0.27,5.7,52,0,2026-08-02T16:42:30.425852
TXN-03607,CUST-2353,735,Net Banking,SUCCESS,,NEW,5,10,2,8,1,True,False,0.45,0.8,52,0,2026-07-05T16:42:30.425852
TXN-03608,CUST-2066,865,UPI,SUCCESS,,LOYAL,8,18,6,12,1,True,True,0.15,4.9,20,0,2026-08-20T16:42:30.425852
TXN-03609,CUST-5718,204,Debit Card,SUCCESS,,REGULAR,31,13,6,7,2,True,False,0.41,6.2,59,0,2026-08-13T16:42:30.425852
TXN-03610,CUST-4373,4225,Net Banking,FAILED,PAYMENT_DECLINED,LOYAL,4,11,6,5,2,True,True,0.26,2.3,11,1,2026-06-17T16:42:30.425852
TXN-03611,CUST-7575,4699,Wallet,SUCCESS,,NEW,36,25,20,5,1,False,True,0.14,1.9,53,0,2026-06-26T16:42:30.425852
TXN-03612,CUST-1580,11715,Debit Card,FAILED,INSUFFICIENT_FUNDS,REGULAR,20,30,18,12,1,True,False,0.52,5.8,52,0,2026-07-01T16:42:30.425852
TXN-03613,CUST-3514,758,Net Banking,SUCCESS,,LOYAL,18,9,1,8,3,True,False,0.63,6.7,49,0,2026-07-26T16:42:30.425852
TXN-03614,CUST-1922,563,UPI,SUCCESS,,AT_RISK,13,4,1,3,3,True,True,0.58,5.9,33,0,2026-07-29T16:42:30.425852
TXN-03615,CUST-7416,393,Wallet,SUCCESS,,AT_RISK,19,5,5,0,0,False,True,0.16,2.7,31,0,2026-09-04T16:42:30.425852
TXN-03616,CUST-3859,4737,Credit Card,FAILED,CARD_EXPIRED,AT_RISK,30,17,2,15,1,True,False,0.87,1.9,47,1,2026-08-25T16:42:30.425852
TXN-03617,CUST-6256,1374,UPI,SUCCESS,,LOYAL,25,6,6,0,2,False,True,0.89,0.5,58,0,2026-07-15T16:42:30.425852
TXN-03618,CUST-7312,16977,Net Banking,SUCCESS,,AT_RISK,22,2,1,1,3,False,False,0.9,6.5,15,0,2026-06-21T16:42:30.425852
TXN-03619,CUST-9998,18201,Wallet,FAILED,NETWORK_TIMEOUT,AT_RISK,36,15,6,9,0,False,False,0.86,5.7,40,0,2026-08-12T16:42:30.425852
TXN-03620,CUST-6234,10440,Credit Card,SUCCESS,,REGULAR,13,5,5,0,3,False,False,0.89,2.9,44,0,2026-08-29T16:42:30.425852
TXN-03621,CUST-9849,14851,UPI,SUCCESS,,REGULAR,29,26,11,15,2,True,False,0.23,0.6,46,0,2026-08-26T16:42:30.425852
TXN-03622,CUST-7606,2137,Net Banking,SUCCESS,,REGULAR,10,28,22,6,2,True,True,0.84,1.2,56,0,2026-08-31T16:42:30.425852
TXN-03623,CUST-2479,706,Wallet,SUCCESS,,NEW,2,6,3,3,0,False,True,0.6,2.3,14,0,2026-06-17T16:42:30.425852
TXN-03624,CUST-8276,18167,Debit Card,SUCCESS,,NEW,14,3,3,0,2,False,True,0.57,3.0,29,0,2026-06-11T16:42:30.425852
TXN-03625,CUST-5755,5447,Debit Card,SUCCESS,,NEW,16,25,23,2,0,False,True,0.59,5.3,13,0,2026-08-03T16:42:30.425852
TXN-03626,CUST-9307,976,Debit Card,SUCCESS,,AT_RISK,9,22,12,10,0,False,True,0.82,3.9,57,0,2026-07-06T16:42:30.425852
TXN-03627,CUST-7990,3291,Debit Card,FAILED,CUSTOMER_ABANDONED,AT_RISK,4,1,1,0,0,False,False,0.1,6.3,14,3,2026-08-20T16:42:30.425852
TXN-03628,CUST-6328,2225,Credit Card,SUCCESS,,AT_RISK,8,10,2,8,2,True,False,0.31,1.5,26,0,2026-07-10T16:42:30.425852
TXN-03629,CUST-7310,680,Net Banking,SUCCESS,,AT_RISK,17,24,20,4,1,True,False,0.84,5.6,49,0,2026-07-08T16:42:30.425852
TXN-03630,CUST-5139,972,Credit Card,SUCCESS,,LOYAL,35,28,27,1,2,False,False,0.4,6.4,1,0,2026-07-05T16:42:30.425852
TXN-03631,CUST-1613,11051,Debit Card,SUCCESS,,NEW,8,14,10,4,1,True,False,0.83,3.2,44,0,2026-07-07T16:42:30.425852
TXN-03632,CUST-1285,249,UPI,SUCCESS,,AT_RISK,33,18,17,1,3,False,False,0.79,6.6,38,0,2026-06-26T16:42:30.425852
TXN-03633,CUST-5043,9121,Net Banking,FAILED,PAYMENT_DECLINED,NEW,3,8,0,8,1,True,False,0.13,2.7,41,1,2026-08-29T16:42:30.425852
TXN-03634,CUST-7986,14473,Debit Card,FAILED,CUSTOMER_ABANDONED,LOYAL,22,6,4,2,2,False,True,0.32,1.0,6,0,2026-07-31T16:42:30.425852
TXN-03635,CUST-1554,279,UPI,SUCCESS,,NEW,34,12,1,11,1,False,True,0.86,1.5,8,0,2026-08-14T16:42:30.425852
TXN-03636,CUST-7425,3917,Debit Card,SUCCESS,,AT_RISK,27,21,20,1,1,False,True,0.79,3.8,12,0,2026-08-29T16:42:30.425852
TXN-03637,CUST-8590,988,Credit Card,FAILED,PAYMENT_DECLINED,LOYAL,31,5,1,4,1,False,False,0.77,4.6,19,3,2026-08-08T16:42:30.425852
TXN-03638,CUST-2045,12323,Wallet,SUCCESS,,NEW,23,3,3,0,2,False,False,0.45,2.1,25,0,2026-06-29T16:42:30.425852
TXN-03639,CUST-9766,847,Net Banking,SUCCESS,,NEW,9,26,0,26,1,True,False,0.88,5.0,28,0,2026-06-15T16:42:30.425852
TXN-03640,CUST-3139,3113,Debit Card,SUCCESS,,NEW,23,28,2,26,1,False,False,0.28,5.1,58,0,2026-06-14T16:42:30.425852
TXN-03641,CUST-5276,13032,UPI,FAILED,CUSTOMER_ABANDONED,AT_RISK,25,26,7,19,1,True,False,0.69,0.2,11,1,2026-06-29T16:42:30.425852
TXN-03642,CUST-7479,4640,Credit Card,FAILED,INSUFFICIENT_FUNDS,AT_RISK,1,4,3,1,1,False,True,0.95,5.3,28,2,2026-07-17T16:42:30.425852
TXN-03643,CUST-7028,665,Net Banking,SUCCESS,,NEW,36,26,1,25,3,True,False,0.22,1.6,55,0,2026-06-08T16:42:30.425852
TXN-03644,CUST-3806,345,Wallet,FAILED,BANK_ERROR,LOYAL,26,22,4,18,1,True,False,0.62,6.1,45,2,2026-06-12T16:42:30.425852
TXN-03645,CUST-2948,10866,Debit Card,SUCCESS,,NEW,1,29,11,18,0,False,True,0.64,0.1,18,0,2026-08-29T16:42:30.425852
TXN-03646,CUST-5324,15785,Credit Card,SUCCESS,,NEW,30,26,23,3,1,False,True,0.48,3.7,42,0,2026-06-21T16:42:30.425852
TXN-03647,CUST-9086,871,Net Banking,SUCCESS,,REGULAR,5,13,8,5,1,True,True,0.89,3.0,48,0,2026-07-12T16:42:30.425852
TXN-03648,CUST-1055,1355,Credit Card,SUCCESS,,REGULAR,13,2,1,1,1,True,True,0.22,1.7,55,0,2026-08-25T16:42:30.425852
TXN-03649,CUST-1354,12086,Credit Card,SUCCESS,,AT_RISK,8,19,13,6,1,True,True,0.11,4.1,32,0,2026-06-10T16:42:30.425852
TXN-03650,CUST-5797,364,UPI,SUCCESS,,NEW,20,4,3,1,0,False,False,0.66,5.7,12,0,2026-07-13T16:42:30.425852
TXN-03651,CUST-6021,8960,Debit Card,SUCCESS,,LOYAL,27,10,10,0,1,False,True,0.2,1.8,42,0,2026-09-01T16:42:30.425852
TXN-03652,CUST-7429,3942,UPI,FAILED,BANK_ERROR,AT_RISK,35,30,13,17,3,False,False,0.34,1.9,6,3,2026-07-04T16:42:30.425852
TXN-03653,CUST-6034,303,Credit Card,FAILED,CARD_EXPIRED,REGULAR,21,13,4,9,0,False,True,0.55,1.2,19,2,2026-08-05T16:42:30.425852
TXN-03654,CUST-6108,1474,UPI,SUCCESS,,AT_RISK,5,11,5,6,1,True,False,0.28,3.3,23,0,2026-08-26T16:42:30.425852
TXN-03655,CUST-7142,4831,Credit Card,SUCCESS,,AT_RISK,33,28,17,11,3,True,True,0.43,0.9,7,0,2026-07-14T16:42:30.425852
TXN-03656,CUST-8756,1650,UPI,SUCCESS,,AT_RISK,33,28,28,0,2,False,False,0.51,3.9,3,0,2026-08-17T16:42:30.425852
TXN-03657,CUST-9493,4818,UPI,SUCCESS,,AT_RISK,13,12,10,2,0,False,False,0.39,4.7,23,0,2026-08-28T16:42:30.425852
TXN-03658,CUST-9910,768,Debit Card,FAILED,CUSTOMER_ABANDONED,NEW,13,30,1,29,3,True,True,0.39,1.2,13,0,2026-07-15T16:42:30.425852
TXN-03659,CUST-6137,3585,Wallet,FAILED,NETWORK_TIMEOUT,AT_RISK,26,18,9,9,0,False,False,0.16,5.4,4,1,2026-08-06T16:42:30.425852
TXN-03660,CUST-6116,350,Net Banking,SUCCESS,,REGULAR,8,20,12,8,0,False,False,0.42,0.0,39,0,2026-07-27T16:42:30.425852
TXN-03661,CUST-9507,4250,Credit Card,SUCCESS,,LOYAL,8,12,5,7,1,True,True,0.77,2.8,4,0,2026-08-23T16:42:30.425852
TXN-03662,CUST-2930,862,Debit Card,SUCCESS,,NEW,23,3,0,3,1,True,False,0.33,6.1,5,0,2026-06-06T16:42:30.425852
TXN-03663,CUST-6203,670,Net Banking,FAILED,CUSTOMER_ABANDONED,REGULAR,2,4,2,2,0,False,True,0.6,3.4,47,3,2026-06-28T16:42:30.425852
TXN-03664,CUST-8483,15176,Net Banking,SUCCESS,,NEW,11,1,1,0,1,False,False,0.51,4.0,22,0,2026-07-29T16:42:30.425852
TXN-03665,CUST-5235,8615,Debit Card,SUCCESS,,REGULAR,3,15,13,2,3,True,True,0.66,4.8,19,0,2026-09-02T16:42:30.425852
TXN-03666,CUST-1070,17845,Wallet,SUCCESS,,AT_RISK,19,17,3,14,3,True,False,0.72,0.7,30,0,2026-06-17T16:42:30.425852
TXN-03667,CUST-4635,898,Credit Card,FAILED,CARD_EXPIRED,NEW,28,17,17,0,0,False,True,0.9,4.7,31,0,2026-08-10T16:42:30.425852
TXN-03668,CUST-2279,18430,Wallet,SUCCESS,,AT_RISK,36,13,12,1,2,True,False,0.55,1.1,60,0,2026-07-25T16:42:30.425852
TXN-03669,CUST-8480,15738,Credit Card,FAILED,NETWORK_TIMEOUT,NEW,2,19,13,6,0,False,False,0.56,1.5,25,2,2026-07-10T16:42:30.425852
TXN-03670,CUST-7319,5003,Credit Card,FAILED,BANK_ERROR,NEW,26,20,9,11,3,True,False,0.82,5.6,11,1,2026-07-02T16:42:30.425852
TXN-03671,CUST-8848,9454,UPI,SUCCESS,,REGULAR,3,17,9,8,2,True,False,0.4,3.7,58,0,2026-07-15T16:42:30.425852
TXN-03672,CUST-5684,12767,Credit Card,SUCCESS,,LOYAL,16,14,10,4,1,True,True,0.29,1.9,13,0,2026-07-29T16:42:30.425852
TXN-03673,CUST-9083,3703,Wallet,FAILED,INSUFFICIENT_FUNDS,NEW,16,21,8,13,3,False,False,0.63,0.1,46,3,2026-07-09T16:42:30.425852
TXN-03674,CUST-1165,1048,Credit Card,SUCCESS,,LOYAL,19,9,3,6,0,False,True,0.66,4.8,40,0,2026-06-10T16:42:30.425852
TXN-03675,CUST-9129,608,UPI,FAILED,CUSTOMER_ABANDONED,NEW,5,23,4,19,3,False,True,0.36,5.3,39,3,2026-07-11T16:42:30.425852
TXN-03676,CUST-8904,902,UPI,FAILED,PAYMENT_DECLINED,LOYAL,4,10,7,3,3,False,True,0.49,5.4,22,1,2026-08-20T16:42:30.425852
TXN-03677,CUST-1661,7413,Net Banking,SUCCESS,,LOYAL,2,17,10,7,2,True,False,0.1,6.5,14,0,2026-07-07T16:42:30.425852
TXN-03678,CUST-1277,1010,Net Banking,SUCCESS,,LOYAL,14,1,0,1,3,False,False,0.66,4.5,59,0,2026-08-01T16:42:30.425852
TXN-03679,CUST-4097,19138,Net Banking,SUCCESS,,REGULAR,28,6,0,6,0,False,True,0.33,6.8,21,0,2026-07-13T16:42:30.425852
TXN-03680,CUST-2313,775,UPI,SUCCESS,,AT_RISK,23,3,1,2,2,False,True,0.47,3.9,1,0,2026-06-22T16:42:30.425852
TXN-03681,CUST-8566,5807,Credit Card,SUCCESS,,LOYAL,25,12,6,6,2,True,True,0.14,2.0,5,0,2026-07-15T16:42:30.425852
TXN-03682,CUST-9784,4314,Debit Card,SUCCESS,,LOYAL,14,19,13,6,3,True,True,0.52,5.5,60,0,2026-06-12T16:42:30.425852
TXN-03683,CUST-9404,981,Net Banking,SUCCESS,,REGULAR,34,24,9,15,2,True,False,0.8,1.7,45,0,2026-07-27T16:42:30.425852
TXN-03684,CUST-8333,547,Net Banking,SUCCESS,,AT_RISK,2,23,13,10,0,False,True,0.21,6.2,38,0,2026-07-13T16:42:30.425852
TXN-03685,CUST-2944,865,Debit Card,SUCCESS,,AT_RISK,32,4,3,1,0,False,True,0.55,2.2,22,0,2026-06-10T16:42:30.425852
TXN-03686,CUST-3454,3572,Wallet,SUCCESS,,AT_RISK,4,11,3,8,1,True,False,0.85,0.0,2,0,2026-07-19T16:42:30.425852
TXN-03687,CUST-3411,1638,Wallet,SUCCESS,,REGULAR,10,15,1,14,1,False,True,0.12,0.4,5,0,2026-08-14T16:42:30.425852
TXN-03688,CUST-2359,3820,Wallet,SUCCESS,,NEW,32,19,13,6,2,True,True,0.29,2.8,13,0,2026-08-19T16:42:30.425852
TXN-03689,CUST-5212,2383,Net Banking,SUCCESS,,NEW,4,27,19,8,3,True,True,0.8,3.9,9,0,2026-07-10T16:42:30.425852
TXN-03690,CUST-1076,7501,UPI,FAILED,NETWORK_TIMEOUT,REGULAR,24,22,3,19,2,True,True,0.44,1.6,28,0,2026-06-24T16:42:30.425852
TXN-03691,CUST-4281,700,Wallet,SUCCESS,,LOYAL,18,22,2,20,3,True,False,0.32,5.9,24,0,2026-06-25T16:42:30.425852
TXN-03692,CUST-5255,581,Debit Card,SUCCESS,,NEW,1,11,5,6,3,False,True,0.28,3.8,31,0,2026-09-04T16:42:30.425852
TXN-03693,CUST-7913,830,Net Banking,SUCCESS,,REGULAR,5,17,9,8,0,False,False,0.22,6.7,18,0,2026-07-23T16:42:30.425852
TXN-03694,CUST-2735,7680,Debit Card,SUCCESS,,REGULAR,36,12,11,1,2,True,True,0.56,1.2,39,0,2026-07-15T16:42:30.425852
TXN-03695,CUST-2102,14728,Debit Card,SUCCESS,,LOYAL,22,8,4,4,3,True,False,0.92,5.3,59,0,2026-08-02T16:42:30.425852
TXN-03696,CUST-2778,407,Wallet,SUCCESS,,AT_RISK,7,8,6,2,3,False,False,0.27,5.3,42,0,2026-08-16T16:42:30.425852
TXN-03697,CUST-9536,16716,Credit Card,SUCCESS,,NEW,18,22,9,13,0,False,False,0.55,3.6,29,0,2026-08-29T16:42:30.425852
TXN-03698,CUST-2709,401,Net Banking,FAILED,BANK_ERROR,REGULAR,23,18,8,10,2,False,False,0.55,4.1,60,2,2026-07-20T16:42:30.425852
TXN-03699,CUST-8807,1906,Credit Card,SUCCESS,,REGULAR,31,26,26,0,2,True,True,0.84,5.4,13,0,2026-07-16T16:42:30.425852
TXN-03700,CUST-3901,309,Wallet,FAILED,CUSTOMER_ABANDONED,LOYAL,29,26,0,26,1,False,False,0.65,5.7,28,3,2026-08-15T16:42:30.425852
TXN-03701,CUST-3135,349,Debit Card,FAILED,CUSTOMER_ABANDONED,LOYAL,3,12,2,10,1,False,True,0.66,6.7,14,0,2026-08-14T16:42:30.425852
TXN-03702,CUST-5619,357,Credit Card,SUCCESS,,AT_RISK,1,24,20,4,0,False,False,0.55,5.3,10,0,2026-06-28T16:42:30.425852
TXN-03703,CUST-3546,2175,Credit Card,SUCCESS,,LOYAL,34,21,15,6,3,True,False,0.27,3.5,32,0,2026-06-10T16:42:30.425852
TXN-03704,CUST-7146,662,UPI,SUCCESS,,NEW,17,15,14,1,1,True,False,0.66,1.1,25,0,2026-08-07T16:42:30.425852
TXN-03705,CUST-5748,6806,Debit Card,SUCCESS,,REGULAR,7,12,7,5,0,False,False,0.65,2.8,44,0,2026-07-17T16:42:30.425852
TXN-03706,CUST-6125,476,Net Banking,SUCCESS,,NEW,21,26,1,25,1,False,False,0.74,0.2,21,0,2026-07-16T16:42:30.425852
TXN-03707,CUST-8135,1518,Wallet,SUCCESS,,LOYAL,17,21,6,15,0,False,False,0.34,0.1,12,0,2026-08-27T16:42:30.425852
TXN-03708,CUST-8612,13526,Net Banking,SUCCESS,,NEW,31,30,9,21,0,False,False,0.29,0.0,58,0,2026-06-20T16:42:30.425852
TXN-03709,CUST-8993,2731,Credit Card,SUCCESS,,REGULAR,8,9,2,7,0,False,False,0.86,3.1,5,0,2026-08-25T16:42:30.425852
TXN-03710,CUST-2075,292,Wallet,SUCCESS,,AT_RISK,13,14,6,8,2,True,False,0.24,6.4,29,0,2026-06-23T16:42:30.425852
TXN-03711,CUST-5480,3372,Credit Card,SUCCESS,,AT_RISK,35,16,10,6,1,False,False,0.69,1.8,36,0,2026-08-03T16:42:30.425852
TXN-03712,CUST-3494,11633,UPI,SUCCESS,,AT_RISK,3,7,2,5,1,False,True,0.91,0.4,1,0,2026-07-29T16:42:30.425852
TXN-03713,CUST-3868,4719,Credit Card,FAILED,INSUFFICIENT_FUNDS,LOYAL,8,20,18,2,2,False,False,0.41,0.9,59,3,2026-08-09T16:42:30.425852
TXN-03714,CUST-2432,3875,Net Banking,SUCCESS,,REGULAR,10,25,7,18,2,False,False,0.69,6.2,54,0,2026-08-12T16:42:30.425852
TXN-03715,CUST-3469,3501,Wallet,SUCCESS,,REGULAR,34,30,16,14,2,False,True,0.26,2.5,53,0,2026-08-14T16:42:30.425852
TXN-03716,CUST-1962,998,Debit Card,FAILED,CARD_EXPIRED,REGULAR,10,25,15,10,1,True,False,0.84,2.0,3,0,2026-08-18T16:42:30.425852
TXN-03717,CUST-2379,1559,Wallet,SUCCESS,,REGULAR,27,17,10,7,0,False,True,0.51,1.5,49,0,2026-09-01T16:42:30.425852
TXN-03718,CUST-3553,10390,Credit Card,SUCCESS,,REGULAR,4,10,10,0,1,True,False,0.74,5.8,32,0,2026-07-01T16:42:30.425852
TXN-03719,CUST-4863,15715,Wallet,SUCCESS,,AT_RISK,2,11,2,9,2,True,True,0.81,3.2,15,0,2026-07-29T16:42:30.425852
TXN-03720,CUST-6297,4679,UPI,SUCCESS,,REGULAR,11,16,16,0,1,True,True,0.24,2.4,55,0,2026-07-25T16:42:30.425852
TXN-03721,CUST-7608,4729,Credit Card,SUCCESS,,AT_RISK,25,1,1,0,2,False,True,0.3,4.4,31,0,2026-06-22T16:42:30.425852
TXN-03722,CUST-6338,705,UPI,SUCCESS,,AT_RISK,16,18,0,18,2,True,True,0.61,6.9,40,0,2026-08-15T16:42:30.425852
TXN-03723,CUST-4505,1373,Wallet,SUCCESS,,LOYAL,10,9,6,3,0,False,False,0.75,2.6,46,0,2026-06-25T16:42:30.425852
TXN-03724,CUST-3161,849,Wallet,SUCCESS,,NEW,1,5,5,0,2,True,False,0.73,5.4,52,0,2026-07-26T16:42:30.425852
TXN-03725,CUST-1027,434,Net Banking,SUCCESS,,AT_RISK,32,17,15,2,3,True,True,0.69,1.7,42,0,2026-09-04T16:42:30.425852
TXN-03726,CUST-4457,19132,UPI,SUCCESS,,AT_RISK,23,1,0,1,2,False,True,0.13,6.9,28,0,2026-08-22T16:42:30.425852
TXN-03727,CUST-9246,18285,UPI,SUCCESS,,LOYAL,31,2,1,1,3,True,True,0.63,0.1,49,0,2026-08-28T16:42:30.425852
TXN-03728,CUST-9971,703,UPI,SUCCESS,,AT_RISK,22,26,1,25,2,False,True,0.12,2.6,31,0,2026-08-16T16:42:30.425852
TXN-03729,CUST-3960,19604,Credit Card,FAILED,PAYMENT_DECLINED,NEW,14,20,1,19,1,False,True,0.55,1.3,1,1,2026-08-19T16:42:30.425852
TXN-03730,CUST-5113,357,Wallet,SUCCESS,,REGULAR,19,29,27,2,0,False,True,0.45,3.3,32,0,2026-07-27T16:42:30.425852
TXN-03731,CUST-3359,512,Net Banking,FAILED,NETWORK_TIMEOUT,NEW,10,28,8,20,1,False,False,0.2,2.6,35,0,2026-08-07T16:42:30.425852
TXN-03732,CUST-3957,678,Debit Card,SUCCESS,,REGULAR,11,24,24,0,0,False,False,0.55,4.3,37,0,2026-06-11T16:42:30.425852
TXN-03733,CUST-8581,11547,Wallet,SUCCESS,,LOYAL,33,19,2,17,2,True,True,0.59,6.6,13,0,2026-08-24T16:42:30.425852
TXN-03734,CUST-6225,19967,UPI,FAILED,CUSTOMER_ABANDONED,LOYAL,8,8,8,0,2,True,False,0.25,3.3,47,0,2026-07-28T16:42:30.425852
TXN-03735,CUST-2793,2342,Wallet,SUCCESS,,NEW,20,4,3,1,2,False,False,0.44,4.0,53,0,2026-06-29T16:42:30.425852
TXN-03736,CUST-4689,279,Net Banking,SUCCESS,,NEW,12,14,6,8,0,False,False,0.59,5.5,38,0,2026-07-05T16:42:30.425852
TXN-03737,CUST-5468,263,Debit Card,SUCCESS,,REGULAR,34,28,10,18,3,False,True,0.26,5.0,3,0,2026-06-30T16:42:30.425852
TXN-03738,CUST-1991,4953,UPI,SUCCESS,,AT_RISK,36,7,3,4,0,False,False,0.84,5.2,35,0,2026-06-20T16:42:30.425852
TXN-03739,CUST-1911,14756,Net Banking,SUCCESS,,REGULAR,29,14,0,14,1,True,False,0.66,4.1,16,0,2026-07-18T16:42:30.425852
TXN-03740,CUST-5042,480,Net Banking,SUCCESS,,AT_RISK,11,1,1,0,3,False,False,0.88,4.9,58,0,2026-07-10T16:42:30.425852
TXN-03741,CUST-9317,1499,Debit Card,FAILED,INSUFFICIENT_FUNDS,NEW,8,3,2,1,0,False,True,0.14,2.0,2,0,2026-08-22T16:42:30.425852
TXN-03742,CUST-9608,2556,Net Banking,SUCCESS,,REGULAR,22,11,8,3,3,True,True,0.42,0.3,21,0,2026-07-04T16:42:30.425852
TXN-03743,CUST-8846,4538,Credit Card,SUCCESS,,AT_RISK,27,12,8,4,3,False,True,0.94,1.8,50,0,2026-08-28T16:42:30.425852
TXN-03744,CUST-2292,579,UPI,FAILED,CARD_EXPIRED,NEW,11,16,14,2,3,True,False,0.67,2.8,59,0,2026-08-30T16:42:30.425852
TXN-03745,CUST-4670,637,Wallet,SUCCESS,,NEW,20,12,1,11,3,True,True,0.42,0.7,3,0,2026-07-27T16:42:30.425852
TXN-03746,CUST-5836,9685,Net Banking,SUCCESS,,NEW,3,23,8,15,2,True,True,0.36,6.3,33,0,2026-06-21T16:42:30.425852
TXN-03747,CUST-6755,3828,Net Banking,SUCCESS,,LOYAL,26,30,18,12,3,True,True,0.77,5.4,41,0,2026-07-22T16:42:30.425852
TXN-03748,CUST-3549,3219,Debit Card,SUCCESS,,REGULAR,13,29,14,15,3,True,False,0.66,1.7,27,0,2026-07-07T16:42:30.425852
TXN-03749,CUST-1211,12483,Credit Card,FAILED,NETWORK_TIMEOUT,LOYAL,9,18,4,14,1,True,False,0.57,1.9,46,1,2026-09-03T16:42:30.425852
TXN-03750,CUST-5275,18367,Credit Card,FAILED,INSUFFICIENT_FUNDS,REGULAR,30,16,4,12,3,True,False,0.48,0.4,17,1,2026-07-15T16:42:30.425852
TXN-03751,CUST-3557,890,Debit Card,SUCCESS,,NEW,34,20,18,2,2,False,True,0.79,1.0,6,0,2026-07-27T16:42:30.425852
TXN-03752,CUST-1534,3159,UPI,SUCCESS,,AT_RISK,32,13,4,9,0,False,True,0.82,4.7,5,0,2026-07-26T16:42:30.425852
TXN-03753,CUST-8641,1677,Wallet,SUCCESS,,NEW,17,22,2,20,3,False,True,0.87,1.4,35,0,2026-06-13T16:42:30.425852
TXN-03754,CUST-9095,14368,Net Banking,SUCCESS,,NEW,33,25,1,24,0,False,False,0.21,4.1,1,0,2026-07-10T16:42:30.425852
TXN-03755,CUST-1253,3183,Credit Card,SUCCESS,,NEW,22,12,12,0,0,False,False,0.13,1.8,45,0,2026-07-21T16:42:30.425852
TXN-03756,CUST-2701,6460,Debit Card,FAILED,BANK_ERROR,AT_RISK,6,7,0,7,1,True,True,0.38,5.1,11,1,2026-08-04T16:42:30.425852
TXN-03757,CUST-6172,2906,Debit Card,SUCCESS,,AT_RISK,8,8,0,8,1,False,False,0.89,4.8,36,0,2026-08-09T16:42:30.425852
TXN-03758,CUST-4421,564,Credit Card,SUCCESS,,NEW,6,23,9,14,3,False,False,0.9,7.0,50,0,2026-06-25T16:42:30.425852
TXN-03759,CUST-6007,1638,Net Banking,SUCCESS,,AT_RISK,25,17,7,10,1,False,False,0.73,1.8,28,0,2026-07-27T16:42:30.425852
TXN-03760,CUST-9954,305,Credit Card,SUCCESS,,NEW,3,13,8,5,3,False,True,0.9,3.0,14,0,2026-08-21T16:42:30.425852
TXN-03761,CUST-7193,14132,Net Banking,SUCCESS,,REGULAR,6,12,3,9,3,False,False,0.82,1.1,58,0,2026-08-04T16:42:30.425852
TXN-03762,CUST-7206,17178,Credit Card,FAILED,CARD_EXPIRED,LOYAL,22,15,0,15,1,False,False,0.88,0.3,56,3,2026-06-11T16:42:30.425852
TXN-03763,CUST-5874,2131,UPI,SUCCESS,,REGULAR,2,17,1,16,3,False,True,0.21,0.4,46,0,2026-08-15T16:42:30.425852
TXN-03764,CUST-3550,534,Wallet,SUCCESS,,AT_RISK,16,9,4,5,1,False,False,0.41,2.9,13,0,2026-08-06T16:42:30.425852
TXN-03765,CUST-4401,3009,Net Banking,SUCCESS,,LOYAL,33,2,2,0,2,True,False,0.55,6.3,23,0,2026-07-14T16:42:30.425852
TXN-03766,CUST-4201,689,UPI,FAILED,PAYMENT_DECLINED,LOYAL,24,4,2,2,1,False,True,0.53,6.4,7,2,2026-08-12T16:42:30.425852
TXN-03767,CUST-5315,238,Credit Card,SUCCESS,,LOYAL,33,6,1,5,1,True,False,0.76,5.1,2,0,2026-07-04T16:42:30.425852
TXN-03768,CUST-1135,10096,Wallet,SUCCESS,,REGULAR,28,9,4,5,2,False,True,0.22,2.7,42,0,2026-08-08T16:42:30.425852
TXN-03769,CUST-9905,719,Net Banking,SUCCESS,,AT_RISK,12,11,4,7,1,True,True,0.68,4.2,32,0,2026-07-05T16:42:30.425852
TXN-03770,CUST-2802,623,Debit Card,SUCCESS,,REGULAR,4,2,1,1,0,False,True,0.14,3.8,42,0,2026-08-18T16:42:30.425852
TXN-03771,CUST-7017,4227,UPI,SUCCESS,,LOYAL,19,10,8,2,1,True,False,0.93,4.9,33,0,2026-08-11T16:42:30.425852
TXN-03772,CUST-6240,7859,UPI,SUCCESS,,AT_RISK,25,21,3,18,1,False,True,0.83,0.0,15,0,2026-07-25T16:42:30.425852
TXN-03773,CUST-9215,12339,Net Banking,FAILED,PAYMENT_DECLINED,AT_RISK,36,11,3,8,2,False,True,0.11,5.9,8,3,2026-07-03T16:42:30.425852
TXN-03774,CUST-5683,211,Credit Card,SUCCESS,,NEW,8,12,12,0,0,False,False,0.13,6.3,50,0,2026-08-15T16:42:30.425852
TXN-03775,CUST-8427,1542,Credit Card,SUCCESS,,LOYAL,29,17,14,3,1,False,False,0.54,1.5,42,0,2026-08-26T16:42:30.425852
TXN-03776,CUST-2336,1725,UPI,SUCCESS,,LOYAL,1,28,11,17,0,False,False,0.7,0.8,45,0,2026-07-30T16:42:30.425852
TXN-03777,CUST-7843,10152,Wallet,SUCCESS,,REGULAR,26,1,1,0,0,False,False,0.52,4.7,19,0,2026-08-23T16:42:30.425852
TXN-03778,CUST-7411,13320,Wallet,SUCCESS,,LOYAL,29,24,9,15,0,False,False,0.39,6.6,57,0,2026-07-05T16:42:30.425852
TXN-03779,CUST-9414,14727,Net Banking,SUCCESS,,LOYAL,9,10,0,10,2,False,True,0.39,2.3,38,0,2026-07-11T16:42:30.425852
TXN-03780,CUST-7024,1879,UPI,SUCCESS,,NEW,34,8,1,7,1,True,True,0.87,4.0,43,0,2026-06-25T16:42:30.425852
TXN-03781,CUST-3186,2566,Credit Card,FAILED,BANK_ERROR,NEW,3,22,3,19,0,False,True,0.73,2.3,8,2,2026-08-26T16:42:30.425852
TXN-03782,CUST-3799,6435,UPI,SUCCESS,,AT_RISK,31,26,17,9,3,True,True,0.71,5.9,48,0,2026-07-16T16:42:30.425852
TXN-03783,CUST-9320,7680,UPI,SUCCESS,,LOYAL,31,18,0,18,1,False,True,0.13,6.1,3,0,2026-09-03T16:42:30.425852
TXN-03784,CUST-8806,4331,Net Banking,SUCCESS,,REGULAR,22,7,4,3,1,True,True,0.49,3.3,38,0,2026-06-23T16:42:30.425852
TXN-03785,CUST-7613,2605,Debit Card,SUCCESS,,REGULAR,23,15,9,6,2,True,False,0.59,3.7,39,0,2026-08-30T16:42:30.425852
TXN-03786,CUST-1910,16051,UPI,FAILED,CUSTOMER_ABANDONED,LOYAL,10,7,3,4,3,False,False,0.28,2.2,6,3,2026-06-25T16:42:30.425852
TXN-03787,CUST-8243,466,Wallet,SUCCESS,,REGULAR,7,27,27,0,3,True,False,0.16,6.6,27,0,2026-06-24T16:42:30.425852
TXN-03788,CUST-2288,11918,Wallet,SUCCESS,,NEW,33,8,8,0,1,True,True,0.23,6.8,54,0,2026-07-13T16:42:30.425852
TXN-03789,CUST-2349,6200,Debit Card,SUCCESS,,LOYAL,30,1,1,0,1,False,True,0.26,0.8,54,0,2026-08-22T16:42:30.425852
TXN-03790,CUST-5415,10198,Debit Card,FAILED,NETWORK_TIMEOUT,NEW,14,11,6,5,0,False,True,0.34,5.7,9,2,2026-08-17T16:42:30.425852
TXN-03791,CUST-4383,2446,UPI,FAILED,PAYMENT_DECLINED,REGULAR,3,15,6,9,1,False,True,0.43,0.2,20,3,2026-07-25T16:42:30.425852
TXN-03792,CUST-2919,19048,Net Banking,FAILED,BANK_ERROR,NEW,8,5,5,0,2,False,False,0.44,4.9,8,2,2026-08-20T16:42:30.425852
TXN-03793,CUST-9453,9743,Net Banking,SUCCESS,,LOYAL,31,29,18,11,0,False,True,0.89,0.7,14,0,2026-09-03T16:42:30.425852
TXN-03794,CUST-5535,14205,Credit Card,SUCCESS,,REGULAR,16,14,13,1,1,True,True,0.27,3.9,27,0,2026-07-29T16:42:30.425852
TXN-03795,CUST-1922,335,Net Banking,SUCCESS,,LOYAL,22,23,17,6,1,False,True,0.38,5.9,35,0,2026-08-27T16:42:30.425852
TXN-03796,CUST-9700,309,Wallet,FAILED,INSUFFICIENT_FUNDS,NEW,24,8,4,4,2,False,True,0.63,5.4,21,2,2026-08-11T16:42:30.425852
TXN-03797,CUST-7573,1715,Net Banking,FAILED,BANK_ERROR,NEW,3,29,22,7,3,True,False,0.92,5.9,43,1,2026-06-12T16:42:30.425852
TXN-03798,CUST-7614,10040,Credit Card,SUCCESS,,LOYAL,29,23,16,7,1,False,True,0.81,5.7,27,0,2026-06-26T16:42:30.425852
TXN-03799,CUST-3911,2199,Net Banking,SUCCESS,,REGULAR,12,11,5,6,0,False,False,0.45,1.1,1,0,2026-07-29T16:42:30.425852
TXN-03800,CUST-1072,1997,Credit Card,SUCCESS,,REGULAR,19,8,4,4,1,False,False,0.27,5.3,23,0,2026-07-29T16:42:30.425852
TXN-03801,CUST-3613,2485,Debit Card,FAILED,CUSTOMER_ABANDONED,AT_RISK,19,20,17,3,0,False,True,0.47,5.3,24,2,2026-07-30T16:42:30.425852
TXN-03802,CUST-6737,1111,Net Banking,FAILED,INSUFFICIENT_FUNDS,AT_RISK,13,4,3,1,1,True,True,0.66,0.3,11,2,2026-06-24T16:42:30.425852
TXN-03803,CUST-3428,10471,Debit Card,SUCCESS,,NEW,28,11,10,1,0,False,False,0.12,0.4,32,0,2026-08-16T16:42:30.425852
TXN-03804,CUST-5723,18965,Net Banking,SUCCESS,,REGULAR,11,17,3,14,3,False,True,0.15,6.7,9,0,2026-07-16T16:42:30.425852
TXN-03805,CUST-8298,10183,Credit Card,SUCCESS,,REGULAR,13,3,3,0,3,True,False,0.75,5.2,5,0,2026-08-26T16:42:30.425852
TXN-03806,CUST-4887,3080,Credit Card,SUCCESS,,REGULAR,25,29,4,25,1,True,True,0.84,5.1,40,0,2026-07-05T16:42:30.425852
TXN-03807,CUST-1727,888,Wallet,SUCCESS,,NEW,24,24,18,6,2,True,True,0.77,0.1,15,0,2026-08-24T16:42:30.425852
TXN-03808,CUST-6463,16055,Net Banking,SUCCESS,,LOYAL,13,22,3,19,1,False,False,0.41,2.5,33,0,2026-08-08T16:42:30.425852
TXN-03809,CUST-3202,6842,Debit Card,FAILED,INSUFFICIENT_FUNDS,NEW,20,11,6,5,1,True,False,0.35,4.8,20,3,2026-08-18T16:42:30.425852
TXN-03810,CUST-1460,961,Net Banking,SUCCESS,,REGULAR,12,21,17,4,3,False,False,0.47,2.1,26,0,2026-07-21T16:42:30.425852
TXN-03811,CUST-5080,1587,Debit Card,SUCCESS,,LOYAL,27,22,0,22,2,True,False,0.54,5.5,9,0,2026-06-15T16:42:30.425852
TXN-03812,CUST-9184,285,Debit Card,SUCCESS,,REGULAR,5,15,3,12,3,False,False,0.72,5.6,36,0,2026-08-18T16:42:30.425852
TXN-03813,CUST-7039,784,Credit Card,SUCCESS,,NEW,11,17,2,15,3,False,True,0.51,2.0,49,0,2026-08-07T16:42:30.425852
TXN-03814,CUST-8041,16409,Debit Card,SUCCESS,,AT_RISK,14,16,11,5,1,False,True,0.76,5.1,15,0,2026-08-21T16:42:30.425852
TXN-03815,CUST-6043,677,Net Banking,SUCCESS,,AT_RISK,30,28,0,28,0,False,False,0.46,4.1,37,0,2026-08-21T16:42:30.425852
TXN-03816,CUST-3419,3544,Net Banking,FAILED,BANK_ERROR,AT_RISK,31,1,1,0,3,True,False,0.9,2.4,51,0,2026-07-25T16:42:30.425852
TXN-03817,CUST-2864,474,UPI,SUCCESS,,NEW,30,27,18,9,2,True,True,0.64,4.8,9,0,2026-09-03T16:42:30.425852
TXN-03818,CUST-2146,729,Debit Card,SUCCESS,,LOYAL,25,28,24,4,1,False,False,0.9,2.9,6,0,2026-07-26T16:42:30.425852
TXN-03819,CUST-5159,4160,Net Banking,SUCCESS,,LOYAL,20,8,1,7,1,False,True,0.27,5.1,12,0,2026-06-21T16:42:30.425852
TXN-03820,CUST-6825,16620,UPI,SUCCESS,,AT_RISK,16,29,27,2,0,False,False,0.87,5.3,48,0,2026-07-10T16:42:30.425852
TXN-03821,CUST-1021,4801,Wallet,SUCCESS,,LOYAL,30,29,14,15,3,True,False,0.93,3.8,24,0,2026-06-16T16:42:30.425852
TXN-03822,CUST-4375,816,Net Banking,FAILED,CUSTOMER_ABANDONED,NEW,18,2,2,0,3,False,False,0.38,5.0,43,1,2026-06-06T16:42:30.425852
TXN-03823,CUST-8954,1565,Debit Card,FAILED,BANK_ERROR,REGULAR,25,25,16,9,1,True,False,0.45,0.4,38,3,2026-06-06T16:42:30.425852
TXN-03824,CUST-2056,2425,Net Banking,SUCCESS,,AT_RISK,25,25,2,23,1,True,True,0.17,5.5,23,0,2026-06-28T16:42:30.425852
TXN-03825,CUST-7752,238,Debit Card,FAILED,BANK_ERROR,AT_RISK,19,12,7,5,0,False,True,0.81,5.4,10,1,2026-08-13T16:42:30.425852
TXN-03826,CUST-7629,3634,Debit Card,SUCCESS,,AT_RISK,5,23,17,6,2,True,True,0.1,2.1,31,0,2026-08-08T16:42:30.425852
TXN-03827,CUST-4066,14923,Net Banking,FAILED,INSUFFICIENT_FUNDS,REGULAR,10,19,9,10,2,True,True,0.65,0.6,5,2,2026-08-25T16:42:30.425852
TXN-03828,CUST-6522,448,Debit Card,FAILED,NETWORK_TIMEOUT,LOYAL,6,30,17,13,0,False,False,0.87,4.1,44,0,2026-06-27T16:42:30.425852
TXN-03829,CUST-1144,4978,Credit Card,FAILED,PAYMENT_DECLINED,AT_RISK,19,12,6,6,0,False,True,0.17,0.9,19,2,2026-06-07T16:42:30.425852
TXN-03830,CUST-8132,906,Net Banking,SUCCESS,,NEW,23,28,7,21,0,False,False,0.23,4.8,27,0,2026-08-28T16:42:30.425852
TXN-03831,CUST-8296,4297,Credit Card,SUCCESS,,REGULAR,13,12,6,6,1,True,True,0.21,6.5,24,0,2026-06-25T16:42:30.425852
TXN-03832,CUST-3305,7764,Credit Card,SUCCESS,,REGULAR,28,11,0,11,0,False,True,0.45,3.9,34,0,2026-08-22T16:42:30.425852
TXN-03833,CUST-8188,590,Debit Card,SUCCESS,,REGULAR,33,23,12,11,0,False,True,0.31,3.7,19,0,2026-06-15T16:42:30.425852
TXN-03834,CUST-5249,12564,Debit Card,SUCCESS,,LOYAL,32,3,1,2,1,True,False,0.33,4.7,43,0,2026-07-26T16:42:30.425852
TXN-03835,CUST-9498,307,Credit Card,SUCCESS,,AT_RISK,31,3,0,3,0,False,False,0.9,5.8,24,0,2026-07-01T16:42:30.425852
TXN-03836,CUST-7486,645,Credit Card,SUCCESS,,AT_RISK,26,11,9,2,3,True,True,0.46,2.8,2,0,2026-07-03T16:42:30.425852
TXN-03837,CUST-2147,13610,UPI,SUCCESS,,NEW,36,14,2,12,1,True,True,0.84,6.8,38,0,2026-07-27T16:42:30.425852
TXN-03838,CUST-1618,4972,Wallet,FAILED,CUSTOMER_ABANDONED,REGULAR,2,22,21,1,2,True,False,0.15,2.5,22,1,2026-07-23T16:42:30.425852
TXN-03839,CUST-7894,2416,Net Banking,SUCCESS,,AT_RISK,33,6,2,4,2,False,False,0.42,2.1,3,0,2026-07-13T16:42:30.425852
TXN-03840,CUST-9841,5465,Debit Card,SUCCESS,,NEW,27,11,2,9,3,False,True,0.83,4.2,48,0,2026-06-25T16:42:30.425852
TXN-03841,CUST-3574,384,Debit Card,SUCCESS,,LOYAL,11,7,4,3,2,True,True,0.39,2.7,19,0,2026-08-22T16:42:30.425852
TXN-03842,CUST-4443,6775,Credit Card,FAILED,CARD_EXPIRED,NEW,33,19,18,1,3,False,True,0.74,3.2,36,2,2026-07-17T16:42:30.425852
TXN-03843,CUST-6688,16178,UPI,SUCCESS,,REGULAR,32,13,13,0,0,False,False,0.74,4.2,38,0,2026-07-11T16:42:30.425852
TXN-03844,CUST-8755,219,Net Banking,FAILED,BANK_ERROR,REGULAR,7,12,6,6,1,False,False,0.68,4.9,44,2,2026-07-15T16:42:30.425852
TXN-03845,CUST-4717,4346,UPI,SUCCESS,,AT_RISK,32,16,2,14,0,False,True,0.45,4.1,17,0,2026-07-22T16:42:30.425852
TXN-03846,CUST-3957,11818,Wallet,FAILED,INSUFFICIENT_FUNDS,LOYAL,28,6,5,1,1,False,True,0.12,5.9,14,2,2026-08-21T16:42:30.425852
TXN-03847,CUST-9873,17303,Wallet,SUCCESS,,NEW,13,20,10,10,1,True,False,0.57,5.4,25,0,2026-07-25T16:42:30.425852
TXN-03848,CUST-1680,744,Credit Card,SUCCESS,,NEW,16,22,18,4,1,True,True,0.27,6.3,27,0,2026-06-30T16:42:30.425852
TXN-03849,CUST-6569,325,Credit Card,FAILED,INSUFFICIENT_FUNDS,LOYAL,10,4,1,3,1,True,False,0.71,5.9,17,3,2026-07-25T16:42:30.425852
TXN-03850,CUST-5526,945,UPI,SUCCESS,,AT_RISK,30,11,11,0,3,False,False,0.64,2.0,37,0,2026-08-12T16:42:30.425852
TXN-03851,CUST-9634,4041,Credit Card,SUCCESS,,AT_RISK,2,12,8,4,0,False,False,0.39,5.3,7,0,2026-07-03T16:42:30.425852
TXN-03852,CUST-4731,465,Wallet,FAILED,INSUFFICIENT_FUNDS,REGULAR,29,9,6,3,0,False,True,0.34,4.6,58,2,2026-07-08T16:42:30.425852
TXN-03853,CUST-8864,11149,Net Banking,SUCCESS,,LOYAL,36,20,1,19,2,True,False,0.71,2.8,55,0,2026-07-07T16:42:30.425852
TXN-03854,CUST-5468,936,UPI,SUCCESS,,AT_RISK,14,9,9,0,1,True,False,0.28,1.9,50,0,2026-07-05T16:42:30.425852
TXN-03855,CUST-9974,435,Wallet,FAILED,CARD_EXPIRED,AT_RISK,17,14,10,4,3,True,False,0.94,1.2,52,2,2026-09-04T16:42:30.425852
TXN-03856,CUST-2972,11474,Credit Card,SUCCESS,,NEW,20,5,2,3,0,False,False,0.59,6.3,18,0,2026-08-31T16:42:30.425852
TXN-03857,CUST-7205,2102,UPI,SUCCESS,,REGULAR,32,7,3,4,3,False,True,0.18,5.0,40,0,2026-06-21T16:42:30.425852
TXN-03858,CUST-6717,5381,Debit Card,SUCCESS,,AT_RISK,7,18,0,18,1,True,False,0.35,3.0,2,0,2026-09-04T16:42:30.425852
TXN-03859,CUST-8645,724,UPI,SUCCESS,,LOYAL,34,11,11,0,2,False,True,0.16,3.7,55,0,2026-08-18T16:42:30.425852
TXN-03860,CUST-1229,4375,Net Banking,SUCCESS,,NEW,31,23,7,16,3,True,True,0.6,5.9,11,0,2026-07-13T16:42:30.425852
TXN-03861,CUST-4874,15990,Debit Card,SUCCESS,,AT_RISK,14,21,18,3,1,True,True,0.87,3.7,26,0,2026-07-02T16:42:30.425852
TXN-03862,CUST-1289,979,Debit Card,FAILED,BANK_ERROR,NEW,1,3,1,2,0,False,False,0.49,5.8,24,0,2026-07-30T16:42:30.425852
TXN-03863,CUST-9638,623,UPI,SUCCESS,,AT_RISK,19,26,11,15,0,False,False,0.76,3.9,49,0,2026-07-31T16:42:30.425852
TXN-03864,CUST-3245,19665,Net Banking,SUCCESS,,REGULAR,9,14,6,8,3,True,True,0.59,6.1,17,0,2026-08-11T16:42:30.425852
TXN-03865,CUST-5619,13942,Debit Card,SUCCESS,,AT_RISK,1,13,6,7,3,True,False,0.26,0.3,58,0,2026-08-14T16:42:30.425852
TXN-03866,CUST-4663,4183,Wallet,SUCCESS,,REGULAR,4,1,1,0,2,True,False,0.37,1.4,58,0,2026-08-28T16:42:30.425852
TXN-03867,CUST-5841,10539,UPI,SUCCESS,,LOYAL,4,14,6,8,2,True,True,0.25,0.9,21,0,2026-07-14T16:42:30.425852
TXN-03868,CUST-8869,4986,UPI,SUCCESS,,NEW,28,26,2,24,2,False,True,0.86,6.7,14,0,2026-06-30T16:42:30.425852
TXN-03869,CUST-9030,3505,Credit Card,FAILED,CUSTOMER_ABANDONED,REGULAR,15,24,18,6,1,True,True,0.91,4.9,31,3,2026-07-24T16:42:30.425852
TXN-03870,CUST-8742,306,Net Banking,FAILED,CARD_EXPIRED,REGULAR,24,13,2,11,0,False,True,0.73,4.7,9,3,2026-08-11T16:42:30.425852
TXN-03871,CUST-2510,3954,Debit Card,SUCCESS,,NEW,13,15,4,11,3,True,True,0.92,2.8,60,0,2026-08-13T16:42:30.425852
TXN-03872,CUST-3521,702,Net Banking,FAILED,CUSTOMER_ABANDONED,AT_RISK,19,18,7,11,1,True,False,0.59,3.1,50,1,2026-08-02T16:42:30.425852
TXN-03873,CUST-9611,2197,Net Banking,SUCCESS,,LOYAL,15,24,22,2,0,False,False,0.18,3.7,46,0,2026-07-11T16:42:30.425852
TXN-03874,CUST-7539,863,UPI,SUCCESS,,NEW,6,22,16,6,2,True,True,0.12,2.1,50,0,2026-08-14T16:42:30.425852
TXN-03875,CUST-6729,3565,Net Banking,SUCCESS,,REGULAR,10,22,18,4,3,True,True,0.32,5.2,54,0,2026-07-09T16:42:30.425852
TXN-03876,CUST-1916,388,UPI,SUCCESS,,REGULAR,9,18,8,10,1,False,True,0.38,3.5,48,0,2026-08-09T16:42:30.425852
TXN-03877,CUST-9432,8997,UPI,FAILED,PAYMENT_DECLINED,LOYAL,2,5,2,3,3,True,True,0.7,2.2,13,0,2026-07-02T16:42:30.425852
TXN-03878,CUST-1106,511,Credit Card,FAILED,INSUFFICIENT_FUNDS,REGULAR,19,15,4,11,1,False,False,0.54,3.3,37,1,2026-06-27T16:42:30.425852
TXN-03879,CUST-7549,13842,Credit Card,FAILED,PAYMENT_DECLINED,AT_RISK,5,6,2,4,0,False,True,0.29,1.6,24,2,2026-08-20T16:42:30.425852
TXN-03880,CUST-3141,16722,UPI,SUCCESS,,NEW,31,22,17,5,0,False,True,0.71,1.9,31,0,2026-07-31T16:42:30.425852
TXN-03881,CUST-5264,13503,Net Banking,SUCCESS,,NEW,6,12,5,7,3,True,False,0.48,1.5,46,0,2026-08-04T16:42:30.425852
TXN-03882,CUST-4524,9235,Net Banking,SUCCESS,,LOYAL,21,10,3,7,1,True,False,0.68,3.4,53,0,2026-06-10T16:42:30.425852
TXN-03883,CUST-8403,843,UPI,SUCCESS,,AT_RISK,15,8,6,2,3,True,True,0.39,5.7,7,0,2026-07-03T16:42:30.425852
TXN-03884,CUST-2255,14042,Credit Card,FAILED,BANK_ERROR,REGULAR,1,16,5,11,2,False,True,0.13,4.5,54,3,2026-09-04T16:42:30.425852
TXN-03885,CUST-6534,964,Debit Card,SUCCESS,,AT_RISK,8,1,0,1,3,True,True,0.58,7.0,21,0,2026-08-18T16:42:30.425852
TXN-03886,CUST-6094,284,Debit Card,SUCCESS,,LOYAL,21,27,24,3,2,True,True,0.55,6.8,32,0,2026-07-07T16:42:30.425852
TXN-03887,CUST-4738,979,UPI,SUCCESS,,AT_RISK,27,8,1,7,1,True,True,0.81,0.5,12,0,2026-06-27T16:42:30.425852
TXN-03888,CUST-1348,6441,Net Banking,SUCCESS,,AT_RISK,10,5,3,2,0,False,True,0.53,5.6,18,0,2026-06-20T16:42:30.425852
TXN-03889,CUST-9022,3555,Wallet,SUCCESS,,NEW,15,6,2,4,1,False,False,0.26,2.4,42,0,2026-07-31T16:42:30.425852
TXN-03890,CUST-1066,2934,Debit Card,SUCCESS,,LOYAL,21,6,3,3,0,False,False,0.57,5.7,7,0,2026-07-12T16:42:30.425852
TXN-03891,CUST-1456,1796,Net Banking,SUCCESS,,AT_RISK,29,25,9,16,0,False,True,0.15,3.0,25,0,2026-07-23T16:42:30.425852
TXN-03892,CUST-9293,9874,UPI,SUCCESS,,LOYAL,12,1,1,0,1,True,True,0.92,1.0,1,0,2026-06-25T16:42:30.425852
TXN-03893,CUST-9370,551,Wallet,FAILED,BANK_ERROR,AT_RISK,28,17,13,4,2,False,False,0.73,1.3,13,1,2026-07-06T16:42:30.425852
TXN-03894,CUST-5392,8862,Debit Card,SUCCESS,,LOYAL,4,4,4,0,1,True,True,0.43,5.2,10,0,2026-07-25T16:42:30.425852
TXN-03895,CUST-5445,17694,Credit Card,SUCCESS,,AT_RISK,5,13,3,10,3,True,False,0.17,6.9,37,0,2026-07-01T16:42:30.425852
TXN-03896,CUST-5380,3365,UPI,SUCCESS,,LOYAL,8,13,6,7,2,False,False,0.47,5.7,27,0,2026-06-11T16:42:30.425852
TXN-03897,CUST-8156,9681,Debit Card,SUCCESS,,LOYAL,19,24,13,11,2,False,True,0.49,1.3,17,0,2026-06-13T16:42:30.425852
TXN-03898,CUST-3537,14737,Debit Card,SUCCESS,,LOYAL,26,29,0,29,3,False,False,0.41,2.1,23,0,2026-06-26T16:42:30.425852
TXN-03899,CUST-8643,11811,Wallet,FAILED,BANK_ERROR,LOYAL,13,14,12,2,1,False,False,0.14,2.3,25,1,2026-06-15T16:42:30.425852
TXN-03900,CUST-3325,14622,UPI,SUCCESS,,REGULAR,36,30,17,13,0,False,True,0.87,1.2,48,0,2026-06-24T16:42:30.425852
TXN-03901,CUST-4126,3675,Debit Card,SUCCESS,,NEW,35,16,16,0,2,True,True,0.64,1.1,17,0,2026-07-04T16:42:30.425852
TXN-03902,CUST-7724,321,Credit Card,SUCCESS,,REGULAR,6,25,25,0,3,False,True,0.47,6.8,16,0,2026-08-11T16:42:30.425852
TXN-03903,CUST-6408,14656,Debit Card,FAILED,BANK_ERROR,AT_RISK,9,7,1,6,1,True,False,0.94,1.2,44,1,2026-08-30T16:42:30.425852
TXN-03904,CUST-1159,1120,Net Banking,SUCCESS,,REGULAR,31,27,26,1,1,True,False,0.14,6.4,49,0,2026-07-06T16:42:30.425852
TXN-03905,CUST-4972,11701,Credit Card,SUCCESS,,AT_RISK,20,29,11,18,2,False,True,0.89,6.5,53,0,2026-07-07T16:42:30.425852
TXN-03906,CUST-1159,223,Net Banking,SUCCESS,,LOYAL,35,29,9,20,3,False,True,0.24,4.3,57,0,2026-06-30T16:42:30.425852
TXN-03907,CUST-2730,10026,Wallet,SUCCESS,,AT_RISK,8,22,3,19,2,False,True,0.48,5.3,22,0,2026-07-12T16:42:30.425852
TXN-03908,CUST-6463,3353,Wallet,SUCCESS,,AT_RISK,19,30,23,7,0,False,False,0.88,4.6,39,0,2026-06-10T16:42:30.425852
TXN-03909,CUST-2370,638,Net Banking,SUCCESS,,AT_RISK,6,11,9,2,3,True,False,0.55,1.1,20,0,2026-06-06T16:42:30.425852
TXN-03910,CUST-6767,751,Credit Card,FAILED,CARD_EXPIRED,LOYAL,16,19,18,1,1,False,True,0.91,5.8,11,3,2026-07-07T16:42:30.425852
TXN-03911,CUST-3351,736,Wallet,SUCCESS,,NEW,13,12,7,5,1,True,True,0.95,4.7,34,0,2026-07-23T16:42:30.425852
TXN-03912,CUST-8334,3490,UPI,SUCCESS,,NEW,21,2,0,2,3,False,False,0.73,6.5,60,0,2026-07-20T16:42:30.425852
TXN-03913,CUST-4410,8475,Wallet,SUCCESS,,NEW,5,11,6,5,1,True,True,0.5,1.5,46,0,2026-08-23T16:42:30.425852
TXN-03914,CUST-9131,232,UPI,FAILED,PAYMENT_DECLINED,NEW,16,9,9,0,1,True,False,0.9,5.3,35,0,2026-08-30T16:42:30.425852
TXN-03915,CUST-9157,11835,Credit Card,FAILED,BANK_ERROR,LOYAL,18,23,19,4,2,True,True,0.41,3.6,31,0,2026-06-06T16:42:30.425852
TXN-03916,CUST-4214,743,Credit Card,SUCCESS,,LOYAL,33,14,7,7,1,False,True,0.42,2.1,33,0,2026-07-12T16:42:30.425852
TXN-03917,CUST-2187,781,UPI,SUCCESS,,LOYAL,5,30,4,26,2,False,True,0.92,5.9,17,0,2026-08-18T16:42:30.425852
TXN-03918,CUST-6278,412,Net Banking,SUCCESS,,NEW,5,27,10,17,1,False,True,0.18,0.7,53,0,2026-06-11T16:42:30.425852
TXN-03919,CUST-8025,10702,Net Banking,SUCCESS,,LOYAL,18,29,6,23,1,True,True,0.38,3.1,40,0,2026-08-19T16:42:30.425852
TXN-03920,CUST-6878,2502,Wallet,SUCCESS,,LOYAL,9,21,14,7,0,False,True,0.62,4.3,24,0,2026-06-16T16:42:30.425852
TXN-03921,CUST-3504,1563,Credit Card,SUCCESS,,NEW,18,15,4,11,0,False,True,0.37,1.6,58,0,2026-06-26T16:42:30.425852
TXN-03922,CUST-4201,13094,Debit Card,SUCCESS,,LOYAL,32,16,4,12,1,False,False,0.11,5.5,35,0,2026-07-29T16:42:30.425852
TXN-03923,CUST-7866,7979,Debit Card,SUCCESS,,AT_RISK,5,8,3,5,1,False,True,0.92,2.9,8,0,2026-07-27T16:42:30.425852
TXN-03924,CUST-6558,3947,Wallet,FAILED,CARD_EXPIRED,AT_RISK,18,28,13,15,3,True,False,0.46,5.5,46,2,2026-07-11T16:42:30.425852
TXN-03925,CUST-5329,895,Credit Card,FAILED,CARD_EXPIRED,AT_RISK,26,10,6,4,2,True,True,0.56,5.6,23,0,2026-07-26T16:42:30.425852
TXN-03926,CUST-3576,901,Wallet,SUCCESS,,NEW,16,12,9,3,0,False,False,0.43,5.6,1,0,2026-07-05T16:42:30.425852
TXN-03927,CUST-1302,245,UPI,SUCCESS,,LOYAL,30,14,1,13,1,False,True,0.13,2.6,5,0,2026-06-27T16:42:30.425852
TXN-03928,CUST-3008,1566,Credit Card,SUCCESS,,AT_RISK,19,30,17,13,2,True,False,0.23,6.9,7,0,2026-06-30T16:42:30.425852
TXN-03929,CUST-2339,444,Debit Card,FAILED,CUSTOMER_ABANDONED,NEW,12,27,8,19,1,True,False,0.86,6.9,30,3,2026-07-22T16:42:30.425852
TXN-03930,CUST-8421,350,Net Banking,SUCCESS,,AT_RISK,26,27,22,5,0,False,False,0.84,5.8,24,0,2026-06-10T16:42:30.425852
TXN-03931,CUST-1318,409,Credit Card,FAILED,CUSTOMER_ABANDONED,NEW,13,29,24,5,2,True,False,0.88,5.3,55,2,2026-08-13T16:42:30.425852
TXN-03932,CUST-2184,1029,Wallet,SUCCESS,,AT_RISK,12,2,2,0,1,True,True,0.53,2.1,38,0,2026-06-06T16:42:30.425852
TXN-03933,CUST-2877,4201,Net Banking,SUCCESS,,NEW,26,30,17,13,3,False,True,0.5,0.7,38,0,2026-08-29T16:42:30.425852
TXN-03934,CUST-4186,5334,UPI,SUCCESS,,AT_RISK,28,8,3,5,1,True,False,0.59,5.7,40,0,2026-07-24T16:42:30.425852
TXN-03935,CUST-5642,2930,Debit Card,SUCCESS,,NEW,31,2,2,0,2,True,True,0.71,3.2,15,0,2026-08-31T16:42:30.425852
TXN-03936,CUST-5716,8161,Wallet,SUCCESS,,NEW,36,3,3,0,0,False,True,0.38,3.1,25,0,2026-06-18T16:42:30.425852
TXN-03937,CUST-7938,15296,Credit Card,SUCCESS,,NEW,5,10,0,10,1,False,True,0.92,4.0,14,0,2026-07-27T16:42:30.425852
TXN-03938,CUST-1060,1841,Credit Card,FAILED,BANK_ERROR,AT_RISK,1,13,12,1,2,False,True,0.27,1.9,9,1,2026-07-07T16:42:30.425852
TXN-03939,CUST-7669,3349,Credit Card,FAILED,CARD_EXPIRED,LOYAL,24,25,22,3,2,False,True,0.78,6.1,22,3,2026-07-15T16:42:30.425852
TXN-03940,CUST-5641,7975,Credit Card,SUCCESS,,REGULAR,4,1,1,0,1,True,True,0.62,5.9,27,0,2026-07-31T16:42:30.425852
TXN-03941,CUST-8258,527,UPI,SUCCESS,,AT_RISK,32,28,10,18,1,True,True,0.66,3.2,58,0,2026-06-15T16:42:30.425852
TXN-03942,CUST-8815,275,Debit Card,SUCCESS,,LOYAL,30,2,0,2,3,True,True,0.83,0.6,47,0,2026-06-30T16:42:30.425852
TXN-03943,CUST-6689,1754,Net Banking,FAILED,CUSTOMER_ABANDONED,LOYAL,30,9,3,6,0,False,True,0.29,3.0,50,2,2026-06-09T16:42:30.425852
TXN-03944,CUST-4012,296,Wallet,SUCCESS,,AT_RISK,18,13,9,4,1,True,False,0.41,1.4,12,0,2026-08-12T16:42:30.425852
TXN-03945,CUST-8337,2663,UPI,FAILED,PAYMENT_DECLINED,NEW,2,9,1,8,0,False,False,0.51,6.3,28,0,2026-07-21T16:42:30.425852
TXN-03946,CUST-9201,532,UPI,SUCCESS,,NEW,18,28,5,23,1,True,True,0.43,0.6,29,0,2026-06-11T16:42:30.425852
TXN-03947,CUST-1588,612,Wallet,SUCCESS,,REGULAR,11,10,10,0,1,True,True,0.25,0.3,7,0,2026-08-12T16:42:30.425852
TXN-03948,CUST-8394,507,Debit Card,SUCCESS,,REGULAR,33,8,0,8,2,True,False,0.38,0.2,9,0,2026-06-27T16:42:30.425852
TXN-03949,CUST-7267,1791,Debit Card,SUCCESS,,LOYAL,3,22,3,19,3,True,True,0.23,5.6,37,0,2026-08-15T16:42:30.425852
TXN-03950,CUST-8792,1477,Debit Card,SUCCESS,,AT_RISK,22,23,9,14,3,True,True,0.42,1.5,44,0,2026-07-03T16:42:30.425852
TXN-03951,CUST-3937,7812,Wallet,SUCCESS,,LOYAL,25,16,16,0,2,True,False,0.28,5.3,45,0,2026-08-21T16:42:30.425852
TXN-03952,CUST-7325,3119,UPI,SUCCESS,,LOYAL,2,30,11,19,3,True,False,0.73,1.8,10,0,2026-07-02T16:42:30.425852
TXN-03953,CUST-4659,2560,UPI,FAILED,CUSTOMER_ABANDONED,AT_RISK,26,2,2,0,2,True,True,0.76,0.7,58,3,2026-07-04T16:42:30.425852
TXN-03954,CUST-6757,221,Wallet,FAILED,BANK_ERROR,AT_RISK,16,11,3,8,0,False,True,0.91,5.9,16,2,2026-08-11T16:42:30.425852
TXN-03955,CUST-1363,11924,Net Banking,FAILED,CUSTOMER_ABANDONED,REGULAR,6,28,9,19,3,True,True,0.92,0.8,38,0,2026-08-20T16:42:30.425852
TXN-03956,CUST-3219,2743,Wallet,SUCCESS,,LOYAL,17,25,5,20,0,False,False,0.91,6.4,50,0,2026-06-20T16:42:30.425852
TXN-03957,CUST-9517,537,UPI,SUCCESS,,AT_RISK,24,30,20,10,2,False,False,0.5,4.1,5,0,2026-07-29T16:42:30.425852
TXN-03958,CUST-9181,435,Debit Card,SUCCESS,,LOYAL,7,4,3,1,0,False,False,0.18,0.1,11,0,2026-09-02T16:42:30.425852
TXN-03959,CUST-8252,1510,Wallet,SUCCESS,,LOYAL,33,19,0,19,1,True,False,0.93,5.9,7,0,2026-07-07T16:42:30.425852
TXN-03960,CUST-1142,884,Net Banking,SUCCESS,,AT_RISK,5,18,11,7,0,False,True,0.6,2.3,19,0,2026-07-29T16:42:30.425852
TXN-03961,CUST-6767,415,Debit Card,FAILED,CUSTOMER_ABANDONED,AT_RISK,20,1,1,0,1,True,True,0.27,1.8,44,1,2026-06-15T16:42:30.425852
TXN-03962,CUST-2805,4506,Credit Card,FAILED,INSUFFICIENT_FUNDS,AT_RISK,32,28,22,6,3,True,False,0.38,1.0,33,0,2026-08-06T16:42:30.425852
TXN-03963,CUST-1887,535,UPI,SUCCESS,,LOYAL,1,5,2,3,0,False,False,0.43,6.0,57,0,2026-06-20T16:42:30.425852
TXN-03964,CUST-8727,3652,Debit Card,SUCCESS,,REGULAR,17,1,1,0,2,False,True,0.94,3.8,6,0,2026-06-14T16:42:30.425852
TXN-03965,CUST-7496,239,Credit Card,SUCCESS,,LOYAL,4,1,1,0,0,False,True,0.56,0.9,26,0,2026-08-03T16:42:30.425852
TXN-03966,CUST-2936,1154,UPI,FAILED,INSUFFICIENT_FUNDS,LOYAL,30,6,4,2,1,False,True,0.45,3.8,41,2,2026-06-22T16:42:30.425852
TXN-03967,CUST-6045,966,Net Banking,SUCCESS,,AT_RISK,35,3,2,1,1,True,False,0.89,6.3,46,0,2026-06-07T16:42:30.425852
TXN-03968,CUST-3149,873,Credit Card,FAILED,BANK_ERROR,AT_RISK,15,8,3,5,3,True,False,0.65,5.5,49,2,2026-07-24T16:42:30.425852
TXN-03969,CUST-2182,3727,Wallet,SUCCESS,,AT_RISK,9,19,1,18,2,False,False,0.44,6.1,40,0,2026-08-01T16:42:30.425852
TXN-03970,CUST-3170,9269,UPI,SUCCESS,,LOYAL,21,23,2,21,0,False,True,0.58,4.3,45,0,2026-07-11T16:42:30.425852
TXN-03971,CUST-9234,468,Credit Card,SUCCESS,,NEW,24,10,6,4,1,True,True,0.5,0.1,32,0,2026-08-07T16:42:30.425852
TXN-03972,CUST-5346,9927,Debit Card,SUCCESS,,AT_RISK,9,12,3,9,2,False,True,0.27,0.9,22,0,2026-07-04T16:42:30.425852
TXN-03973,CUST-2898,335,UPI,SUCCESS,,AT_RISK,14,1,1,0,0,False,True,0.13,0.1,32,0,2026-08-13T16:42:30.425852
TXN-03974,CUST-5554,237,Debit Card,SUCCESS,,NEW,7,9,8,1,0,False,False,0.88,0.6,35,0,2026-07-23T16:42:30.425852
TXN-03975,CUST-6943,925,Credit Card,SUCCESS,,AT_RISK,5,8,3,5,0,False,True,0.2,4.6,45,0,2026-07-16T16:42:30.425852
TXN-03976,CUST-6872,399,Net Banking,FAILED,INSUFFICIENT_FUNDS,LOYAL,34,10,4,6,2,False,True,0.49,1.1,9,2,2026-06-21T16:42:30.425852
TXN-03977,CUST-8184,677,Credit Card,SUCCESS,,REGULAR,26,19,3,16,0,False,True,0.47,3.9,55,0,2026-08-24T16:42:30.425852
TXN-03978,CUST-4135,17399,Wallet,SUCCESS,,NEW,19,13,13,0,1,True,False,0.23,7.0,26,0,2026-07-27T16:42:30.425852
TXN-03979,CUST-9650,2534,Wallet,SUCCESS,,LOYAL,9,29,19,10,3,False,False,0.83,2.3,32,0,2026-08-23T16:42:30.425852
TXN-03980,CUST-6121,524,Net Banking,SUCCESS,,LOYAL,4,17,9,8,3,True,True,0.43,6.8,34,0,2026-07-26T16:42:30.425852
TXN-03981,CUST-5481,19024,UPI,SUCCESS,,NEW,28,29,14,15,3,True,False,0.41,5.2,53,0,2026-08-05T16:42:30.425852
TXN-03982,CUST-1094,4860,Debit Card,SUCCESS,,LOYAL,35,5,5,0,2,True,False,0.61,0.6,31,0,2026-06-24T16:42:30.425852
TXN-03983,CUST-4846,3165,UPI,FAILED,CARD_EXPIRED,AT_RISK,35,13,0,13,0,False,False,0.1,0.1,10,3,2026-07-11T16:42:30.425852
TXN-03984,CUST-3338,3758,Wallet,FAILED,PAYMENT_DECLINED,NEW,13,13,6,7,0,False,True,0.67,6.3,37,2,2026-08-18T16:42:30.425852
TXN-03985,CUST-7253,3506,UPI,FAILED,PAYMENT_DECLINED,AT_RISK,18,13,13,0,1,True,False,0.16,1.3,48,3,2026-07-25T16:42:30.425852
TXN-03986,CUST-3478,327,UPI,SUCCESS,,AT_RISK,12,5,4,1,0,False,True,0.54,0.2,23,0,2026-07-01T16:42:30.425852
TXN-03987,CUST-3088,16258,Net Banking,SUCCESS,,AT_RISK,27,25,18,7,3,True,True,0.48,0.2,55,0,2026-08-02T16:42:30.425852
TXN-03988,CUST-4831,336,UPI,FAILED,INSUFFICIENT_FUNDS,NEW,6,29,4,25,3,True,False,0.4,1.5,53,3,2026-07-19T16:42:30.425852
TXN-03989,CUST-1933,737,Credit Card,SUCCESS,,NEW,24,24,23,1,2,True,True,0.41,2.8,22,0,2026-07-24T16:42:30.425852
TXN-03990,CUST-3361,11454,Net Banking,FAILED,CARD_EXPIRED,LOYAL,21,4,3,1,1,True,False,0.86,0.4,4,1,2026-07-16T16:42:30.425852
TXN-03991,CUST-2223,10463,Wallet,FAILED,CARD_EXPIRED,AT_RISK,28,19,6,13,1,True,True,0.4,0.9,28,2,2026-07-02T16:42:30.425852
TXN-03992,CUST-4863,924,Debit Card,FAILED,INSUFFICIENT_FUNDS,LOYAL,27,3,0,3,3,True,True,0.71,3.9,33,2,2026-06-16T16:42:30.425852
TXN-03993,CUST-3695,522,Net Banking,SUCCESS,,AT_RISK,33,13,4,9,2,True,True,0.72,4.1,24,0,2026-06-15T16:42:30.425852
TXN-03994,CUST-8335,950,UPI,FAILED,CUSTOMER_ABANDONED,REGULAR,32,10,2,8,1,True,True,0.81,4.7,56,2,2026-08-03T16:42:30.425852
TXN-03995,CUST-5216,18662,Credit Card,SUCCESS,,AT_RISK,28,11,4,7,0,False,True,0.87,1.0,23,0,2026-06-22T16:42:30.425852
TXN-03996,CUST-5128,1059,Net Banking,SUCCESS,,NEW,7,22,1,21,0,False,False,0.58,5.7,59,0,2026-07-30T16:42:30.425852
TXN-03997,CUST-4314,5865,UPI,FAILED,CUSTOMER_ABANDONED,NEW,12,19,10,9,1,True,False,0.37,6.4,11,1,2026-09-04T16:42:30.425852
TXN-03998,CUST-5690,231,Credit Card,FAILED,BANK_ERROR,REGULAR,22,3,0,3,3,False,False,0.32,1.2,15,1,2026-09-04T16:42:30.425852
TXN-03999,CUST-7493,2696,Wallet,SUCCESS,,AT_RISK,4,15,9,6,1,True,True,0.43,6.7,32,0,2026-06-12T16:42:30.425852
TXN-04000,CUST-4339,11003,Net Banking,FAILED,INSUFFICIENT_FUNDS,REGULAR,24,9,0,9,3,False,False,0.9,4.9,7,3,2026-06-12T16:42:30.425852
TXN-04001,CUST-2233,7510,Credit Card,SUCCESS,,AT_RISK,14,28,11,17,0,False,False,0.39,3.2,56,0,2026-06-14T16:42:30.425852
TXN-04002,CUST-3260,13722,Debit Card,SUCCESS,,REGULAR,15,18,0,18,2,False,True,0.25,6.0,42,0,2026-08-06T16:42:30.425852
TXN-04003,CUST-4560,3791,Net Banking,SUCCESS,,AT_RISK,1,25,13,12,0,False,False,0.55,6.7,45,0,2026-07-10T16:42:30.425852
TXN-04004,CUST-3162,4925,Credit Card,FAILED,CUSTOMER_ABANDONED,NEW,2,20,9,11,0,False,True,0.69,5.6,22,1,2026-07-12T16:42:30.425852
TXN-04005,CUST-5058,1350,Debit Card,SUCCESS,,AT_RISK,10,21,18,3,2,True,False,0.54,0.2,8,0,2026-06-23T16:42:30.425852
TXN-04006,CUST-3696,412,Credit Card,SUCCESS,,REGULAR,28,9,5,4,2,True,False,0.62,6.9,6,0,2026-08-06T16:42:30.425852
TXN-04007,CUST-6941,1912,UPI,FAILED,CARD_EXPIRED,AT_RISK,35,27,24,3,0,False,False,0.87,1.5,11,3,2026-06-28T16:42:30.425852
TXN-04008,CUST-8609,277,Wallet,SUCCESS,,AT_RISK,9,21,0,21,3,True,False,0.46,3.0,24,0,2026-07-24T16:42:30.425852
TXN-04009,CUST-6849,2802,Debit Card,SUCCESS,,LOYAL,16,26,24,2,2,True,False,0.21,2.6,15,0,2026-06-16T16:42:30.425852
TXN-04010,CUST-3022,5586,Wallet,SUCCESS,,AT_RISK,4,10,4,6,1,True,True,0.89,2.2,34,0,2026-06-09T16:42:30.425852
TXN-04011,CUST-2602,365,Credit Card,SUCCESS,,LOYAL,26,21,0,21,0,False,False,0.2,5.8,23,0,2026-06-16T16:42:30.425852
TXN-04012,CUST-8697,5267,Wallet,SUCCESS,,AT_RISK,11,22,20,2,1,False,True,0.46,4.4,27,0,2026-06-09T16:42:30.425852
TXN-04013,CUST-5843,850,Debit Card,SUCCESS,,NEW,11,24,8,16,3,False,False,0.46,3.4,53,0,2026-08-01T16:42:30.425852
TXN-04014,CUST-7212,266,Credit Card,SUCCESS,,REGULAR,33,22,17,5,0,False,False,0.88,1.1,52,0,2026-07-07T16:42:30.425852
TXN-04015,CUST-9582,802,Net Banking,SUCCESS,,LOYAL,19,17,11,6,0,False,False,0.58,0.2,53,0,2026-08-24T16:42:30.425852
TXN-04016,CUST-8162,4552,UPI,SUCCESS,,NEW,3,4,3,1,1,False,True,0.55,6.6,58,0,2026-08-20T16:42:30.425852
TXN-04017,CUST-4139,294,Net Banking,SUCCESS,,REGULAR,5,20,3,17,3,True,False,0.3,4.3,19,0,2026-06-30T16:42:30.425852
TXN-04018,CUST-6947,533,Debit Card,FAILED,PAYMENT_DECLINED,REGULAR,15,13,9,4,1,True,False,0.18,3.0,27,2,2026-06-22T16:42:30.425852
TXN-04019,CUST-3015,13828,Credit Card,SUCCESS,,REGULAR,10,24,24,0,0,False,False,0.54,1.3,17,0,2026-08-24T16:42:30.425852
TXN-04020,CUST-5910,644,Debit Card,SUCCESS,,AT_RISK,4,22,18,4,0,False,False,0.48,5.2,39,0,2026-08-30T16:42:30.425852
TXN-04021,CUST-5517,18718,Net Banking,SUCCESS,,REGULAR,3,26,26,0,3,True,True,0.75,6.4,20,0,2026-08-08T16:42:30.425852
TXN-04022,CUST-5338,284,Net Banking,FAILED,INSUFFICIENT_FUNDS,NEW,9,3,0,3,0,False,True,0.3,5.2,29,3,2026-09-02T16:42:30.425852
TXN-04023,CUST-9187,10168,Credit Card,SUCCESS,,REGULAR,12,10,2,8,2,True,True,0.83,5.1,26,0,2026-07-23T16:42:30.425852
TXN-04024,CUST-3962,685,Net Banking,SUCCESS,,NEW,26,9,0,9,3,True,True,0.25,4.2,4,0,2026-06-12T16:42:30.425852
TXN-04025,CUST-1102,3015,Credit Card,SUCCESS,,LOYAL,34,1,1,0,2,False,False,0.19,6.1,27,0,2026-08-09T16:42:30.425852
TXN-04026,CUST-2178,4959,Debit Card,SUCCESS,,REGULAR,19,3,0,3,0,False,True,0.8,5.4,55,0,2026-08-10T16:42:30.425852
TXN-04027,CUST-3641,282,Credit Card,FAILED,PAYMENT_DECLINED,LOYAL,11,10,2,8,2,False,False,0.37,0.2,10,0,2026-08-16T16:42:30.425852
TXN-04028,CUST-6589,737,Credit Card,SUCCESS,,REGULAR,26,28,10,18,1,True,True,0.53,6.3,24,0,2026-08-09T16:42:30.425852
TXN-04029,CUST-3350,5774,Debit Card,FAILED,BANK_ERROR,NEW,21,1,0,1,1,True,False,0.11,2.3,43,1,2026-07-01T16:42:30.425852
TXN-04030,CUST-2438,14936,Debit Card,SUCCESS,,AT_RISK,34,16,13,3,0,False,True,0.22,3.5,2,0,2026-08-07T16:42:30.425852
TXN-04031,CUST-8995,4093,Net Banking,FAILED,INSUFFICIENT_FUNDS,AT_RISK,19,7,7,0,3,False,False,0.18,2.9,34,0,2026-06-20T16:42:30.425852
TXN-04032,CUST-4442,420,Net Banking,FAILED,CARD_EXPIRED,AT_RISK,16,9,7,2,3,False,True,0.92,4.0,59,3,2026-08-07T16:42:30.425852
TXN-04033,CUST-5732,1355,Net Banking,SUCCESS,,AT_RISK,25,15,10,5,0,False,True,0.47,4.5,59,0,2026-08-03T16:42:30.425852
TXN-04034,CUST-8286,2404,Credit Card,FAILED,PAYMENT_DECLINED,AT_RISK,15,7,6,1,1,False,False,0.64,5.8,10,3,2026-08-27T16:42:30.425852
TXN-04035,CUST-6028,2312,Debit Card,SUCCESS,,AT_RISK,7,8,1,7,3,False,False,0.49,4.2,58,0,2026-06-22T16:42:30.425852
TXN-04036,CUST-6118,5089,UPI,SUCCESS,,REGULAR,3,8,3,5,1,False,False,0.43,5.4,36,0,2026-06-26T16:42:30.425852
TXN-04037,CUST-4028,803,Credit Card,FAILED,BANK_ERROR,NEW,26,25,11,14,1,False,False,0.5,6.3,16,3,2026-07-12T16:42:30.425852
TXN-04038,CUST-2739,981,Credit Card,FAILED,CARD_EXPIRED,LOYAL,23,16,3,13,3,True,False,0.31,2.1,52,0,2026-07-02T16:42:30.425852
TXN-04039,CUST-8123,707,Net Banking,SUCCESS,,LOYAL,33,27,8,19,2,True,False,0.61,4.3,41,0,2026-09-03T16:42:30.425852
TXN-04040,CUST-3648,4068,Debit Card,SUCCESS,,REGULAR,29,18,15,3,2,True,False,0.56,3.4,47,0,2026-08-28T16:42:30.425852
TXN-04041,CUST-1730,19137,Debit Card,SUCCESS,,REGULAR,34,7,7,0,0,False,True,0.58,3.9,47,0,2026-06-14T16:42:30.425852
TXN-04042,CUST-5727,17076,UPI,SUCCESS,,NEW,30,11,9,2,2,True,False,0.69,5.5,28,0,2026-07-14T16:42:30.425852
TXN-04043,CUST-2555,6753,Debit Card,SUCCESS,,NEW,6,19,13,6,3,True,False,0.53,6.9,33,0,2026-07-14T16:42:30.425852
TXN-04044,CUST-1856,17457,Credit Card,SUCCESS,,REGULAR,20,8,8,0,1,False,False,0.79,3.7,16,0,2026-06-16T16:42:30.425852
TXN-04045,CUST-6755,2118,UPI,SUCCESS,,AT_RISK,34,18,8,10,3,True,True,0.61,3.9,34,0,2026-07-15T16:42:30.425852
TXN-04046,CUST-6651,965,Credit Card,SUCCESS,,AT_RISK,8,10,0,10,3,True,False,0.11,3.3,41,0,2026-08-07T16:42:30.425852
TXN-04047,CUST-8981,1243,Wallet,SUCCESS,,NEW,32,12,12,0,0,False,True,0.72,4.2,15,0,2026-06-30T16:42:30.425852
TXN-04048,CUST-9716,4794,Wallet,FAILED,INSUFFICIENT_FUNDS,REGULAR,3,25,3,22,3,True,True,0.23,4.7,43,1,2026-08-25T16:42:30.425852
TXN-04049,CUST-4351,387,Credit Card,SUCCESS,,AT_RISK,11,3,2,1,2,False,False,0.31,1.0,31,0,2026-07-10T16:42:30.425852
TXN-04050,CUST-3027,4471,Net Banking,FAILED,INSUFFICIENT_FUNDS,REGULAR,2,9,9,0,0,False,False,0.24,5.3,27,1,2026-07-25T16:42:30.425852
TXN-04051,CUST-1490,3986,UPI,FAILED,INSUFFICIENT_FUNDS,REGULAR,8,4,2,2,0,False,True,0.87,2.9,31,3,2026-06-23T16:42:30.425852
TXN-04052,CUST-8988,7746,Wallet,SUCCESS,,AT_RISK,35,22,10,12,1,False,False,0.48,3.8,25,0,2026-08-11T16:42:30.425852
TXN-04053,CUST-3308,15083,Net Banking,SUCCESS,,AT_RISK,30,21,2,19,2,False,False,0.46,2.0,38,0,2026-06-13T16:42:30.425852
TXN-04054,CUST-8781,814,Wallet,SUCCESS,,NEW,27,30,12,18,1,True,False,0.45,2.9,47,0,2026-08-21T16:42:30.425852
TXN-04055,CUST-2764,2269,Credit Card,SUCCESS,,NEW,15,6,0,6,2,True,True,0.19,0.8,29,0,2026-06-06T16:42:30.425852
TXN-04056,CUST-8641,2266,Wallet,SUCCESS,,AT_RISK,31,6,5,1,2,False,True,0.91,4.2,2,0,2026-06-12T16:42:30.425852
TXN-04057,CUST-8250,438,Net Banking,SUCCESS,,REGULAR,11,22,2,20,2,False,True,0.77,0.5,51,0,2026-07-13T16:42:30.425852
TXN-04058,CUST-1952,3933,Debit Card,SUCCESS,,REGULAR,35,4,4,0,1,True,True,0.22,6.1,14,0,2026-07-03T16:42:30.425852
TXN-04059,CUST-1157,600,UPI,SUCCESS,,LOYAL,23,28,9,19,2,False,False,0.14,1.1,50,0,2026-08-18T16:42:30.425852
TXN-04060,CUST-8069,11071,Net Banking,SUCCESS,,AT_RISK,15,4,4,0,1,False,True,0.44,1.5,37,0,2026-08-22T16:42:30.425852
TXN-04061,CUST-6149,9107,Debit Card,SUCCESS,,REGULAR,18,7,4,3,0,False,False,0.35,5.3,23,0,2026-07-14T16:42:30.425852
TXN-04062,CUST-6336,14799,Wallet,FAILED,PAYMENT_DECLINED,REGULAR,25,5,1,4,2,True,True,0.7,5.3,58,3,2026-08-27T16:42:30.425852
TXN-04063,CUST-4313,6286,Debit Card,SUCCESS,,AT_RISK,4,16,7,9,3,False,False,0.49,3.9,54,0,2026-08-05T16:42:30.425852
TXN-04064,CUST-2222,1791,Wallet,FAILED,BANK_ERROR,LOYAL,36,20,1,19,3,True,False,0.91,0.5,16,0,2026-07-22T16:42:30.425852
TXN-04065,CUST-5541,293,Credit Card,SUCCESS,,AT_RISK,13,3,2,1,0,False,False,0.63,0.4,33,0,2026-06-22T16:42:30.425852
TXN-04066,CUST-8990,240,Wallet,SUCCESS,,AT_RISK,2,18,10,8,0,False,True,0.49,2.2,10,0,2026-08-02T16:42:30.425852
TXN-04067,CUST-4078,3705,Credit Card,FAILED,NETWORK_TIMEOUT,REGULAR,3,29,22,7,3,False,True,0.74,1.5,6,1,2026-07-23T16:42:30.425852
TXN-04068,CUST-8054,9127,Debit Card,FAILED,CUSTOMER_ABANDONED,REGULAR,15,29,0,29,1,True,True,0.83,0.6,17,0,2026-07-20T16:42:30.425852
TXN-04069,CUST-6449,953,Wallet,SUCCESS,,REGULAR,3,11,5,6,2,False,True,0.56,6.8,47,0,2026-08-03T16:42:30.425852
TXN-04070,CUST-7996,18510,UPI,SUCCESS,,NEW,32,1,1,0,1,False,True,0.15,6.3,42,0,2026-06-15T16:42:30.425852
TXN-04071,CUST-6122,809,Net Banking,FAILED,NETWORK_TIMEOUT,REGULAR,17,23,17,6,0,False,False,0.22,4.4,31,0,2026-08-26T16:42:30.425852
TXN-04072,CUST-7865,11050,Net Banking,FAILED,PAYMENT_DECLINED,NEW,28,4,4,0,2,False,False,0.81,2.4,24,3,2026-06-19T16:42:30.425852
TXN-04073,CUST-8465,1096,Net Banking,SUCCESS,,LOYAL,21,25,25,0,1,True,True,0.5,6.1,15,0,2026-06-29T16:42:30.425852
TXN-04074,CUST-2333,3346,UPI,SUCCESS,,LOYAL,3,18,0,18,1,True,True,0.11,1.6,55,0,2026-08-13T16:42:30.425852
TXN-04075,CUST-9944,994,Credit Card,SUCCESS,,REGULAR,6,24,6,18,0,False,True,0.68,1.1,20,0,2026-07-11T16:42:30.425852
TXN-04076,CUST-4069,380,Debit Card,SUCCESS,,AT_RISK,26,11,6,5,0,False,True,0.15,2.0,4,0,2026-06-13T16:42:30.425852
TXN-04077,CUST-8666,617,Credit Card,SUCCESS,,REGULAR,8,1,1,0,1,False,False,0.68,3.7,36,0,2026-06-24T16:42:30.425852
TXN-04078,CUST-7345,16571,Net Banking,FAILED,INSUFFICIENT_FUNDS,LOYAL,19,16,7,9,0,False,True,0.28,1.7,30,1,2026-07-05T16:42:30.425852
TXN-04079,CUST-3652,8237,Net Banking,SUCCESS,,REGULAR,25,15,12,3,1,False,False,0.32,5.4,6,0,2026-08-28T16:42:30.425852
TXN-04080,CUST-6266,714,Debit Card,SUCCESS,,REGULAR,30,18,14,4,1,True,False,0.2,0.0,31,0,2026-06-19T16:42:30.425852
TXN-04081,CUST-4841,960,Net Banking,SUCCESS,,REGULAR,36,17,7,10,0,False,False,0.81,2.3,2,0,2026-06-22T16:42:30.425852
TXN-04082,CUST-3166,712,Net Banking,FAILED,BANK_ERROR,NEW,11,11,10,1,2,True,True,0.38,5.2,7,1,2026-07-19T16:42:30.425852
TXN-04083,CUST-3287,15118,Credit Card,SUCCESS,,AT_RISK,17,1,0,1,1,True,True,0.13,2.0,3,0,2026-09-01T16:42:30.425852
TXN-04084,CUST-6678,6137,Credit Card,SUCCESS,,LOYAL,5,4,0,4,0,False,False,0.6,2.8,9,0,2026-06-26T16:42:30.440398
TXN-04085,CUST-9909,1579,Net Banking,FAILED,INSUFFICIENT_FUNDS,NEW,10,9,6,3,2,True,True,0.93,1.7,33,0,2026-07-31T16:42:30.440398
TXN-04086,CUST-6634,5963,Net Banking,SUCCESS,,REGULAR,1,6,3,3,3,True,False,0.12,4.8,14,0,2026-06-14T16:42:30.440398
TXN-04087,CUST-4549,12621,UPI,SUCCESS,,REGULAR,35,29,12,17,0,False,False,0.88,5.0,35,0,2026-07-27T16:42:30.440398
TXN-04088,CUST-5327,848,Wallet,SUCCESS,,NEW,22,21,21,0,2,False,True,0.89,2.9,17,0,2026-07-21T16:42:30.440398
TXN-04089,CUST-4532,343,Net Banking,SUCCESS,,LOYAL,15,23,8,15,2,True,False,0.46,0.6,21,0,2026-07-19T16:42:30.440398
TXN-04090,CUST-3207,881,Wallet,FAILED,BANK_ERROR,NEW,35,25,5,20,3,True,False,0.63,5.7,18,0,2026-06-07T16:42:30.440398
TXN-04091,CUST-8296,16540,Debit Card,SUCCESS,,LOYAL,35,27,12,15,1,True,False,0.95,3.0,58,0,2026-06-06T16:42:30.440398
TXN-04092,CUST-5895,226,Net Banking,SUCCESS,,LOYAL,6,2,2,0,0,False,True,0.86,1.6,21,0,2026-07-02T16:42:30.440398
TXN-04093,CUST-9373,2273,UPI,FAILED,CUSTOMER_ABANDONED,NEW,2,9,3,6,2,True,True,0.64,3.8,15,1,2026-08-23T16:42:30.440398
TXN-04094,CUST-8324,673,Credit Card,SUCCESS,,REGULAR,29,12,5,7,0,False,False,0.44,4.0,51,0,2026-08-26T16:42:30.440398
TXN-04095,CUST-3094,940,UPI,FAILED,CARD_EXPIRED,REGULAR,19,14,2,12,2,False,True,0.24,3.4,8,0,2026-07-29T16:42:30.440398
TXN-04096,CUST-2148,2216,Net Banking,SUCCESS,,NEW,11,17,5,12,0,False,True,0.39,3.0,21,0,2026-07-25T16:42:30.440398
TXN-04097,CUST-3730,3274,Net Banking,SUCCESS,,NEW,4,20,3,17,3,True,True,0.69,2.4,55,0,2026-08-28T16:42:30.440398
TXN-04098,CUST-7693,815,Debit Card,SUCCESS,,AT_RISK,14,11,0,11,0,False,False,0.59,6.0,38,0,2026-07-03T16:42:30.440398
TXN-04099,CUST-8614,16874,Net Banking,SUCCESS,,NEW,1,5,2,3,0,False,True,0.57,4.7,58,0,2026-07-05T16:42:30.440398
TXN-04100,CUST-9137,4944,Wallet,FAILED,BANK_ERROR,REGULAR,3,19,16,3,1,True,True,0.32,0.0,48,2,2026-08-02T16:42:30.440398
TXN-04101,CUST-9615,5300,UPI,SUCCESS,,REGULAR,35,13,7,6,3,True,False,0.56,2.2,20,0,2026-07-21T16:42:30.440398
TXN-04102,CUST-2504,1927,Wallet,SUCCESS,,REGULAR,1,14,2,12,3,False,False,0.53,4.0,53,0,2026-07-29T16:42:30.440398
TXN-04103,CUST-3695,888,Debit Card,SUCCESS,,AT_RISK,28,4,0,4,2,False,True,0.3,5.0,25,0,2026-08-27T16:42:30.440398
TXN-04104,CUST-5264,935,Net Banking,FAILED,BANK_ERROR,NEW,11,17,15,2,0,False,True,0.3,3.4,38,3,2026-08-26T16:42:30.440398
TXN-04105,CUST-1168,4238,Debit Card,FAILED,CARD_EXPIRED,LOYAL,16,24,18,6,2,True,False,0.92,3.8,51,3,2026-07-17T16:42:30.440398
TXN-04106,CUST-2995,9801,Credit Card,SUCCESS,,REGULAR,10,11,11,0,2,True,False,0.71,4.0,9,0,2026-08-22T16:42:30.440398
TXN-04107,CUST-9256,308,UPI,FAILED,BANK_ERROR,LOYAL,22,3,1,2,1,False,False,0.26,2.6,40,3,2026-08-28T16:42:30.440398
TXN-04108,CUST-6270,15206,Debit Card,SUCCESS,,AT_RISK,6,9,2,7,2,True,False,0.85,4.2,16,0,2026-06-20T16:42:30.440398
TXN-04109,CUST-8115,5179,Debit Card,FAILED,CUSTOMER_ABANDONED,LOYAL,23,25,25,0,1,True,False,0.19,6.9,60,1,2026-06-17T16:42:30.440398
TXN-04110,CUST-8724,912,Debit Card,SUCCESS,,REGULAR,22,25,20,5,1,True,True,0.28,1.3,24,0,2026-06-18T16:42:30.440398
TXN-04111,CUST-8845,704,Debit Card,SUCCESS,,LOYAL,8,21,18,3,1,False,True,0.65,4.2,39,0,2026-08-23T16:42:30.440398
TXN-04112,CUST-8435,2043,Debit Card,FAILED,CUSTOMER_ABANDONED,LOYAL,19,11,7,4,0,False,False,0.68,0.4,12,3,2026-07-28T16:42:30.440398
TXN-04113,CUST-6625,13795,Net Banking,FAILED,INSUFFICIENT_FUNDS,REGULAR,6,23,13,10,1,True,True,0.78,6.0,6,3,2026-08-16T16:42:30.440398
TXN-04114,CUST-5305,560,Wallet,SUCCESS,,AT_RISK,29,19,8,11,0,False,False,0.29,0.1,30,0,2026-07-06T16:42:30.440398
TXN-04115,CUST-1974,2936,Credit Card,SUCCESS,,REGULAR,12,17,10,7,0,False,False,0.68,1.3,14,0,2026-08-25T16:42:30.440398
TXN-04116,CUST-9684,12278,Debit Card,SUCCESS,,NEW,26,4,3,1,2,False,False,0.43,3.1,20,0,2026-07-02T16:42:30.440398
TXN-04117,CUST-3116,8966,Net Banking,FAILED,BANK_ERROR,AT_RISK,23,13,1,12,2,True,True,0.8,2.2,11,1,2026-06-20T16:42:30.440398
TXN-04118,CUST-5734,2465,Wallet,SUCCESS,,REGULAR,11,1,0,1,1,False,True,0.48,6.0,34,0,2026-07-24T16:42:30.440398
TXN-04119,CUST-5018,659,Wallet,SUCCESS,,REGULAR,11,14,8,6,0,False,True,0.87,4.1,51,0,2026-08-21T16:42:30.440398
TXN-04120,CUST-8602,3178,Wallet,SUCCESS,,LOYAL,1,2,1,1,1,True,True,0.91,0.7,58,0,2026-09-03T16:42:30.440398
TXN-04121,CUST-9956,3594,Net Banking,SUCCESS,,AT_RISK,5,15,1,14,2,False,False,0.12,4.9,51,0,2026-06-13T16:42:30.440398
TXN-04122,CUST-7977,17251,Debit Card,SUCCESS,,NEW,14,29,5,24,0,False,False,0.38,3.2,6,0,2026-06-18T16:42:30.440398
TXN-04123,CUST-4449,573,Wallet,SUCCESS,,NEW,30,27,1,26,0,False,False,0.18,3.7,29,0,2026-08-04T16:42:30.440398
TXN-04124,CUST-1927,11821,Net Banking,SUCCESS,,LOYAL,22,10,5,5,1,False,False,0.89,1.8,19,0,2026-06-14T16:42:30.440398
TXN-04125,CUST-8061,12632,Wallet,FAILED,BANK_ERROR,LOYAL,3,15,0,15,0,False,False,0.57,0.7,41,3,2026-06-21T16:42:30.440398
TXN-04126,CUST-6996,11535,Net Banking,SUCCESS,,REGULAR,36,20,1,19,1,False,False,0.8,5.7,15,0,2026-07-12T16:42:30.440398
TXN-04127,CUST-7038,16295,Net Banking,FAILED,CUSTOMER_ABANDONED,AT_RISK,35,2,0,2,3,True,False,0.55,2.7,19,3,2026-07-14T16:42:30.440398
TXN-04128,CUST-3551,19815,Debit Card,FAILED,INSUFFICIENT_FUNDS,LOYAL,2,14,9,5,0,False,False,0.24,2.8,26,0,2026-08-27T16:42:30.440398
TXN-04129,CUST-8393,3385,Credit Card,SUCCESS,,AT_RISK,27,4,2,2,1,False,False,0.62,5.5,40,0,2026-06-22T16:42:30.440398
TXN-04130,CUST-8286,7999,Wallet,FAILED,BANK_ERROR,AT_RISK,31,26,5,21,0,False,False,0.32,0.7,10,3,2026-08-04T16:42:30.440398
TXN-04131,CUST-1803,2892,Net Banking,SUCCESS,,AT_RISK,11,16,10,6,2,False,False,0.76,2.9,57,0,2026-06-07T16:42:30.440398
TXN-04132,CUST-5750,12235,Net Banking,FAILED,CUSTOMER_ABANDONED,AT_RISK,11,8,5,3,2,False,False,0.93,3.6,51,3,2026-07-31T16:42:30.440398
TXN-04133,CUST-6256,1769,Net Banking,SUCCESS,,NEW,10,29,4,25,3,True,False,0.94,5.2,56,0,2026-06-07T16:42:30.440398
TXN-04134,CUST-9613,8838,Net Banking,SUCCESS,,NEW,35,9,3,6,0,False,True,0.32,5.4,25,0,2026-06-08T16:42:30.440398
TXN-04135,CUST-4569,622,Wallet,SUCCESS,,REGULAR,12,24,24,0,3,False,False,0.32,4.3,21,0,2026-07-03T16:42:30.440398
TXN-04136,CUST-3264,19544,Credit Card,SUCCESS,,REGULAR,21,4,1,3,2,True,True,0.74,5.8,50,0,2026-08-06T16:42:30.440398
TXN-04137,CUST-4497,3318,Credit Card,FAILED,PAYMENT_DECLINED,LOYAL,14,24,24,0,0,False,False,0.7,5.3,38,3,2026-06-06T16:42:30.440398
TXN-04138,CUST-5709,235,Debit Card,SUCCESS,,REGULAR,27,15,15,0,3,False,False,0.6,0.6,56,0,2026-06-17T16:42:30.440398
TXN-04139,CUST-4223,14796,Debit Card,SUCCESS,,NEW,14,6,5,1,0,False,False,0.37,0.5,35,0,2026-06-20T16:42:30.440398
TXN-04140,CUST-1114,648,Credit Card,SUCCESS,,AT_RISK,3,26,7,19,2,True,False,0.48,3.3,3,0,2026-06-30T16:42:30.440398
TXN-04141,CUST-7234,782,Net Banking,FAILED,BANK_ERROR,AT_RISK,16,17,17,0,0,False,False,0.77,6.5,30,1,2026-08-04T16:42:30.440398
TXN-04142,CUST-3466,4996,Net Banking,SUCCESS,,LOYAL,2,18,3,15,0,False,False,0.35,0.9,34,0,2026-06-22T16:42:30.440398
TXN-04143,CUST-6613,9883,UPI,SUCCESS,,NEW,9,2,1,1,3,True,True,0.79,2.8,10,0,2026-08-28T16:42:30.440398
TXN-04144,CUST-7604,851,Debit Card,SUCCESS,,NEW,17,29,7,22,3,False,True,0.92,3.5,8,0,2026-06-26T16:42:30.440398
TXN-04145,CUST-6970,1207,Wallet,SUCCESS,,LOYAL,9,7,6,1,0,False,False,0.33,1.6,41,0,2026-08-02T16:42:30.440398
TXN-04146,CUST-6723,7201,Debit Card,FAILED,BANK_ERROR,NEW,21,18,13,5,0,False,True,0.76,6.5,20,0,2026-07-10T16:42:30.440398
TXN-04147,CUST-4200,6970,Credit Card,SUCCESS,,LOYAL,7,15,1,14,0,False,False,0.94,4.7,46,0,2026-07-11T16:42:30.440398
TXN-04148,CUST-4279,990,Wallet,SUCCESS,,AT_RISK,27,4,2,2,2,True,False,0.24,4.9,9,0,2026-08-14T16:42:30.440398
TXN-04149,CUST-8203,2891,Debit Card,SUCCESS,,NEW,26,11,3,8,3,True,False,0.85,1.5,40,0,2026-07-02T16:42:30.440398
TXN-04150,CUST-8353,2128,Debit Card,SUCCESS,,AT_RISK,32,15,4,11,1,False,False,0.56,1.2,42,0,2026-06-24T16:42:30.440398
TXN-04151,CUST-4719,2094,Net Banking,SUCCESS,,NEW,25,16,6,10,2,False,False,0.59,5.3,47,0,2026-08-25T16:42:30.440398
TXN-04152,CUST-5236,13399,Net Banking,SUCCESS,,NEW,35,18,18,0,1,True,True,0.5,6.4,6,0,2026-07-17T16:42:30.440398
TXN-04153,CUST-3602,1057,Wallet,SUCCESS,,LOYAL,12,5,2,3,0,False,False,0.85,4.8,1,0,2026-08-26T16:42:30.440398
TXN-04154,CUST-4478,8308,Debit Card,SUCCESS,,LOYAL,29,21,11,10,1,False,True,0.22,1.2,5,0,2026-09-03T16:42:30.440398
TXN-04155,CUST-5531,4771,Debit Card,SUCCESS,,NEW,10,2,0,2,1,True,True,0.66,4.5,60,0,2026-09-02T16:42:30.440398
TXN-04156,CUST-2920,920,Debit Card,FAILED,INSUFFICIENT_FUNDS,LOYAL,18,5,1,4,0,False,True,0.26,6.9,55,2,2026-06-13T16:42:30.440398
TXN-04157,CUST-5466,801,UPI,SUCCESS,,LOYAL,25,11,10,1,2,False,False,0.92,4.6,8,0,2026-08-19T16:42:30.440398
TXN-04158,CUST-1937,215,UPI,SUCCESS,,AT_RISK,7,15,9,6,0,False,True,0.66,2.5,58,0,2026-08-13T16:42:30.440398
TXN-04159,CUST-2807,584,Net Banking,SUCCESS,,AT_RISK,25,28,15,13,3,True,False,0.93,2.4,22,0,2026-06-07T16:42:30.440398
TXN-04160,CUST-9860,18400,UPI,SUCCESS,,AT_RISK,1,12,6,6,0,False,True,0.39,0.5,9,0,2026-06-23T16:42:30.440398
TXN-04161,CUST-4671,17924,Wallet,SUCCESS,,AT_RISK,20,4,2,2,1,True,False,0.85,3.4,20,0,2026-08-29T16:42:30.440398
TXN-04162,CUST-9193,7534,UPI,SUCCESS,,NEW,23,21,15,6,0,False,False,0.6,4.6,52,0,2026-08-29T16:42:30.440398
TXN-04163,CUST-3635,19323,Debit Card,SUCCESS,,LOYAL,15,25,11,14,0,False,True,0.66,5.9,49,0,2026-07-28T16:42:30.440398
TXN-04164,CUST-6127,13270,Net Banking,SUCCESS,,NEW,22,1,0,1,1,True,False,0.19,5.8,55,0,2026-07-02T16:42:30.440398
TXN-04165,CUST-6445,15746,Credit Card,FAILED,BANK_ERROR,AT_RISK,33,21,1,20,2,True,False,0.54,6.7,21,3,2026-09-04T16:42:30.440398
TXN-04166,CUST-7905,19464,Wallet,SUCCESS,,LOYAL,27,25,8,17,3,True,False,0.19,6.1,32,0,2026-08-28T16:42:30.440398
TXN-04167,CUST-1755,1177,Wallet,SUCCESS,,REGULAR,21,11,5,6,3,False,False,0.2,5.9,17,0,2026-08-18T16:42:30.440398
TXN-04168,CUST-6895,2363,Debit Card,FAILED,CARD_EXPIRED,AT_RISK,28,29,23,6,3,True,False,0.78,2.7,19,2,2026-07-25T16:42:30.440398
TXN-04169,CUST-9909,14167,Wallet,SUCCESS,,AT_RISK,12,27,13,14,0,False,True,0.47,3.4,23,0,2026-07-06T16:42:30.440398
TXN-04170,CUST-8032,350,Debit Card,SUCCESS,,NEW,33,20,11,9,3,True,True,0.78,3.4,5,0,2026-07-18T16:42:30.440398
TXN-04171,CUST-8198,753,UPI,SUCCESS,,REGULAR,2,9,0,9,0,False,False,0.23,5.3,56,0,2026-08-28T16:42:30.440398
TXN-04172,CUST-9370,10733,Wallet,FAILED,CARD_EXPIRED,REGULAR,35,2,2,0,3,True,False,0.84,3.2,53,1,2026-07-16T16:42:30.440398
TXN-04173,CUST-5863,507,Wallet,SUCCESS,,NEW,12,4,1,3,0,False,True,0.42,5.5,53,0,2026-07-02T16:42:30.440398
TXN-04174,CUST-2831,620,Credit Card,FAILED,BANK_ERROR,AT_RISK,4,7,7,0,0,False,True,0.44,2.7,11,1,2026-06-11T16:42:30.440398
TXN-04175,CUST-7211,291,UPI,SUCCESS,,NEW,30,10,6,4,3,True,False,0.88,3.7,28,0,2026-08-07T16:42:30.440398
TXN-04176,CUST-7234,7526,UPI,FAILED,NETWORK_TIMEOUT,REGULAR,7,18,6,12,0,False,True,0.85,6.8,41,0,2026-08-01T16:42:30.440398
TXN-04177,CUST-6301,10823,UPI,SUCCESS,,NEW,15,19,18,1,0,False,False,0.67,6.1,42,0,2026-06-10T16:42:30.440398
TXN-04178,CUST-6199,4273,Credit Card,SUCCESS,,LOYAL,22,14,2,12,0,False,False,0.73,3.8,32,0,2026-07-10T16:42:30.440398
TXN-04179,CUST-9915,352,Net Banking,SUCCESS,,NEW,14,6,2,4,1,False,False,0.83,3.9,23,0,2026-07-11T16:42:30.440398
TXN-04180,CUST-1213,6319,UPI,SUCCESS,,AT_RISK,12,23,8,15,3,True,False,0.11,5.4,41,0,2026-08-22T16:42:30.440398
TXN-04181,CUST-2087,963,Net Banking,SUCCESS,,AT_RISK,2,4,3,1,3,False,True,0.16,4.6,28,0,2026-08-09T16:42:30.440398
TXN-04182,CUST-4680,3665,Debit Card,FAILED,CARD_EXPIRED,AT_RISK,1,4,1,3,0,False,False,0.7,1.2,40,3,2026-07-07T16:42:30.440398
TXN-04183,CUST-3157,879,Net Banking,SUCCESS,,LOYAL,27,20,19,1,0,False,True,0.66,2.0,42,0,2026-08-05T16:42:30.440398
TXN-04184,CUST-8772,6076,UPI,SUCCESS,,LOYAL,9,14,8,6,3,False,True,0.24,3.3,3,0,2026-07-27T16:42:30.440398
TXN-04185,CUST-7233,263,Credit Card,SUCCESS,,REGULAR,12,17,10,7,2,True,False,0.57,4.7,22,0,2026-08-06T16:42:30.440398
TXN-04186,CUST-6255,3606,UPI,SUCCESS,,LOYAL,21,17,17,0,3,False,True,0.32,4.4,41,0,2026-06-14T16:42:30.440398
TXN-04187,CUST-9144,431,Wallet,SUCCESS,,LOYAL,2,1,1,0,0,False,True,0.54,1.0,20,0,2026-07-12T16:42:30.440398
TXN-04188,CUST-4763,3195,Credit Card,FAILED,INSUFFICIENT_FUNDS,REGULAR,30,16,5,11,1,False,False,0.13,2.5,11,0,2026-07-01T16:42:30.440398
TXN-04189,CUST-2213,1636,UPI,SUCCESS,,REGULAR,19,22,3,19,3,True,True,0.8,1.6,43,0,2026-07-28T16:42:30.440398
TXN-04190,CUST-9217,2458,Net Banking,SUCCESS,,REGULAR,4,3,2,1,2,False,True,0.17,3.7,31,0,2026-07-19T16:42:30.440398
TXN-04191,CUST-7653,8159,Credit Card,SUCCESS,,LOYAL,20,24,7,17,0,False,True,0.67,6.2,29,0,2026-08-14T16:42:30.440398
TXN-04192,CUST-9052,19213,UPI,SUCCESS,,NEW,26,20,18,2,2,True,False,0.65,3.6,59,0,2026-07-17T16:42:30.440398
TXN-04193,CUST-9703,18464,Net Banking,FAILED,CARD_EXPIRED,REGULAR,12,18,12,6,0,False,True,0.44,2.7,32,0,2026-07-02T16:42:30.440398
TXN-04194,CUST-2418,725,Debit Card,FAILED,PAYMENT_DECLINED,NEW,26,6,6,0,2,True,False,0.72,5.0,2,2,2026-07-02T16:42:30.440398
TXN-04195,CUST-5673,424,Debit Card,FAILED,BANK_ERROR,AT_RISK,31,10,1,9,1,False,True,0.34,1.1,57,0,2026-07-02T16:42:30.440398
TXN-04196,CUST-7787,3194,Net Banking,SUCCESS,,REGULAR,25,6,4,2,1,False,True,0.85,0.8,48,0,2026-07-17T16:42:30.440398
TXN-04197,CUST-2836,7069,Net Banking,FAILED,BANK_ERROR,NEW,6,24,23,1,1,False,True,0.38,4.4,31,1,2026-08-23T16:42:30.440398
TXN-04198,CUST-1511,396,Net Banking,SUCCESS,,LOYAL,27,25,8,17,3,True,False,0.4,6.1,14,0,2026-08-28T16:42:30.440398
TXN-04199,CUST-6836,1113,Debit Card,SUCCESS,,AT_RISK,7,7,2,5,3,True,True,0.61,4.9,30,0,2026-07-08T16:42:30.440398
TXN-04200,CUST-3801,2647,Wallet,FAILED,CUSTOMER_ABANDONED,REGULAR,29,30,20,10,3,False,True,0.49,0.1,58,0,2026-08-18T16:42:30.440398
TXN-04201,CUST-1646,14035,Wallet,SUCCESS,,REGULAR,7,7,4,3,0,False,True,0.23,5.7,55,0,2026-08-01T16:42:30.440398
TXN-04202,CUST-8180,19629,Credit Card,SUCCESS,,REGULAR,33,25,6,19,0,False,False,0.13,6.2,50,0,2026-08-01T16:42:30.440398
TXN-04203,CUST-6117,1199,UPI,SUCCESS,,AT_RISK,8,30,15,15,0,False,False,0.57,1.8,56,0,2026-08-15T16:42:30.440398
TXN-04204,CUST-8847,468,Debit Card,SUCCESS,,LOYAL,9,17,4,13,3,False,False,0.74,5.4,33,0,2026-06-08T16:42:30.440398
TXN-04205,CUST-7354,4104,Net Banking,SUCCESS,,AT_RISK,25,29,9,20,0,False,True,0.33,3.8,8,0,2026-07-02T16:42:30.440398
TXN-04206,CUST-1938,825,Credit Card,SUCCESS,,LOYAL,27,8,7,1,1,True,False,0.83,2.7,10,0,2026-08-16T16:42:30.440398
TXN-04207,CUST-3929,10942,Wallet,SUCCESS,,LOYAL,23,21,3,18,1,False,False,0.34,6.3,13,0,2026-08-27T16:42:30.440398
TXN-04208,CUST-6484,1787,Debit Card,SUCCESS,,LOYAL,13,1,1,0,3,True,False,0.19,6.1,42,0,2026-08-03T16:42:30.440398
TXN-04209,CUST-2367,899,Net Banking,SUCCESS,,NEW,9,18,17,1,2,True,False,0.92,6.3,37,0,2026-06-13T16:42:30.440398
TXN-04210,CUST-3343,2326,Credit Card,SUCCESS,,AT_RISK,10,19,18,1,2,True,True,0.46,1.6,18,0,2026-07-03T16:42:30.440398
TXN-04211,CUST-7199,17861,Credit Card,FAILED,PAYMENT_DECLINED,LOYAL,16,17,7,10,0,False,True,0.52,4.4,60,0,2026-08-30T16:42:30.440398
TXN-04212,CUST-5373,3351,UPI,SUCCESS,,LOYAL,6,20,17,3,0,False,False,0.41,5.3,14,0,2026-08-13T16:42:30.440398
TXN-04213,CUST-6220,2892,Credit Card,SUCCESS,,NEW,21,13,13,0,3,False,False,0.12,6.5,38,0,2026-08-26T16:42:30.440398
TXN-04214,CUST-8858,412,Credit Card,SUCCESS,,NEW,2,25,20,5,1,False,False,0.78,5.6,27,0,2026-07-28T16:42:30.440398
TXN-04215,CUST-1146,418,Debit Card,SUCCESS,,LOYAL,7,26,1,25,3,False,False,0.88,0.7,22,0,2026-06-25T16:42:30.440398
TXN-04216,CUST-5352,304,Debit Card,SUCCESS,,AT_RISK,14,22,22,0,1,True,False,0.45,4.0,36,0,2026-08-30T16:42:30.440398
TXN-04217,CUST-4134,4139,UPI,SUCCESS,,REGULAR,15,6,2,4,3,True,True,0.39,6.1,12,0,2026-09-04T16:42:30.440398
TXN-04218,CUST-4727,685,Debit Card,SUCCESS,,LOYAL,30,13,13,0,3,False,False,0.53,0.9,31,0,2026-08-11T16:42:30.440398
TXN-04219,CUST-4062,596,Wallet,SUCCESS,,AT_RISK,23,9,4,5,3,True,False,0.41,1.0,55,0,2026-08-06T16:42:30.440398
TXN-04220,CUST-6548,15508,Debit Card,SUCCESS,,NEW,34,1,1,0,2,True,True,0.79,4.4,12,0,2026-07-28T16:42:30.440398
TXN-04221,CUST-6954,12121,Net Banking,SUCCESS,,REGULAR,35,14,2,12,3,True,True,0.85,3.5,35,0,2026-09-01T16:42:30.440398
TXN-04222,CUST-8510,477,Wallet,FAILED,BANK_ERROR,REGULAR,24,25,25,0,3,False,False,0.7,3.8,4,2,2026-06-11T16:42:30.440398
TXN-04223,CUST-6487,10286,Credit Card,SUCCESS,,LOYAL,8,26,16,10,2,False,True,0.44,3.7,35,0,2026-07-16T16:42:30.440398
TXN-04224,CUST-6120,529,Net Banking,SUCCESS,,LOYAL,28,16,6,10,1,True,True,0.24,2.2,15,0,2026-07-05T16:42:30.440398
TXN-04225,CUST-6359,19078,Wallet,FAILED,PAYMENT_DECLINED,LOYAL,33,16,15,1,1,False,False,0.52,6.3,31,0,2026-08-30T16:42:30.440398
TXN-04226,CUST-3310,368,UPI,FAILED,NETWORK_TIMEOUT,AT_RISK,28,19,10,9,0,False,False,0.26,2.4,42,1,2026-07-15T16:42:30.440398
TXN-04227,CUST-2329,2737,Net Banking,SUCCESS,,REGULAR,30,17,1,16,1,False,False,0.25,1.5,4,0,2026-08-29T16:42:30.440398
TXN-04228,CUST-9274,6138,Wallet,SUCCESS,,AT_RISK,11,16,5,11,1,True,True,0.64,5.2,42,0,2026-07-28T16:42:30.440398
TXN-04229,CUST-4263,6065,Wallet,SUCCESS,,AT_RISK,27,28,23,5,2,False,False,0.61,4.5,45,0,2026-08-21T16:42:30.440398
TXN-04230,CUST-6842,5398,Net Banking,SUCCESS,,LOYAL,17,5,0,5,2,False,True,0.9,3.3,27,0,2026-06-07T16:42:30.440398
TXN-04231,CUST-2002,13470,Credit Card,SUCCESS,,AT_RISK,12,13,1,12,0,False,True,0.74,5.0,27,0,2026-07-07T16:42:30.440398
TXN-04232,CUST-7001,352,Credit Card,SUCCESS,,REGULAR,23,19,19,0,0,False,False,0.12,0.2,39,0,2026-07-22T16:42:30.440398
TXN-04233,CUST-3071,7329,Debit Card,FAILED,NETWORK_TIMEOUT,AT_RISK,31,6,0,6,3,True,True,0.28,0.3,17,0,2026-06-11T16:42:30.440398
TXN-04234,CUST-9887,8977,UPI,SUCCESS,,NEW,14,8,8,0,3,False,False,0.53,3.0,8,0,2026-07-09T16:42:30.440398
TXN-04235,CUST-3822,6040,Net Banking,SUCCESS,,LOYAL,3,4,4,0,3,False,False,0.85,2.6,43,0,2026-07-19T16:42:30.440398
TXN-04236,CUST-8403,958,Net Banking,SUCCESS,,AT_RISK,14,18,3,15,3,True,True,0.57,0.1,53,0,2026-09-03T16:42:30.440398
TXN-04237,CUST-3347,7887,Credit Card,SUCCESS,,AT_RISK,6,10,1,9,3,True,True,0.34,4.1,21,0,2026-07-13T16:42:30.440398
TXN-04238,CUST-9448,668,UPI,FAILED,NETWORK_TIMEOUT,LOYAL,35,8,0,8,0,False,True,0.41,5.6,13,2,2026-09-02T16:42:30.440398
TXN-04239,CUST-1865,3421,Credit Card,FAILED,CUSTOMER_ABANDONED,REGULAR,31,27,15,12,1,True,True,0.16,6.1,47,1,2026-06-24T16:42:30.440398
TXN-04240,CUST-5199,624,Net Banking,SUCCESS,,NEW,27,19,14,5,2,True,True,0.48,3.2,35,0,2026-07-22T16:42:30.440398
TXN-04241,CUST-9313,211,Wallet,SUCCESS,,LOYAL,8,21,20,1,0,False,True,0.7,4.8,37,0,2026-08-27T16:42:30.440398
TXN-04242,CUST-2264,4803,Debit Card,FAILED,CUSTOMER_ABANDONED,NEW,32,21,4,17,3,False,False,0.88,0.1,14,0,2026-07-15T16:42:30.440398
TXN-04243,CUST-6262,12162,UPI,FAILED,PAYMENT_DECLINED,REGULAR,24,14,12,2,2,False,False,0.24,0.3,39,2,2026-06-27T16:42:30.440398
TXN-04244,CUST-6054,10840,Credit Card,FAILED,BANK_ERROR,NEW,31,5,4,1,3,True,True,0.47,1.9,40,1,2026-07-31T16:42:30.440398
TXN-04245,CUST-7996,3572,Credit Card,SUCCESS,,NEW,13,27,19,8,1,True,True,0.25,4.5,21,0,2026-08-26T16:42:30.440398
TXN-04246,CUST-7500,2365,Net Banking,SUCCESS,,NEW,22,21,14,7,3,False,False,0.89,3.9,21,0,2026-07-05T16:42:30.440398
TXN-04247,CUST-1134,706,Net Banking,SUCCESS,,LOYAL,16,27,7,20,3,True,False,0.48,0.0,17,0,2026-07-22T16:42:30.440398
TXN-04248,CUST-8664,15546,Wallet,FAILED,BANK_ERROR,REGULAR,24,17,16,1,3,True,False,0.48,0.5,33,2,2026-06-09T16:42:30.440398
TXN-04249,CUST-2904,754,Debit Card,SUCCESS,,AT_RISK,7,13,8,5,3,True,False,0.45,4.1,6,0,2026-08-07T16:42:30.440398
TXN-04250,CUST-6929,722,Credit Card,SUCCESS,,NEW,14,10,8,2,1,False,False,0.49,0.5,6,0,2026-08-01T16:42:30.440398
TXN-04251,CUST-7147,9914,UPI,SUCCESS,,REGULAR,3,13,13,0,3,True,False,0.5,1.2,43,0,2026-08-21T16:42:30.440398
TXN-04252,CUST-5213,1347,Wallet,FAILED,PAYMENT_DECLINED,AT_RISK,26,1,1,0,0,False,False,0.53,6.6,13,0,2026-08-28T16:42:30.440398
TXN-04253,CUST-4224,200,Wallet,SUCCESS,,AT_RISK,4,26,20,6,0,False,True,0.46,5.0,5,0,2026-08-20T16:42:30.440398
TXN-04254,CUST-6116,832,Wallet,SUCCESS,,LOYAL,22,1,1,0,0,False,True,0.81,4.5,33,0,2026-06-21T16:42:30.440398
TXN-04255,CUST-6581,1109,Debit Card,SUCCESS,,AT_RISK,22,23,7,16,1,True,False,0.87,1.0,46,0,2026-07-06T16:42:30.440398
TXN-04256,CUST-4424,4025,Wallet,SUCCESS,,NEW,20,23,8,15,2,True,False,0.26,4.2,27,0,2026-06-17T16:42:30.440398
TXN-04257,CUST-6129,10408,UPI,SUCCESS,,AT_RISK,35,23,11,12,3,False,False,0.41,3.4,48,0,2026-06-13T16:42:30.440398
TXN-04258,CUST-3053,1922,Debit Card,SUCCESS,,REGULAR,14,27,15,12,1,False,False,0.64,1.6,48,0,2026-07-10T16:42:30.440398
TXN-04259,CUST-5179,251,UPI,SUCCESS,,REGULAR,17,27,1,26,1,True,False,0.17,3.5,40,0,2026-06-17T16:42:30.440398
TXN-04260,CUST-6451,537,Net Banking,SUCCESS,,NEW,18,1,0,1,2,False,True,0.74,4.4,3,0,2026-07-02T16:42:30.440398
TXN-04261,CUST-1361,303,Debit Card,FAILED,PAYMENT_DECLINED,REGULAR,22,21,19,2,3,False,False,0.14,2.0,9,0,2026-07-31T16:42:30.440398
TXN-04262,CUST-9398,994,Credit Card,FAILED,CARD_EXPIRED,NEW,35,17,10,7,2,True,False,0.35,3.8,9,2,2026-09-01T16:42:30.440398
TXN-04263,CUST-9642,4145,UPI,SUCCESS,,AT_RISK,11,14,13,1,0,False,False,0.6,1.7,18,0,2026-07-04T16:42:30.440398
TXN-04264,CUST-8893,1124,UPI,SUCCESS,,REGULAR,30,4,2,2,0,False,False,0.93,4.9,9,0,2026-07-30T16:42:30.440398
TXN-04265,CUST-8962,1181,Credit Card,SUCCESS,,AT_RISK,19,8,3,5,2,True,False,0.52,1.0,13,0,2026-07-28T16:42:30.440398
TXN-04266,CUST-3541,9903,UPI,FAILED,CUSTOMER_ABANDONED,REGULAR,5,17,6,11,1,True,False,0.86,4.4,32,0,2026-08-22T16:42:30.440398
TXN-04267,CUST-1274,626,Debit Card,FAILED,CARD_EXPIRED,LOYAL,5,21,13,8,3,True,False,0.26,6.3,27,1,2026-07-30T16:42:30.440398
TXN-04268,CUST-1510,2139,Wallet,SUCCESS,,REGULAR,24,10,4,6,2,True,False,0.41,2.1,23,0,2026-07-30T16:42:30.440398
TXN-04269,CUST-3835,7469,Wallet,FAILED,PAYMENT_DECLINED,LOYAL,5,29,2,27,1,True,True,0.74,6.4,15,3,2026-07-15T16:42:30.440398
TXN-04270,CUST-7284,3356,Credit Card,SUCCESS,,REGULAR,32,28,2,26,1,True,True,0.58,2.2,13,0,2026-06-26T16:42:30.440398
TXN-04271,CUST-7197,2787,Net Banking,SUCCESS,,NEW,12,23,5,18,1,True,False,0.21,1.4,40,0,2026-07-17T16:42:30.440398
TXN-04272,CUST-9955,14162,Credit Card,SUCCESS,,REGULAR,13,8,0,8,3,True,True,0.15,4.8,43,0,2026-07-18T16:42:30.440398
TXN-04273,CUST-1748,933,Wallet,SUCCESS,,NEW,7,2,1,1,0,False,False,0.95,6.0,10,0,2026-08-04T16:42:30.440398
TXN-04274,CUST-2113,1084,UPI,SUCCESS,,REGULAR,1,26,16,10,2,True,False,0.44,6.5,22,0,2026-06-12T16:42:30.440398
TXN-04275,CUST-8656,832,Net Banking,SUCCESS,,NEW,11,29,7,22,3,False,True,0.71,0.9,2,0,2026-08-30T16:42:30.440398
TXN-04276,CUST-4129,5488,UPI,SUCCESS,,LOYAL,9,19,15,4,2,False,True,0.27,5.1,17,0,2026-08-25T16:42:30.440398
TXN-04277,CUST-9710,2345,Wallet,SUCCESS,,LOYAL,29,5,2,3,2,True,True,0.89,4.6,47,0,2026-08-23T16:42:30.440398
TXN-04278,CUST-3159,1391,Credit Card,SUCCESS,,AT_RISK,4,18,9,9,3,True,False,0.18,5.1,2,0,2026-07-21T16:42:30.440398
TXN-04279,CUST-7898,7770,Wallet,FAILED,CUSTOMER_ABANDONED,AT_RISK,5,11,5,6,2,True,False,0.76,4.5,44,0,2026-06-25T16:42:30.440398
TXN-04280,CUST-8037,4531,Wallet,SUCCESS,,AT_RISK,33,12,9,3,3,True,False,0.59,6.6,23,0,2026-07-14T16:42:30.440398
TXN-04281,CUST-7037,1505,Debit Card,FAILED,CUSTOMER_ABANDONED,NEW,19,24,11,13,3,True,False,0.18,2.2,27,3,2026-08-05T16:42:30.440398
TXN-04282,CUST-6331,877,Net Banking,SUCCESS,,AT_RISK,35,12,12,0,1,True,False,0.84,3.1,51,0,2026-08-30T16:42:30.440398
TXN-04283,CUST-8949,11455,Wallet,FAILED,CUSTOMER_ABANDONED,LOYAL,6,30,22,8,2,True,True,0.77,3.5,16,2,2026-09-04T16:42:30.440398
TXN-04284,CUST-1827,1861,UPI,SUCCESS,,AT_RISK,29,26,2,24,0,False,False,0.88,1.2,18,0,2026-06-08T16:42:30.440398
TXN-04285,CUST-2971,962,Wallet,FAILED,INSUFFICIENT_FUNDS,AT_RISK,9,2,1,1,1,False,True,0.41,3.7,50,0,2026-08-21T16:42:30.440398
TXN-04286,CUST-3349,12137,Debit Card,SUCCESS,,NEW,22,19,8,11,0,False,True,0.88,0.4,22,0,2026-06-20T16:42:30.440398
TXN-04287,CUST-7644,704,Debit Card,SUCCESS,,AT_RISK,23,3,3,0,2,True,False,0.74,0.9,60,0,2026-07-04T16:42:30.440398
TXN-04288,CUST-5988,538,Credit Card,SUCCESS,,LOYAL,25,20,7,13,2,True,True,0.22,3.3,18,0,2026-09-03T16:42:30.440398
TXN-04289,CUST-5466,14464,Wallet,SUCCESS,,NEW,1,26,0,26,3,False,True,0.45,3.6,6,0,2026-06-23T16:42:30.440398
TXN-04290,CUST-2721,1164,Wallet,SUCCESS,,AT_RISK,14,18,6,12,2,False,False,0.84,3.4,28,0,2026-08-27T16:42:30.440398
TXN-04291,CUST-8073,10031,Debit Card,FAILED,NETWORK_TIMEOUT,AT_RISK,14,27,1,26,0,False,False,0.7,2.3,52,1,2026-06-12T16:42:30.440398
TXN-04292,CUST-6723,12341,Wallet,SUCCESS,,LOYAL,5,12,9,3,1,True,True,0.73,3.2,31,0,2026-08-10T16:42:30.440398
TXN-04293,CUST-8144,261,Debit Card,SUCCESS,,NEW,21,26,3,23,1,False,False,0.65,0.3,7,0,2026-07-19T16:42:30.440398
TXN-04294,CUST-6716,442,Net Banking,SUCCESS,,AT_RISK,31,3,2,1,0,False,False,0.31,3.7,59,0,2026-06-27T16:42:30.440398
TXN-04295,CUST-6351,2219,Net Banking,SUCCESS,,AT_RISK,8,20,18,2,3,False,True,0.68,2.5,45,0,2026-07-23T16:42:30.440398
TXN-04296,CUST-1393,341,Net Banking,FAILED,CUSTOMER_ABANDONED,REGULAR,15,30,1,29,0,False,False,0.68,6.5,7,1,2026-07-15T16:42:30.440398
TXN-04297,CUST-9468,981,Debit Card,SUCCESS,,LOYAL,32,14,13,1,0,False,False,0.44,4.0,4,0,2026-07-11T16:42:30.440398
TXN-04298,CUST-1738,1685,UPI,FAILED,CARD_EXPIRED,LOYAL,34,11,7,4,1,False,False,0.61,1.2,29,1,2026-08-08T16:42:30.440398
TXN-04299,CUST-9700,9247,Debit Card,SUCCESS,,LOYAL,4,4,4,0,1,True,True,0.77,5.3,40,0,2026-07-03T16:42:30.440398
TXN-04300,CUST-7281,4279,Wallet,SUCCESS,,AT_RISK,5,5,0,5,2,False,False,0.71,3.7,17,0,2026-07-21T16:42:30.440398
TXN-04301,CUST-9816,798,Wallet,SUCCESS,,NEW,26,21,17,4,0,False,True,0.16,2.5,60,0,2026-06-27T16:42:30.440398
TXN-04302,CUST-7918,3719,Wallet,SUCCESS,,AT_RISK,13,4,1,3,0,False,False,0.72,0.9,42,0,2026-08-18T16:42:30.440398
TXN-04303,CUST-7104,5820,UPI,SUCCESS,,LOYAL,9,28,23,5,2,True,False,0.79,6.4,16,0,2026-08-19T16:42:30.440398
TXN-04304,CUST-3971,4150,UPI,SUCCESS,,LOYAL,32,22,8,14,1,True,True,0.64,0.3,34,0,2026-07-24T16:42:30.440398
TXN-04305,CUST-3929,1168,Net Banking,FAILED,CUSTOMER_ABANDONED,AT_RISK,33,8,5,3,2,False,False,0.73,1.3,26,1,2026-07-01T16:42:30.440398
TXN-04306,CUST-1488,4934,Credit Card,SUCCESS,,REGULAR,17,21,2,19,2,False,True,0.55,3.0,7,0,2026-08-18T16:42:30.440398
TXN-04307,CUST-8829,1591,Credit Card,SUCCESS,,NEW,10,13,5,8,0,False,True,0.21,1.9,11,0,2026-08-15T16:42:30.440398
TXN-04308,CUST-5934,19909,UPI,SUCCESS,,LOYAL,3,8,3,5,3,True,True,0.85,4.9,52,0,2026-08-31T16:42:30.440398
TXN-04309,CUST-9386,3701,UPI,SUCCESS,,LOYAL,22,3,2,1,1,True,False,0.68,0.3,41,0,2026-06-18T16:42:30.440398
TXN-04310,CUST-9595,2888,Net Banking,FAILED,CARD_EXPIRED,LOYAL,19,7,0,7,2,False,True,0.7,5.3,5,0,2026-06-21T16:42:30.440398
TXN-04311,CUST-7034,4068,Debit Card,SUCCESS,,LOYAL,5,6,3,3,3,True,False,0.68,4.1,1,0,2026-07-20T16:42:30.440398
TXN-04312,CUST-2387,18196,Credit Card,SUCCESS,,AT_RISK,3,22,0,22,0,False,False,0.71,5.3,32,0,2026-08-22T16:42:30.440398
TXN-04313,CUST-1369,458,Wallet,FAILED,NETWORK_TIMEOUT,LOYAL,13,1,1,0,0,False,True,0.45,4.9,3,3,2026-07-28T16:42:30.440398
TXN-04314,CUST-3342,386,Wallet,FAILED,PAYMENT_DECLINED,NEW,1,28,10,18,1,True,True,0.69,0.7,10,0,2026-07-17T16:42:30.440398
TXN-04315,CUST-6641,2260,Wallet,SUCCESS,,REGULAR,1,10,4,6,0,False,False,0.69,2.9,39,0,2026-07-30T16:42:30.440398
TXN-04316,CUST-8342,809,Credit Card,SUCCESS,,REGULAR,13,21,1,20,3,True,True,0.52,5.8,39,0,2026-06-30T16:42:30.440398
TXN-04317,CUST-1472,3178,Debit Card,SUCCESS,,LOYAL,17,17,1,16,0,False,True,0.46,3.6,9,0,2026-08-20T16:42:30.440398
TXN-04318,CUST-4862,2577,UPI,SUCCESS,,LOYAL,17,9,1,8,2,True,False,0.84,0.4,22,0,2026-07-11T16:42:30.440398
TXN-04319,CUST-2199,353,Wallet,SUCCESS,,AT_RISK,29,11,5,6,2,False,True,0.57,5.1,33,0,2026-06-19T16:42:30.440398
TXN-04320,CUST-9011,3839,Net Banking,SUCCESS,,NEW,19,2,2,0,2,False,False,0.34,0.5,11,0,2026-07-21T16:42:30.440398
TXN-04321,CUST-6547,19770,UPI,SUCCESS,,NEW,1,29,18,11,2,False,True,0.41,3.6,37,0,2026-07-13T16:42:30.440398
TXN-04322,CUST-5090,4486,Wallet,SUCCESS,,LOYAL,19,15,0,15,1,True,False,0.12,1.7,42,0,2026-07-08T16:42:30.440398
TXN-04323,CUST-3881,4043,UPI,SUCCESS,,AT_RISK,5,24,8,16,0,False,False,0.45,6.5,23,0,2026-08-07T16:42:30.440398
TXN-04324,CUST-1277,2714,UPI,FAILED,CARD_EXPIRED,AT_RISK,3,25,6,19,3,True,False,0.42,2.0,57,2,2026-07-06T16:42:30.440398
TXN-04325,CUST-5018,4598,UPI,SUCCESS,,LOYAL,34,27,26,1,0,False,False,0.93,0.5,53,0,2026-07-28T16:42:30.440398
TXN-04326,CUST-8879,14959,Debit Card,FAILED,BANK_ERROR,LOYAL,15,11,5,6,3,False,True,0.66,6.8,21,1,2026-08-11T16:42:30.440398
TXN-04327,CUST-7257,646,Debit Card,SUCCESS,,REGULAR,16,11,10,1,3,True,True,0.31,1.3,13,0,2026-06-20T16:42:30.440398
TXN-04328,CUST-1676,347,Credit Card,FAILED,NETWORK_TIMEOUT,LOYAL,10,25,1,24,2,False,True,0.59,1.4,51,3,2026-06-09T16:42:30.440398
TXN-04329,CUST-9926,554,Net Banking,FAILED,CUSTOMER_ABANDONED,AT_RISK,6,3,3,0,1,True,False,0.46,0.8,26,1,2026-07-10T16:42:30.440398
TXN-04330,CUST-7238,2323,Debit Card,SUCCESS,,AT_RISK,35,30,13,17,1,False,True,0.68,0.5,60,0,2026-09-02T16:42:30.440398
TXN-04331,CUST-4188,631,Wallet,FAILED,INSUFFICIENT_FUNDS,LOYAL,5,5,4,1,0,False,True,0.6,2.6,4,3,2026-06-19T16:42:30.440398
TXN-04332,CUST-2497,743,Debit Card,FAILED,BANK_ERROR,NEW,19,30,10,20,1,True,False,0.42,6.3,44,0,2026-08-21T16:42:30.440398
TXN-04333,CUST-9928,2310,Debit Card,FAILED,PAYMENT_DECLINED,REGULAR,24,2,2,0,2,False,True,0.44,2.1,17,1,2026-07-30T16:42:30.440398
TXN-04334,CUST-5245,280,Credit Card,SUCCESS,,REGULAR,31,11,2,9,1,False,True,0.67,5.3,60,0,2026-07-27T16:42:30.440398
TXN-04335,CUST-9193,11979,Net Banking,SUCCESS,,REGULAR,24,27,5,22,1,True,True,0.87,1.4,50,0,2026-07-23T16:42:30.440398
TXN-04336,CUST-3928,6839,Wallet,SUCCESS,,REGULAR,17,19,5,14,2,True,True,0.19,0.2,44,0,2026-06-27T16:42:30.440398
TXN-04337,CUST-2335,3024,Debit Card,SUCCESS,,NEW,7,7,6,1,1,True,True,0.64,3.1,7,0,2026-07-22T16:42:30.440398
TXN-04338,CUST-5851,590,Net Banking,SUCCESS,,LOYAL,11,5,2,3,1,True,False,0.39,4.0,46,0,2026-09-01T16:42:30.440398
TXN-04339,CUST-2229,504,UPI,SUCCESS,,NEW,23,12,4,8,1,False,True,0.25,3.3,48,0,2026-06-07T16:42:30.440398
TXN-04340,CUST-8046,2218,Net Banking,SUCCESS,,LOYAL,17,23,13,10,0,False,True,0.2,5.5,30,0,2026-07-02T16:42:30.440398
TXN-04341,CUST-1626,5867,Wallet,SUCCESS,,NEW,23,5,1,4,2,False,False,0.68,0.1,56,0,2026-09-02T16:42:30.440398
TXN-04342,CUST-7430,5945,Debit Card,SUCCESS,,REGULAR,22,30,13,17,0,False,False,0.54,2.7,46,0,2026-07-30T16:42:30.440398
TXN-04343,CUST-5237,2136,Credit Card,SUCCESS,,AT_RISK,14,14,10,4,3,False,True,0.54,3.8,15,0,2026-07-29T16:42:30.440398
TXN-04344,CUST-7658,324,Debit Card,SUCCESS,,REGULAR,9,25,1,24,0,False,False,0.76,1.6,55,0,2026-06-19T16:42:30.440398
TXN-04345,CUST-8504,294,Credit Card,SUCCESS,,REGULAR,35,28,4,24,3,True,False,0.39,6.4,60,0,2026-08-28T16:42:30.440398
TXN-04346,CUST-5824,1666,Debit Card,SUCCESS,,REGULAR,10,20,16,4,1,True,False,0.11,5.2,22,0,2026-06-29T16:42:30.440398
TXN-04347,CUST-9617,2049,Debit Card,FAILED,NETWORK_TIMEOUT,REGULAR,9,6,3,3,1,False,False,0.48,4.8,35,2,2026-07-05T16:42:30.440398
TXN-04348,CUST-1066,3531,Net Banking,SUCCESS,,LOYAL,3,21,20,1,0,False,True,0.17,0.1,1,0,2026-09-04T16:42:30.440398
TXN-04349,CUST-3865,10651,Wallet,FAILED,CARD_EXPIRED,AT_RISK,1,1,0,1,3,True,True,0.46,4.2,9,1,2026-07-13T16:42:30.440398
TXN-04350,CUST-2897,906,Wallet,SUCCESS,,NEW,17,1,1,0,0,False,True,0.69,5.2,33,0,2026-07-30T16:42:30.440398
TXN-04351,CUST-4000,12138,Net Banking,SUCCESS,,AT_RISK,12,15,15,0,2,False,True,0.76,6.3,37,0,2026-07-03T16:42:30.440398
TXN-04352,CUST-2689,16712,Net Banking,SUCCESS,,REGULAR,4,18,1,17,2,True,True,0.53,0.2,36,0,2026-07-05T16:42:30.440398
TXN-04353,CUST-2262,215,Net Banking,SUCCESS,,NEW,22,17,2,15,2,False,True,0.82,6.6,25,0,2026-06-16T16:42:30.440398
TXN-04354,CUST-9557,4398,UPI,SUCCESS,,NEW,3,4,0,4,0,False,True,0.74,6.1,30,0,2026-08-18T16:42:30.440398
TXN-04355,CUST-6758,743,Debit Card,SUCCESS,,REGULAR,1,18,3,15,1,False,False,0.67,3.2,52,0,2026-07-01T16:42:30.440398
TXN-04356,CUST-3658,1708,Net Banking,SUCCESS,,NEW,12,29,19,10,0,False,False,0.94,0.4,25,0,2026-07-10T16:42:30.440398
TXN-04357,CUST-1495,11135,Net Banking,SUCCESS,,LOYAL,7,3,3,0,2,True,False,0.59,5.1,58,0,2026-07-21T16:42:30.440398
TXN-04358,CUST-6320,6107,Wallet,FAILED,INSUFFICIENT_FUNDS,REGULAR,9,26,1,25,3,False,True,0.92,6.0,16,0,2026-07-19T16:42:30.440398
TXN-04359,CUST-7773,721,Wallet,SUCCESS,,LOYAL,36,23,13,10,1,False,True,0.43,6.2,23,0,2026-07-04T16:42:30.440398
TXN-04360,CUST-7229,1080,Wallet,SUCCESS,,AT_RISK,26,22,16,6,3,True,False,0.62,5.1,21,0,2026-09-01T16:42:30.440398
TXN-04361,CUST-9244,12294,Net Banking,SUCCESS,,AT_RISK,23,9,3,6,3,False,False,0.42,4.5,43,0,2026-06-10T16:42:30.440398
TXN-04362,CUST-6768,5631,UPI,SUCCESS,,NEW,36,21,18,3,2,True,True,0.72,0.8,34,0,2026-07-23T16:42:30.440398
TXN-04363,CUST-8603,3124,UPI,SUCCESS,,REGULAR,8,5,4,1,0,False,True,0.75,5.4,46,0,2026-06-13T16:42:30.440398
TXN-04364,CUST-8920,1420,Net Banking,FAILED,INSUFFICIENT_FUNDS,AT_RISK,24,6,6,0,3,False,True,0.65,1.9,10,0,2026-08-21T16:42:30.440398
TXN-04365,CUST-5867,10414,Wallet,SUCCESS,,REGULAR,31,4,2,2,1,False,True,0.76,5.2,57,0,2026-06-30T16:42:30.440398
TXN-04366,CUST-1433,420,Net Banking,SUCCESS,,REGULAR,26,22,22,0,3,True,True,0.18,6.8,12,0,2026-08-06T16:42:30.440398
TXN-04367,CUST-7478,7978,UPI,SUCCESS,,REGULAR,18,19,10,9,2,False,False,0.89,0.8,10,0,2026-09-03T16:42:30.440398
TXN-04368,CUST-7281,19743,Net Banking,FAILED,CUSTOMER_ABANDONED,REGULAR,29,15,13,2,1,True,True,0.46,2.7,28,0,2026-06-18T16:42:30.440398
TXN-04369,CUST-2694,1108,Credit Card,SUCCESS,,REGULAR,29,21,17,4,1,False,True,0.6,5.7,29,0,2026-08-10T16:42:30.440398
TXN-04370,CUST-1399,1109,Debit Card,SUCCESS,,REGULAR,33,23,10,13,2,True,False,0.7,6.2,60,0,2026-08-11T16:42:30.440398
TXN-04371,CUST-8895,288,UPI,FAILED,BANK_ERROR,NEW,34,23,13,10,2,True,True,0.55,2.7,5,2,2026-06-20T16:42:30.440398
TXN-04372,CUST-8290,521,Wallet,SUCCESS,,LOYAL,28,28,3,25,1,False,False,0.36,1.6,28,0,2026-06-18T16:42:30.440398
TXN-04373,CUST-2923,3008,Debit Card,SUCCESS,,AT_RISK,16,10,5,5,3,True,False,0.19,4.2,41,0,2026-08-09T16:42:30.440398
TXN-04374,CUST-4847,550,Credit Card,SUCCESS,,REGULAR,20,1,1,0,0,False,False,0.63,0.9,33,0,2026-06-26T16:42:30.440398
TXN-04375,CUST-6004,2106,Wallet,FAILED,CUSTOMER_ABANDONED,LOYAL,21,5,5,0,0,False,True,0.23,2.8,17,1,2026-06-20T16:42:30.440398
TXN-04376,CUST-6087,2509,Credit Card,SUCCESS,,LOYAL,18,23,22,1,3,False,False,0.4,0.9,55,0,2026-07-04T16:42:30.440398
TXN-04377,CUST-1563,696,Credit Card,SUCCESS,,REGULAR,2,24,23,1,3,False,False,0.94,5.1,32,0,2026-06-11T16:42:30.440398
TXN-04378,CUST-8739,18476,Net Banking,FAILED,INSUFFICIENT_FUNDS,AT_RISK,35,16,5,11,1,True,False,0.43,2.1,32,3,2026-08-14T16:42:30.440398
TXN-04379,CUST-5324,4597,Credit Card,SUCCESS,,LOYAL,34,25,17,8,2,False,True,0.88,1.3,15,0,2026-07-29T16:42:30.440398
TXN-04380,CUST-1108,12242,Wallet,SUCCESS,,AT_RISK,2,5,3,2,1,False,True,0.53,5.7,1,0,2026-08-18T16:42:30.440398
TXN-04381,CUST-4922,1529,Debit Card,SUCCESS,,LOYAL,5,8,2,6,1,False,True,0.36,2.4,17,0,2026-08-24T16:42:30.440398
TXN-04382,CUST-3624,1130,UPI,SUCCESS,,NEW,35,19,19,0,1,True,False,0.9,4.5,26,0,2026-08-04T16:42:30.440398
TXN-04383,CUST-7470,3102,Wallet,FAILED,CARD_EXPIRED,NEW,27,13,11,2,3,True,False,0.66,4.2,17,1,2026-06-24T16:42:30.440398
TXN-04384,CUST-8186,4949,Wallet,FAILED,PAYMENT_DECLINED,LOYAL,27,23,13,10,2,True,True,0.66,3.3,33,1,2026-06-21T16:42:30.440398
TXN-04385,CUST-7244,790,UPI,SUCCESS,,REGULAR,5,8,0,8,1,True,False,0.59,1.9,30,0,2026-08-08T16:42:30.440398
TXN-04386,CUST-2079,4830,Debit Card,FAILED,CARD_EXPIRED,NEW,20,22,15,7,0,False,True,0.28,3.5,31,2,2026-08-13T16:42:30.440398
TXN-04387,CUST-5041,807,Wallet,FAILED,CUSTOMER_ABANDONED,REGULAR,14,17,15,2,3,False,False,0.21,0.3,36,0,2026-08-29T16:42:30.440398
TXN-04388,CUST-9206,4833,Credit Card,FAILED,INSUFFICIENT_FUNDS,REGULAR,11,9,3,6,2,True,False,0.63,3.4,21,3,2026-07-14T16:42:30.440398
TXN-04389,CUST-6046,4060,Net Banking,SUCCESS,,AT_RISK,25,8,6,2,1,True,True,0.41,5.6,24,0,2026-06-12T16:42:30.440398
TXN-04390,CUST-8374,14201,Wallet,SUCCESS,,AT_RISK,36,18,4,14,2,False,False,0.6,5.1,16,0,2026-08-17T16:42:30.440398
TXN-04391,CUST-7184,747,UPI,FAILED,PAYMENT_DECLINED,NEW,25,13,2,11,0,False,True,0.59,2.4,20,3,2026-06-15T16:42:30.440398
TXN-04392,CUST-6980,1575,Wallet,SUCCESS,,REGULAR,8,29,13,16,2,True,False,0.74,3.6,29,0,2026-07-08T16:42:30.440398
TXN-04393,CUST-9316,3602,Credit Card,SUCCESS,,REGULAR,6,17,0,17,0,False,False,0.87,5.5,49,0,2026-07-29T16:42:30.440398
TXN-04394,CUST-7734,17291,Net Banking,SUCCESS,,AT_RISK,27,29,10,19,3,True,True,0.51,3.3,35,0,2026-07-10T16:42:30.440398
TXN-04395,CUST-3046,4821,Credit Card,SUCCESS,,REGULAR,30,13,13,0,2,True,True,0.23,3.4,5,0,2026-08-15T16:42:30.440398
TXN-04396,CUST-8711,214,Credit Card,SUCCESS,,AT_RISK,10,30,26,4,2,False,False,0.55,5.5,23,0,2026-06-16T16:42:30.440398
TXN-04397,CUST-8051,2184,Wallet,FAILED,CUSTOMER_ABANDONED,AT_RISK,5,22,13,9,1,False,False,0.29,4.0,37,2,2026-06-25T16:42:30.440398
TXN-04398,CUST-8971,305,Wallet,SUCCESS,,REGULAR,19,24,20,4,0,False,False,0.78,1.0,36,0,2026-08-03T16:42:30.440398
TXN-04399,CUST-4005,304,UPI,SUCCESS,,REGULAR,20,18,16,2,3,False,False,0.44,5.4,49,0,2026-06-20T16:42:30.440398
TXN-04400,CUST-7428,1287,Wallet,FAILED,CUSTOMER_ABANDONED,AT_RISK,3,23,14,9,3,True,False,0.77,1.8,48,1,2026-08-29T16:42:30.440398
TXN-04401,CUST-6443,375,Net Banking,SUCCESS,,REGULAR,24,3,2,1,1,False,False,0.22,3.0,37,0,2026-06-28T16:42:30.440398
TXN-04402,CUST-1843,11996,Debit Card,SUCCESS,,LOYAL,4,16,9,7,0,False,False,0.6,2.6,32,0,2026-06-19T16:42:30.440398
TXN-04403,CUST-1199,8386,Debit Card,SUCCESS,,NEW,4,17,15,2,1,False,False,0.45,6.6,33,0,2026-08-12T16:42:30.440398
TXN-04404,CUST-5543,912,Debit Card,SUCCESS,,NEW,28,11,7,4,3,True,False,0.65,3.3,46,0,2026-06-13T16:42:30.440398
TXN-04405,CUST-3692,929,UPI,SUCCESS,,LOYAL,4,28,20,8,0,False,True,0.4,3.2,19,0,2026-07-17T16:42:30.440398
TXN-04406,CUST-6750,1503,Net Banking,FAILED,CARD_EXPIRED,REGULAR,22,13,13,0,1,True,False,0.74,6.7,9,1,2026-08-20T16:42:30.440398
TXN-04407,CUST-1023,2875,Credit Card,FAILED,PAYMENT_DECLINED,REGULAR,35,12,6,6,0,False,False,0.55,2.2,58,3,2026-07-02T16:42:30.440398
TXN-04408,CUST-5013,4072,UPI,SUCCESS,,NEW,20,19,16,3,0,False,True,0.55,4.2,5,0,2026-07-31T16:42:30.440398
TXN-04409,CUST-6810,1952,Wallet,SUCCESS,,LOYAL,23,14,2,12,0,False,True,0.89,6.5,55,0,2026-08-04T16:42:30.440398
TXN-04410,CUST-2061,1458,UPI,SUCCESS,,LOYAL,27,23,10,13,2,True,True,0.65,3.0,8,0,2026-08-03T16:42:30.440398
TXN-04411,CUST-3000,367,Credit Card,SUCCESS,,AT_RISK,31,17,11,6,1,False,False,0.75,0.3,3,0,2026-06-19T16:42:30.440398
TXN-04412,CUST-2003,3958,Debit Card,SUCCESS,,NEW,23,30,19,11,2,True,False,0.28,7.0,40,0,2026-07-18T16:42:30.440398
TXN-04413,CUST-2571,12883,Debit Card,FAILED,CUSTOMER_ABANDONED,LOYAL,26,25,21,4,0,False,False,0.85,4.9,34,0,2026-07-23T16:42:30.440398
TXN-04414,CUST-5055,1241,Net Banking,SUCCESS,,LOYAL,34,30,9,21,1,True,True,0.73,3.9,4,0,2026-07-18T16:42:30.440398
TXN-04415,CUST-4505,1021,Wallet,SUCCESS,,REGULAR,14,17,3,14,3,False,False,0.65,1.2,4,0,2026-08-17T16:42:30.440398
TXN-04416,CUST-7669,19106,Credit Card,SUCCESS,,LOYAL,35,13,2,11,2,True,False,0.28,1.9,21,0,2026-07-22T16:42:30.440398
TXN-04417,CUST-7582,828,Debit Card,SUCCESS,,AT_RISK,15,15,1,14,3,False,False,0.39,4.1,48,0,2026-06-17T16:42:30.440398
TXN-04418,CUST-6650,5465,Credit Card,FAILED,BANK_ERROR,NEW,19,23,3,20,0,False,True,0.2,0.6,60,3,2026-06-19T16:42:30.440398
TXN-04419,CUST-7870,17291,Net Banking,SUCCESS,,LOYAL,21,9,8,1,1,True,False,0.21,2.9,26,0,2026-07-30T16:42:30.440398
TXN-04420,CUST-8621,7092,Net Banking,SUCCESS,,NEW,24,19,17,2,3,False,False,0.78,4.9,21,0,2026-09-02T16:42:30.440398
TXN-04421,CUST-5100,301,Wallet,SUCCESS,,REGULAR,3,6,6,0,1,True,False,0.63,6.6,27,0,2026-07-28T16:42:30.440398
TXN-04422,CUST-1257,356,Wallet,FAILED,CARD_EXPIRED,NEW,6,29,11,18,3,True,False,0.15,0.3,58,1,2026-06-27T16:42:30.440398
TXN-04423,CUST-3870,9294,Wallet,SUCCESS,,NEW,19,15,10,5,0,False,False,0.4,4.0,7,0,2026-06-14T16:42:30.440398
TXN-04424,CUST-8576,16986,Debit Card,SUCCESS,,AT_RISK,14,10,1,9,1,False,True,0.28,1.0,18,0,2026-06-27T16:42:30.440398
TXN-04425,CUST-6158,4296,Wallet,FAILED,BANK_ERROR,AT_RISK,16,15,3,12,0,False,True,0.38,3.0,44,0,2026-09-01T16:42:30.440398
TXN-04426,CUST-9445,11652,Credit Card,SUCCESS,,NEW,5,5,1,4,2,True,True,0.51,5.6,40,0,2026-07-01T16:42:30.440398
TXN-04427,CUST-7511,296,Debit Card,SUCCESS,,LOYAL,16,25,5,20,3,False,True,0.17,3.3,33,0,2026-06-26T16:42:30.440398
TXN-04428,CUST-5802,765,Net Banking,SUCCESS,,AT_RISK,14,8,3,5,2,False,True,0.58,3.0,29,0,2026-06-14T16:42:30.440398
TXN-04429,CUST-9031,12344,Debit Card,FAILED,BANK_ERROR,NEW,25,15,12,3,2,True,False,0.23,0.8,56,3,2026-06-26T16:42:30.440398
TXN-04430,CUST-4355,16489,UPI,SUCCESS,,LOYAL,30,5,5,0,0,False,False,0.32,1.8,36,0,2026-06-28T16:42:30.440398
TXN-04431,CUST-8451,13319,Credit Card,SUCCESS,,LOYAL,13,28,14,14,0,False,False,0.71,5.7,25,0,2026-07-27T16:42:30.440398
TXN-04432,CUST-8918,7342,Credit Card,FAILED,NETWORK_TIMEOUT,AT_RISK,8,20,15,5,3,True,True,0.23,6.6,32,1,2026-07-02T16:42:30.440398
TXN-04433,CUST-3131,486,Net Banking,SUCCESS,,REGULAR,23,24,10,14,0,False,True,0.85,1.1,45,0,2026-06-06T16:42:30.440398
TXN-04434,CUST-3015,2127,Net Banking,FAILED,CUSTOMER_ABANDONED,AT_RISK,33,1,1,0,1,True,False,0.32,2.5,13,0,2026-08-24T16:42:30.440398
TXN-04435,CUST-8374,1670,Net Banking,SUCCESS,,REGULAR,26,22,4,18,2,False,False,0.43,2.8,26,0,2026-09-03T16:42:30.440398
TXN-04436,CUST-7439,18867,UPI,FAILED,CARD_EXPIRED,REGULAR,3,1,0,1,3,False,False,0.15,2.3,13,0,2026-08-22T16:42:30.440398
TXN-04437,CUST-8594,653,Net Banking,SUCCESS,,NEW,26,14,7,7,0,False,True,0.4,3.6,60,0,2026-07-08T16:42:30.440398
TXN-04438,CUST-9740,595,UPI,SUCCESS,,REGULAR,6,11,9,2,2,False,False,0.87,4.4,47,0,2026-08-06T16:42:30.440398
TXN-04439,CUST-1762,4794,Debit Card,SUCCESS,,AT_RISK,16,13,8,5,1,False,False,0.48,3.6,8,0,2026-06-07T16:42:30.440398
TXN-04440,CUST-9041,5769,Wallet,SUCCESS,,REGULAR,33,8,1,7,0,False,True,0.95,3.4,25,0,2026-06-22T16:42:30.440398
TXN-04441,CUST-4044,352,Debit Card,SUCCESS,,AT_RISK,11,2,0,2,1,True,False,0.26,4.0,25,0,2026-06-23T16:42:30.440398
TXN-04442,CUST-2982,15271,Debit Card,SUCCESS,,LOYAL,23,30,20,10,1,True,True,0.37,4.5,2,0,2026-06-17T16:42:30.440398
TXN-04443,CUST-8627,19857,UPI,FAILED,NETWORK_TIMEOUT,LOYAL,17,14,8,6,1,True,False,0.3,4.8,34,3,2026-07-27T16:42:30.440398
TXN-04444,CUST-6658,2022,Debit Card,FAILED,CARD_EXPIRED,LOYAL,13,19,5,14,1,False,False,0.89,6.0,34,2,2026-08-11T16:42:30.440398
TXN-04445,CUST-2058,2043,Wallet,SUCCESS,,LOYAL,19,24,4,20,2,True,False,0.89,5.5,46,0,2026-07-07T16:42:30.440398
TXN-04446,CUST-3109,3885,Net Banking,SUCCESS,,NEW,1,21,14,7,1,True,True,0.38,4.2,11,0,2026-08-23T16:42:30.440398
TXN-04447,CUST-2904,2436,Credit Card,SUCCESS,,AT_RISK,2,25,5,20,2,True,False,0.82,5.8,53,0,2026-08-06T16:42:30.440398
TXN-04448,CUST-1275,15115,Debit Card,FAILED,CUSTOMER_ABANDONED,NEW,20,7,4,3,0,False,True,0.51,4.6,12,3,2026-07-27T16:42:30.440398
TXN-04449,CUST-4116,5677,Debit Card,SUCCESS,,REGULAR,6,26,21,5,3,False,True,0.89,4.9,24,0,2026-06-13T16:42:30.440398
TXN-04450,CUST-7590,679,UPI,SUCCESS,,REGULAR,8,10,4,6,0,False,False,0.38,0.9,23,0,2026-07-31T16:42:30.440398
TXN-04451,CUST-1630,14986,Wallet,SUCCESS,,LOYAL,7,29,0,29,3,True,True,0.72,2.2,44,0,2026-08-25T16:42:30.440398
TXN-04452,CUST-8021,8390,Net Banking,SUCCESS,,LOYAL,6,11,1,10,3,False,True,0.13,4.9,36,0,2026-08-25T16:42:30.440398
TXN-04453,CUST-1737,10248,Wallet,SUCCESS,,REGULAR,36,19,1,18,0,False,True,0.47,4.3,38,0,2026-07-29T16:42:30.440398
TXN-04454,CUST-8816,17182,Credit Card,SUCCESS,,REGULAR,18,25,9,16,3,True,False,0.26,3.5,36,0,2026-08-30T16:42:30.440398
TXN-04455,CUST-4060,234,Debit Card,SUCCESS,,NEW,29,13,13,0,1,True,False,0.44,5.6,12,0,2026-07-11T16:42:30.440398
TXN-04456,CUST-5857,2481,Net Banking,SUCCESS,,LOYAL,31,22,14,8,1,True,True,0.76,5.3,53,0,2026-08-24T16:42:30.440398
TXN-04457,CUST-3931,520,Credit Card,SUCCESS,,NEW,23,17,14,3,3,False,False,0.53,5.4,9,0,2026-08-02T16:42:30.440398
TXN-04458,CUST-7296,262,UPI,SUCCESS,,NEW,2,29,28,1,1,False,True,0.37,6.9,52,0,2026-06-10T16:42:30.440398
TXN-04459,CUST-6241,2794,Credit Card,FAILED,CUSTOMER_ABANDONED,REGULAR,9,19,6,13,0,False,False,0.4,3.7,33,3,2026-06-13T16:42:30.440398
TXN-04460,CUST-7704,384,Net Banking,SUCCESS,,AT_RISK,36,14,1,13,0,False,True,0.23,6.5,18,0,2026-06-24T16:42:30.440398
TXN-04461,CUST-7259,3310,UPI,SUCCESS,,LOYAL,17,28,20,8,0,False,False,0.73,0.6,41,0,2026-07-26T16:42:30.440398
TXN-04462,CUST-7748,323,Net Banking,SUCCESS,,LOYAL,30,2,1,1,1,True,False,0.52,2.4,45,0,2026-08-27T16:42:30.440398
TXN-04463,CUST-8837,917,Credit Card,SUCCESS,,LOYAL,31,13,7,6,2,True,False,0.94,1.9,34,0,2026-08-26T16:42:30.440398
TXN-04464,CUST-6119,811,Credit Card,SUCCESS,,LOYAL,13,20,4,16,3,True,False,0.32,4.6,32,0,2026-08-13T16:42:30.440398
TXN-04465,CUST-9266,3258,UPI,FAILED,INSUFFICIENT_FUNDS,REGULAR,26,16,3,13,0,False,False,0.37,0.9,30,3,2026-06-09T16:42:30.440398
TXN-04466,CUST-9365,14322,UPI,FAILED,CARD_EXPIRED,NEW,24,6,2,4,3,True,True,0.28,5.8,27,0,2026-06-27T16:42:30.440398
TXN-04467,CUST-5454,1149,Wallet,FAILED,PAYMENT_DECLINED,AT_RISK,19,10,10,0,0,False,True,0.59,5.4,9,0,2026-08-08T16:42:30.440398
TXN-04468,CUST-1434,19271,Wallet,SUCCESS,,NEW,3,28,4,24,3,False,True,0.42,5.3,10,0,2026-07-04T16:42:30.440398
TXN-04469,CUST-6059,4887,UPI,SUCCESS,,AT_RISK,27,26,1,25,3,False,False,0.62,4.7,14,0,2026-07-30T16:42:30.440398
TXN-04470,CUST-7923,680,Credit Card,SUCCESS,,LOYAL,17,14,8,6,0,False,False,0.8,5.3,31,0,2026-08-19T16:42:30.440398
TXN-04471,CUST-4618,1878,Net Banking,SUCCESS,,AT_RISK,20,24,3,21,0,False,False,0.23,0.7,30,0,2026-08-22T16:42:30.440398
TXN-04472,CUST-1851,3436,Debit Card,FAILED,INSUFFICIENT_FUNDS,AT_RISK,36,13,1,12,2,False,False,0.62,2.7,16,1,2026-07-23T16:42:30.440398
TXN-04473,CUST-1064,14005,Net Banking,SUCCESS,,NEW,8,3,0,3,2,False,True,0.19,3.7,50,0,2026-08-21T16:42:30.440398
TXN-04474,CUST-3079,9519,Wallet,SUCCESS,,AT_RISK,4,11,9,2,1,True,True,0.6,2.5,12,0,2026-08-07T16:42:30.440398
TXN-04475,CUST-4363,11954,Debit Card,SUCCESS,,AT_RISK,25,13,9,4,2,True,True,0.93,0.3,20,0,2026-08-28T16:42:30.440398
TXN-04476,CUST-7962,4445,Net Banking,SUCCESS,,LOYAL,32,14,4,10,1,True,False,0.8,6.0,47,0,2026-08-08T16:42:30.440398
TXN-04477,CUST-9099,1071,Debit Card,SUCCESS,,AT_RISK,30,2,2,0,3,False,True,0.59,0.9,41,0,2026-08-24T16:42:30.440398
TXN-04478,CUST-2157,707,Wallet,SUCCESS,,LOYAL,26,26,13,13,0,False,False,0.89,4.5,26,0,2026-06-09T16:42:30.440398
TXN-04479,CUST-1265,1743,Wallet,FAILED,NETWORK_TIMEOUT,REGULAR,20,2,0,2,0,False,False,0.29,2.6,41,0,2026-06-15T16:42:30.440398
TXN-04480,CUST-7042,3985,Wallet,SUCCESS,,NEW,18,4,1,3,3,True,True,0.87,2.5,12,0,2026-07-14T16:42:30.440398
TXN-04481,CUST-1419,891,Debit Card,FAILED,PAYMENT_DECLINED,AT_RISK,36,21,0,21,3,True,False,0.49,5.1,14,3,2026-07-15T16:42:30.440398
TXN-04482,CUST-9438,7600,Wallet,SUCCESS,,AT_RISK,22,23,11,12,0,False,True,0.23,1.4,28,0,2026-08-21T16:42:30.440398
TXN-04483,CUST-5783,1614,Net Banking,SUCCESS,,REGULAR,7,15,1,14,2,True,False,0.27,4.0,37,0,2026-07-10T16:42:30.440398
TXN-04484,CUST-1643,3600,Net Banking,SUCCESS,,NEW,9,27,11,16,2,True,True,0.36,1.1,13,0,2026-06-08T16:42:30.440398
TXN-04485,CUST-8051,379,Debit Card,SUCCESS,,REGULAR,6,7,2,5,2,False,True,0.35,1.9,6,0,2026-08-26T16:42:30.440398
TXN-04486,CUST-9192,810,Net Banking,SUCCESS,,NEW,25,9,9,0,0,False,True,0.37,3.2,45,0,2026-07-09T16:42:30.440398
TXN-04487,CUST-8999,2385,Net Banking,SUCCESS,,AT_RISK,20,10,7,3,0,False,False,0.6,1.5,20,0,2026-06-09T16:42:30.440398
TXN-04488,CUST-9536,2368,Credit Card,SUCCESS,,REGULAR,27,13,12,1,1,True,True,0.54,5.0,43,0,2026-07-11T16:42:30.440398
TXN-04489,CUST-8459,535,Credit Card,SUCCESS,,AT_RISK,36,27,14,13,3,False,True,0.83,0.7,28,0,2026-06-30T16:42:30.440398
TXN-04490,CUST-2213,16245,Credit Card,FAILED,NETWORK_TIMEOUT,REGULAR,17,9,9,0,3,True,False,0.56,3.8,24,2,2026-08-19T16:42:30.440398
TXN-04491,CUST-6672,342,UPI,SUCCESS,,LOYAL,3,18,5,13,3,True,True,0.32,4.0,20,0,2026-08-27T16:42:30.440398
TXN-04492,CUST-5055,3836,Wallet,SUCCESS,,LOYAL,24,18,17,1,2,False,True,0.74,6.0,34,0,2026-08-27T16:42:30.440398
TXN-04493,CUST-7731,749,Wallet,FAILED,PAYMENT_DECLINED,NEW,11,2,0,2,0,False,True,0.88,6.5,52,0,2026-07-16T16:42:30.440398
TXN-04494,CUST-4677,291,Debit Card,SUCCESS,,AT_RISK,30,22,17,5,2,True,False,0.73,3.1,27,0,2026-06-20T16:42:30.440398
TXN-04495,CUST-7688,10170,Credit Card,SUCCESS,,NEW,18,18,2,16,2,False,True,0.13,4.6,11,0,2026-07-15T16:42:30.440398
TXN-04496,CUST-5212,1111,UPI,SUCCESS,,REGULAR,36,13,12,1,0,False,True,0.38,5.5,9,0,2026-06-25T16:42:30.440398
TXN-04497,CUST-7625,8054,Wallet,FAILED,INSUFFICIENT_FUNDS,AT_RISK,14,16,8,8,1,True,False,0.49,2.3,19,0,2026-06-30T16:42:30.440398
TXN-04498,CUST-1214,1511,Debit Card,SUCCESS,,AT_RISK,26,2,0,2,2,True,True,0.78,3.6,16,0,2026-09-01T16:42:30.440398
TXN-04499,CUST-9665,2350,Credit Card,SUCCESS,,LOYAL,29,6,6,0,2,False,True,0.2,3.0,52,0,2026-06-06T16:42:30.440398
TXN-04500,CUST-4885,14790,Credit Card,SUCCESS,,NEW,12,11,11,0,2,True,False,0.21,6.4,36,0,2026-06-21T16:42:30.440398
TXN-04501,CUST-3988,5927,Debit Card,SUCCESS,,REGULAR,11,17,15,2,0,False,False,0.12,5.6,30,0,2026-07-19T16:42:30.440398
TXN-04502,CUST-4332,385,Debit Card,FAILED,PAYMENT_DECLINED,AT_RISK,30,4,4,0,2,False,False,0.17,4.1,1,2,2026-07-03T16:42:30.440398
TXN-04503,CUST-5058,4237,UPI,SUCCESS,,NEW,36,5,5,0,1,False,True,0.92,3.1,52,0,2026-08-28T16:42:30.440398
TXN-04504,CUST-2148,10263,UPI,SUCCESS,,AT_RISK,25,15,0,15,1,True,False,0.9,6.5,21,0,2026-07-03T16:42:30.440398
TXN-04505,CUST-1877,15401,Wallet,FAILED,CARD_EXPIRED,AT_RISK,28,28,6,22,2,False,False,0.32,2.2,5,3,2026-06-09T16:42:30.440398
TXN-04506,CUST-3497,323,Credit Card,SUCCESS,,AT_RISK,13,19,7,12,0,False,True,0.72,6.4,5,0,2026-07-19T16:42:30.440398
TXN-04507,CUST-1217,12304,UPI,SUCCESS,,LOYAL,33,22,18,4,3,True,True,0.2,0.2,4,0,2026-07-21T16:42:30.440398
TXN-04508,CUST-5477,3172,Net Banking,SUCCESS,,LOYAL,7,28,9,19,3,False,True,0.89,1.9,2,0,2026-07-29T16:42:30.440398
TXN-04509,CUST-5081,3901,Wallet,SUCCESS,,NEW,23,10,5,5,2,False,True,0.84,6.3,18,0,2026-09-03T16:42:30.440398
TXN-04510,CUST-4805,970,Credit Card,SUCCESS,,NEW,18,28,27,1,1,False,False,0.95,1.8,19,0,2026-07-23T16:42:30.440398
TXN-04511,CUST-5209,6787,Wallet,FAILED,NETWORK_TIMEOUT,AT_RISK,9,13,11,2,2,False,True,0.23,2.9,8,1,2026-07-28T16:42:30.440398
TXN-04512,CUST-8899,12255,Debit Card,SUCCESS,,NEW,10,30,22,8,3,False,True,0.26,3.5,6,0,2026-08-23T16:42:30.440398
TXN-04513,CUST-5378,2934,UPI,SUCCESS,,NEW,35,11,2,9,1,True,True,0.79,1.7,31,0,2026-07-24T16:42:30.440398
TXN-04514,CUST-4505,374,Wallet,FAILED,CARD_EXPIRED,LOYAL,26,25,21,4,2,True,True,0.11,5.1,35,0,2026-07-08T16:42:30.440398
TXN-04515,CUST-4238,7678,Wallet,FAILED,CARD_EXPIRED,REGULAR,12,24,5,19,2,True,False,0.78,5.4,46,3,2026-07-18T16:42:30.440398
TXN-04516,CUST-1251,1249,Wallet,SUCCESS,,NEW,31,11,2,9,3,True,False,0.33,6.2,55,0,2026-07-08T16:42:30.440398
TXN-04517,CUST-1404,2972,Debit Card,FAILED,BANK_ERROR,NEW,23,20,9,11,2,True,False,0.33,5.8,30,3,2026-06-29T16:42:30.440398
TXN-04518,CUST-4491,3202,Net Banking,FAILED,NETWORK_TIMEOUT,NEW,3,9,9,0,0,False,True,0.74,1.1,36,2,2026-06-18T16:42:30.440398
TXN-04519,CUST-7678,661,Net Banking,SUCCESS,,LOYAL,32,11,5,6,2,True,True,0.75,1.1,32,0,2026-08-15T16:42:30.440398
TXN-04520,CUST-3778,13428,UPI,SUCCESS,,REGULAR,3,18,1,17,1,True,True,0.83,1.4,11,0,2026-07-03T16:42:30.440398
TXN-04521,CUST-7145,2143,Credit Card,SUCCESS,,REGULAR,2,21,6,15,2,True,False,0.37,5.6,23,0,2026-06-23T16:42:30.440398
TXN-04522,CUST-1719,8662,Net Banking,SUCCESS,,REGULAR,32,16,4,12,0,False,False,0.45,1.0,4,0,2026-07-07T16:42:30.440398
TXN-04523,CUST-3239,216,Debit Card,SUCCESS,,REGULAR,9,18,0,18,0,False,True,0.68,4.3,31,0,2026-07-27T16:42:30.440398
TXN-04524,CUST-3967,7669,Wallet,FAILED,BANK_ERROR,REGULAR,34,4,3,1,0,False,True,0.42,1.9,10,1,2026-08-28T16:42:30.440398
TXN-04525,CUST-5273,1643,Credit Card,SUCCESS,,REGULAR,2,27,12,15,0,False,True,0.66,3.6,14,0,2026-08-15T16:42:30.440398
TXN-04526,CUST-7351,5207,Wallet,FAILED,INSUFFICIENT_FUNDS,REGULAR,36,29,27,2,1,False,True,0.57,4.3,27,1,2026-06-10T16:42:30.440398
TXN-04527,CUST-4211,8471,Net Banking,SUCCESS,,NEW,7,26,24,2,3,True,True,0.8,6.6,22,0,2026-07-08T16:42:30.440398
TXN-04528,CUST-4781,4635,Net Banking,SUCCESS,,LOYAL,2,6,5,1,1,True,True,0.51,1.6,17,0,2026-07-28T16:42:30.440398
TXN-04529,CUST-3730,631,Wallet,SUCCESS,,NEW,6,15,10,5,1,False,True,0.23,3.4,41,0,2026-06-27T16:42:30.440398
TXN-04530,CUST-5783,1778,Credit Card,SUCCESS,,NEW,15,22,14,8,3,True,True,0.17,4.4,3,0,2026-07-06T16:42:30.440398
TXN-04531,CUST-9998,1228,Debit Card,SUCCESS,,REGULAR,14,22,17,5,3,False,True,0.81,6.7,13,0,2026-07-24T16:42:30.440398
TXN-04532,CUST-3504,1486,Net Banking,SUCCESS,,AT_RISK,18,20,12,8,2,True,False,0.62,5.0,28,0,2026-06-16T16:42:30.440398
TXN-04533,CUST-8861,11291,Wallet,SUCCESS,,NEW,5,8,6,2,2,True,False,0.46,4.3,28,0,2026-08-13T16:42:30.440398
TXN-04534,CUST-5308,2995,Wallet,SUCCESS,,LOYAL,19,8,5,3,3,True,True,0.82,4.0,33,0,2026-07-26T16:42:30.440398
TXN-04535,CUST-3924,958,Wallet,SUCCESS,,AT_RISK,1,5,2,3,1,False,False,0.85,4.1,24,0,2026-08-07T16:42:30.440398
TXN-04536,CUST-6890,18234,Wallet,FAILED,BANK_ERROR,NEW,21,23,16,7,2,False,False,0.16,3.1,47,3,2026-08-02T16:42:30.440398
TXN-04537,CUST-3304,451,Wallet,SUCCESS,,NEW,25,11,5,6,2,True,False,0.85,0.3,32,0,2026-06-06T16:42:30.440398
TXN-04538,CUST-3762,5541,UPI,SUCCESS,,AT_RISK,31,11,0,11,3,True,True,0.7,5.7,36,0,2026-08-23T16:42:30.440398
TXN-04539,CUST-3032,15639,Wallet,FAILED,CARD_EXPIRED,AT_RISK,31,25,10,15,1,True,False,0.13,5.8,23,3,2026-06-09T16:42:30.440398
TXN-04540,CUST-9091,2620,Net Banking,SUCCESS,,NEW,30,25,2,23,3,True,True,0.86,6.6,29,0,2026-07-10T16:42:30.440398
TXN-04541,CUST-2831,817,Net Banking,SUCCESS,,AT_RISK,4,28,6,22,3,False,False,0.93,3.0,55,0,2026-06-24T16:42:30.440398
TXN-04542,CUST-7444,250,UPI,SUCCESS,,AT_RISK,28,14,8,6,1,False,True,0.14,5.4,32,0,2026-06-29T16:42:30.440398
TXN-04543,CUST-7805,294,Credit Card,SUCCESS,,REGULAR,33,23,13,10,0,False,False,0.12,6.4,59,0,2026-08-31T16:42:30.440398
TXN-04544,CUST-8959,408,Credit Card,FAILED,BANK_ERROR,AT_RISK,16,17,1,16,0,False,True,0.31,4.4,35,2,2026-07-23T16:42:30.440398
TXN-04545,CUST-2218,621,UPI,FAILED,CARD_EXPIRED,REGULAR,22,29,4,25,0,False,False,0.55,1.1,53,1,2026-07-14T16:42:30.440398
TXN-04546,CUST-2186,609,Wallet,SUCCESS,,AT_RISK,30,20,1,19,2,False,False,0.32,1.8,22,0,2026-08-10T16:42:30.440398
TXN-04547,CUST-5260,655,Credit Card,SUCCESS,,REGULAR,11,11,6,5,3,False,True,0.22,0.9,34,0,2026-08-30T16:42:30.440398
TXN-04548,CUST-4126,359,UPI,SUCCESS,,AT_RISK,4,23,5,18,1,True,True,0.63,6.4,19,0,2026-07-29T16:42:30.440398
TXN-04549,CUST-2754,3676,Wallet,FAILED,CARD_EXPIRED,LOYAL,5,11,0,11,0,False,False,0.81,6.5,38,2,2026-08-24T16:42:30.440398
TXN-04550,CUST-6019,1897,Net Banking,FAILED,CARD_EXPIRED,LOYAL,4,26,5,21,2,True,False,0.44,5.7,49,3,2026-06-22T16:42:30.440398
TXN-04551,CUST-1166,2621,Wallet,FAILED,NETWORK_TIMEOUT,AT_RISK,10,14,6,8,0,False,False,0.41,4.6,24,3,2026-08-17T16:42:30.440398
TXN-04552,CUST-2891,6030,Debit Card,SUCCESS,,NEW,12,27,3,24,0,False,False,0.53,1.7,42,0,2026-07-21T16:42:30.440398
TXN-04553,CUST-5026,8525,Credit Card,SUCCESS,,LOYAL,16,24,24,0,2,True,False,0.9,0.9,44,0,2026-07-15T16:42:30.440398
TXN-04554,CUST-7911,7889,Debit Card,FAILED,INSUFFICIENT_FUNDS,NEW,25,14,5,9,2,True,True,0.37,1.8,60,3,2026-06-28T16:42:30.440398
TXN-04555,CUST-3615,367,Credit Card,SUCCESS,,AT_RISK,29,17,9,8,3,True,False,0.47,2.9,16,0,2026-06-07T16:42:30.440398
TXN-04556,CUST-8999,1210,Net Banking,FAILED,CUSTOMER_ABANDONED,NEW,34,4,3,1,2,True,True,0.62,1.0,52,1,2026-07-12T16:42:30.440398
TXN-04557,CUST-8823,701,Credit Card,FAILED,NETWORK_TIMEOUT,AT_RISK,21,6,4,2,2,True,False,0.14,6.9,10,0,2026-06-19T16:42:30.440398
TXN-04558,CUST-7700,5478,Net Banking,SUCCESS,,AT_RISK,32,14,9,5,2,True,True,0.38,3.5,15,0,2026-08-11T16:42:30.440398
TXN-04559,CUST-1081,2100,Net Banking,SUCCESS,,NEW,14,12,8,4,2,False,True,0.59,2.4,43,0,2026-07-06T16:42:30.440398
TXN-04560,CUST-9748,950,Debit Card,SUCCESS,,LOYAL,12,14,3,11,1,True,False,0.75,6.3,15,0,2026-06-14T16:42:30.440398
TXN-04561,CUST-2361,5294,UPI,SUCCESS,,NEW,21,2,1,1,3,True,True,0.25,6.7,19,0,2026-08-31T16:42:30.440398
TXN-04562,CUST-2000,469,Credit Card,SUCCESS,,NEW,31,14,0,14,1,False,True,0.58,5.4,39,0,2026-07-06T16:42:30.440398
TXN-04563,CUST-6557,18253,Credit Card,SUCCESS,,NEW,29,5,2,3,3,False,True,0.55,5.3,47,0,2026-07-18T16:42:30.440398
TXN-04564,CUST-7857,8112,Credit Card,SUCCESS,,AT_RISK,13,28,11,17,0,False,False,0.73,6.5,16,0,2026-08-03T16:42:30.440398
TXN-04565,CUST-2973,6624,UPI,FAILED,CARD_EXPIRED,AT_RISK,24,23,4,19,0,False,True,0.73,0.6,18,1,2026-07-16T16:42:30.440398
TXN-04566,CUST-6177,551,Net Banking,SUCCESS,,AT_RISK,3,25,0,25,0,False,True,0.21,0.2,40,0,2026-08-26T16:42:30.440398
TXN-04567,CUST-2379,835,Wallet,SUCCESS,,NEW,23,12,12,0,0,False,True,0.66,1.1,16,0,2026-07-17T16:42:30.440398
TXN-04568,CUST-8561,12522,Net Banking,SUCCESS,,LOYAL,19,23,0,23,1,False,False,0.27,5.2,51,0,2026-06-15T16:42:30.440398
TXN-04569,CUST-1559,17154,Debit Card,SUCCESS,,NEW,31,9,5,4,1,True,False,0.8,2.7,44,0,2026-09-04T16:42:30.440398
TXN-04570,CUST-6793,7129,Wallet,SUCCESS,,REGULAR,33,2,1,1,1,False,True,0.69,5.2,48,0,2026-06-08T16:42:30.440398
TXN-04571,CUST-3862,2477,Debit Card,SUCCESS,,AT_RISK,26,17,13,4,1,True,False,0.94,6.2,60,0,2026-08-24T16:42:30.440398
TXN-04572,CUST-5990,17633,Debit Card,FAILED,INSUFFICIENT_FUNDS,REGULAR,2,25,18,7,2,False,True,0.68,3.4,21,3,2026-08-29T16:42:30.440398
TXN-04573,CUST-4315,10215,Wallet,SUCCESS,,LOYAL,19,23,4,19,2,True,False,0.15,2.3,18,0,2026-06-26T16:42:30.440398
TXN-04574,CUST-9523,13287,Net Banking,SUCCESS,,LOYAL,4,22,1,21,2,True,True,0.94,6.3,22,0,2026-06-11T16:42:30.440398
TXN-04575,CUST-4640,9968,Debit Card,FAILED,CARD_EXPIRED,LOYAL,31,23,6,17,0,False,True,0.49,2.8,24,0,2026-07-17T16:42:30.440398
TXN-04576,CUST-3418,2207,Credit Card,FAILED,BANK_ERROR,REGULAR,17,14,0,14,2,False,False,0.19,3.6,27,0,2026-07-31T16:42:30.440398
TXN-04577,CUST-5196,235,Wallet,FAILED,PAYMENT_DECLINED,AT_RISK,16,6,1,5,2,False,True,0.16,4.7,12,0,2026-06-20T16:42:30.440398
TXN-04578,CUST-1588,605,Debit Card,SUCCESS,,AT_RISK,29,28,5,23,1,True,True,0.34,3.5,38,0,2026-07-03T16:42:30.440398
TXN-04579,CUST-2297,4355,Wallet,SUCCESS,,NEW,15,30,5,25,0,False,False,0.49,1.9,7,0,2026-08-15T16:42:30.440398
TXN-04580,CUST-9567,14901,UPI,FAILED,CUSTOMER_ABANDONED,AT_RISK,16,14,0,14,2,False,False,0.87,1.6,8,1,2026-09-03T16:42:30.440398
TXN-04581,CUST-5533,16608,Credit Card,SUCCESS,,NEW,9,28,28,0,0,False,False,0.44,5.2,18,0,2026-08-23T16:42:30.440398
TXN-04582,CUST-6572,13633,Credit Card,SUCCESS,,AT_RISK,35,25,4,21,3,True,True,0.12,1.6,5,0,2026-09-01T16:42:30.440398
TXN-04583,CUST-1372,6108,Wallet,SUCCESS,,REGULAR,29,19,5,14,1,False,True,0.23,0.7,20,0,2026-06-19T16:42:30.440398
TXN-04584,CUST-5288,15060,Net Banking,SUCCESS,,LOYAL,34,2,1,1,3,False,False,0.57,5.0,53,0,2026-07-05T16:42:30.440398
TXN-04585,CUST-4851,4617,Debit Card,SUCCESS,,AT_RISK,20,4,3,1,1,False,False,0.25,3.3,23,0,2026-08-20T16:42:30.440398
TXN-04586,CUST-9982,319,Wallet,FAILED,CARD_EXPIRED,REGULAR,24,6,2,4,2,True,True,0.2,3.7,24,2,2026-08-19T16:42:30.440398
TXN-04587,CUST-3357,967,Credit Card,SUCCESS,,REGULAR,17,6,5,1,2,True,False,0.33,1.6,4,0,2026-06-06T16:42:30.440398
TXN-04588,CUST-2383,1686,Credit Card,SUCCESS,,AT_RISK,22,24,7,17,2,True,False,0.58,4.6,40,0,2026-07-12T16:42:30.440398
TXN-04589,CUST-5889,3032,UPI,SUCCESS,,REGULAR,9,11,1,10,2,True,False,0.61,1.2,16,0,2026-08-03T16:42:30.440398
TXN-04590,CUST-5404,4155,Wallet,SUCCESS,,AT_RISK,31,22,5,17,1,False,True,0.62,0.9,6,0,2026-06-07T16:42:30.440398
TXN-04591,CUST-6528,791,Credit Card,SUCCESS,,AT_RISK,12,1,1,0,0,False,True,0.8,0.9,1,0,2026-07-23T16:42:30.440398
TXN-04592,CUST-6685,377,UPI,SUCCESS,,REGULAR,24,30,11,19,1,False,False,0.85,2.5,3,0,2026-08-18T16:42:30.440398
TXN-04593,CUST-6660,12944,Net Banking,FAILED,INSUFFICIENT_FUNDS,NEW,17,6,2,4,2,False,False,0.83,0.4,59,2,2026-08-23T16:42:30.440398
TXN-04594,CUST-8537,462,Credit Card,FAILED,CARD_EXPIRED,AT_RISK,15,27,19,8,1,True,True,0.53,2.7,53,1,2026-06-26T16:42:30.440398
TXN-04595,CUST-3364,2686,Debit Card,FAILED,NETWORK_TIMEOUT,NEW,5,2,2,0,1,False,False,0.62,3.3,24,1,2026-06-17T16:42:30.440398
TXN-04596,CUST-2834,486,Wallet,SUCCESS,,NEW,16,18,17,1,3,True,True,0.14,3.7,31,0,2026-07-06T16:42:30.440398
TXN-04597,CUST-7551,4343,Debit Card,FAILED,PAYMENT_DECLINED,AT_RISK,35,13,7,6,0,False,False,0.83,6.7,44,3,2026-07-23T16:42:30.440398
TXN-04598,CUST-9032,4188,Debit Card,SUCCESS,,LOYAL,31,7,2,5,3,False,False,0.19,6.5,16,0,2026-06-22T16:42:30.440398
TXN-04599,CUST-7556,333,UPI,SUCCESS,,AT_RISK,36,17,11,6,3,False,True,0.94,1.0,47,0,2026-08-24T16:42:30.440398
TXN-04600,CUST-4082,1202,Net Banking,SUCCESS,,REGULAR,25,9,4,5,1,True,True,0.14,4.1,15,0,2026-08-24T16:42:30.440398
TXN-04601,CUST-8394,1492,Net Banking,FAILED,CUSTOMER_ABANDONED,REGULAR,23,1,1,0,3,False,True,0.23,1.8,55,1,2026-07-19T16:42:30.440398
TXN-04602,CUST-5582,18545,Wallet,FAILED,BANK_ERROR,AT_RISK,9,20,1,19,2,False,False,0.42,5.5,49,3,2026-06-20T16:42:30.440398
TXN-04603,CUST-7355,17265,UPI,SUCCESS,,AT_RISK,5,3,3,0,2,True,True,0.27,4.4,28,0,2026-09-03T16:42:30.440398
TXN-04604,CUST-2943,3325,Debit Card,SUCCESS,,LOYAL,4,9,2,7,2,True,True,0.42,4.1,26,0,2026-08-27T16:42:30.440398
TXN-04605,CUST-4194,19866,Debit Card,SUCCESS,,NEW,8,22,10,12,1,False,False,0.27,5.9,8,0,2026-09-03T16:42:30.440398
TXN-04606,CUST-2307,209,Wallet,SUCCESS,,LOYAL,3,3,0,3,0,False,False,0.16,2.6,1,0,2026-07-16T16:42:30.440398
TXN-04607,CUST-4353,8094,Wallet,FAILED,NETWORK_TIMEOUT,LOYAL,12,30,7,23,3,True,True,0.76,3.8,23,3,2026-08-22T16:42:30.440398
TXN-04608,CUST-2220,879,Debit Card,SUCCESS,,LOYAL,11,14,6,8,3,True,True,0.85,5.8,24,0,2026-09-03T16:42:30.440398
TXN-04609,CUST-6764,4463,Debit Card,SUCCESS,,REGULAR,8,26,23,3,1,False,True,0.18,0.0,20,0,2026-08-28T16:42:30.440398
TXN-04610,CUST-8836,3939,Debit Card,SUCCESS,,REGULAR,13,16,15,1,1,True,True,0.42,1.8,50,0,2026-08-09T16:42:30.440398
TXN-04611,CUST-4988,11235,Debit Card,FAILED,CARD_EXPIRED,LOYAL,35,27,7,20,3,True,True,0.16,2.1,60,2,2026-07-12T16:42:30.440398
TXN-04612,CUST-3706,19480,Debit Card,FAILED,NETWORK_TIMEOUT,AT_RISK,22,2,1,1,3,False,True,0.29,2.9,5,1,2026-08-15T16:42:30.440398
TXN-04613,CUST-5260,877,Net Banking,FAILED,BANK_ERROR,REGULAR,14,28,10,18,2,True,True,0.53,2.9,50,1,2026-06-25T16:42:30.440398
TXN-04614,CUST-6939,2221,Wallet,SUCCESS,,LOYAL,27,20,19,1,0,False,False,0.81,3.9,49,0,2026-06-13T16:42:30.440398
TXN-04615,CUST-3002,3921,UPI,SUCCESS,,LOYAL,19,11,0,11,1,False,True,0.28,5.6,56,0,2026-07-28T16:42:30.440398
TXN-04616,CUST-3650,660,Wallet,FAILED,PAYMENT_DECLINED,NEW,33,19,11,8,3,True,False,0.88,3.3,51,1,2026-08-17T16:42:30.440398
TXN-04617,CUST-1947,17828,Net Banking,SUCCESS,,REGULAR,3,17,4,13,0,False,False,0.84,5.9,49,0,2026-08-19T16:42:30.440398
TXN-04618,CUST-7718,4190,Credit Card,FAILED,NETWORK_TIMEOUT,NEW,32,18,14,4,0,False,False,0.38,4.6,15,3,2026-08-25T16:42:30.440398
TXN-04619,CUST-8786,991,Credit Card,FAILED,NETWORK_TIMEOUT,AT_RISK,26,30,23,7,3,True,True,0.29,5.4,17,2,2026-08-24T16:42:30.440398
TXN-04620,CUST-2710,877,Debit Card,FAILED,CUSTOMER_ABANDONED,NEW,9,25,1,24,3,True,False,0.33,5.8,9,0,2026-06-15T16:42:30.440398
TXN-04621,CUST-4093,577,Debit Card,FAILED,NETWORK_TIMEOUT,LOYAL,18,12,5,7,2,True,True,0.15,1.8,27,0,2026-08-06T16:42:30.440398
TXN-04622,CUST-6145,18232,Debit Card,SUCCESS,,NEW,27,6,5,1,1,False,True,0.67,3.3,12,0,2026-06-09T16:42:30.440398
TXN-04623,CUST-3459,293,Wallet,SUCCESS,,LOYAL,18,22,0,22,2,True,True,0.43,1.5,1,0,2026-08-20T16:42:30.440398
TXN-04624,CUST-8875,634,Debit Card,SUCCESS,,AT_RISK,4,26,22,4,0,False,True,0.78,4.5,47,0,2026-07-16T16:42:30.440398
TXN-04625,CUST-8230,804,Credit Card,SUCCESS,,NEW,20,27,24,3,0,False,True,0.17,6.1,27,0,2026-06-18T16:42:30.440398
TXN-04626,CUST-4383,4696,Net Banking,SUCCESS,,NEW,31,22,6,16,2,False,False,0.33,3.6,32,0,2026-07-02T16:42:30.440398
TXN-04627,CUST-2152,553,UPI,FAILED,BANK_ERROR,NEW,27,8,8,0,1,False,True,0.54,4.4,29,2,2026-06-07T16:42:30.440398
TXN-04628,CUST-3976,1742,Net Banking,SUCCESS,,NEW,23,21,19,2,3,True,True,0.9,3.5,55,0,2026-06-20T16:42:30.440398
TXN-04629,CUST-9535,7586,UPI,SUCCESS,,AT_RISK,4,18,1,17,3,True,False,0.41,6.4,16,0,2026-07-26T16:42:30.440398
TXN-04630,CUST-3839,9192,Wallet,FAILED,BANK_ERROR,REGULAR,35,8,1,7,2,False,False,0.78,1.1,51,3,2026-09-02T16:42:30.440398
TXN-04631,CUST-9011,4615,Net Banking,SUCCESS,,LOYAL,13,24,24,0,1,False,True,0.77,5.3,58,0,2026-06-09T16:42:30.440398
TXN-04632,CUST-8212,987,Wallet,SUCCESS,,LOYAL,26,15,12,3,0,False,True,0.5,3.3,12,0,2026-07-03T16:42:30.440398
TXN-04633,CUST-6576,962,Net Banking,FAILED,CARD_EXPIRED,REGULAR,28,8,4,4,1,True,False,0.25,5.3,25,0,2026-08-25T16:42:30.440398
TXN-04634,CUST-7712,2284,Credit Card,SUCCESS,,AT_RISK,30,3,1,2,3,True,False,0.93,4.0,11,0,2026-06-15T16:42:30.440398
TXN-04635,CUST-1176,672,Credit Card,FAILED,INSUFFICIENT_FUNDS,AT_RISK,11,18,7,11,3,False,False,0.61,4.9,14,0,2026-07-27T16:42:30.440398
TXN-04636,CUST-2691,7936,Debit Card,SUCCESS,,REGULAR,32,14,7,7,3,False,False,0.44,0.2,43,0,2026-09-04T16:42:30.440398
TXN-04637,CUST-1045,757,Credit Card,SUCCESS,,NEW,31,30,6,24,3,False,True,0.34,2.0,45,0,2026-08-02T16:42:30.440398
TXN-04638,CUST-9298,558,Debit Card,SUCCESS,,REGULAR,12,2,1,1,2,True,True,0.73,0.2,35,0,2026-06-15T16:42:30.440398
TXN-04639,CUST-5332,235,UPI,SUCCESS,,NEW,26,8,5,3,3,True,True,0.22,4.8,24,0,2026-06-24T16:42:30.440398
TXN-04640,CUST-9160,13816,Debit Card,SUCCESS,,REGULAR,32,26,22,4,0,False,False,0.26,4.8,55,0,2026-08-31T16:42:30.440398
TXN-04641,CUST-8657,3059,Net Banking,SUCCESS,,REGULAR,22,18,17,1,3,True,True,0.15,3.1,59,0,2026-07-22T16:42:30.440398
TXN-04642,CUST-3782,3779,UPI,SUCCESS,,AT_RISK,16,25,1,24,0,False,True,0.72,3.7,7,0,2026-08-31T16:42:30.440398
TXN-04643,CUST-4321,16083,Credit Card,SUCCESS,,AT_RISK,34,27,17,10,3,True,False,0.34,3.9,54,0,2026-07-26T16:42:30.440398
TXN-04644,CUST-8487,967,Credit Card,SUCCESS,,AT_RISK,11,28,10,18,3,True,False,0.73,2.3,1,0,2026-06-14T16:42:30.440398
TXN-04645,CUST-1965,13477,UPI,SUCCESS,,LOYAL,3,1,0,1,1,False,True,0.53,3.1,35,0,2026-08-01T16:42:30.440398
TXN-04646,CUST-8170,2818,Debit Card,SUCCESS,,REGULAR,19,26,23,3,2,True,True,0.36,6.0,31,0,2026-07-22T16:42:30.440398
TXN-04647,CUST-7946,14600,Net Banking,SUCCESS,,LOYAL,27,22,7,15,1,False,True,0.33,6.8,12,0,2026-06-18T16:42:30.440398
TXN-04648,CUST-3557,530,Wallet,SUCCESS,,LOYAL,23,21,8,13,1,True,False,0.58,0.9,20,0,2026-06-14T16:42:30.440398
TXN-04649,CUST-9052,10118,UPI,SUCCESS,,LOYAL,31,28,22,6,2,True,True,0.47,1.2,55,0,2026-07-12T16:42:30.440398
TXN-04650,CUST-5928,1431,Net Banking,FAILED,INSUFFICIENT_FUNDS,REGULAR,1,23,1,22,2,True,False,0.15,6.3,19,0,2026-07-31T16:42:30.440398
TXN-04651,CUST-6283,3736,Credit Card,SUCCESS,,AT_RISK,34,2,2,0,2,True,False,0.42,3.9,7,0,2026-07-19T16:42:30.440398
TXN-04652,CUST-3305,825,Net Banking,SUCCESS,,NEW,14,8,3,5,0,False,False,0.65,1.3,43,0,2026-07-22T16:42:30.440398
TXN-04653,CUST-4860,4387,UPI,SUCCESS,,AT_RISK,34,8,2,6,1,True,True,0.27,3.6,21,0,2026-06-09T16:42:30.440398
TXN-04654,CUST-9553,590,UPI,SUCCESS,,NEW,18,2,2,0,2,True,False,0.29,2.5,2,0,2026-07-09T16:42:30.440398
TXN-04655,CUST-8618,832,UPI,SUCCESS,,NEW,26,18,2,16,0,False,True,0.77,6.5,24,0,2026-08-21T16:42:30.440398
TXN-04656,CUST-6746,2787,Net Banking,SUCCESS,,NEW,7,25,10,15,2,True,False,0.11,4.0,29,0,2026-06-24T16:42:30.440398
TXN-04657,CUST-6953,631,Credit Card,SUCCESS,,REGULAR,26,10,8,2,3,False,True,0.7,4.0,5,0,2026-07-23T16:42:30.440398
TXN-04658,CUST-2741,1965,Net Banking,SUCCESS,,AT_RISK,3,23,2,21,0,False,False,0.36,1.9,59,0,2026-07-07T16:42:30.440398
TXN-04659,CUST-5693,10996,Net Banking,FAILED,INSUFFICIENT_FUNDS,REGULAR,4,6,6,0,3,True,True,0.85,4.7,24,1,2026-07-26T16:42:30.440398
TXN-04660,CUST-6788,2929,Net Banking,SUCCESS,,LOYAL,5,12,1,11,3,True,True,0.16,0.5,32,0,2026-07-17T16:42:30.440398
TXN-04661,CUST-1516,576,UPI,SUCCESS,,REGULAR,12,28,15,13,1,True,True,0.36,2.0,59,0,2026-06-20T16:42:30.440398
TXN-04662,CUST-2813,1524,Wallet,SUCCESS,,NEW,17,12,6,6,1,True,False,0.11,0.2,40,0,2026-08-15T16:42:30.440398
TXN-04663,CUST-6764,362,Wallet,SUCCESS,,LOYAL,15,4,4,0,1,False,True,0.83,6.8,47,0,2026-08-02T16:42:30.440398
TXN-04664,CUST-4276,3899,Debit Card,SUCCESS,,AT_RISK,17,5,4,1,0,False,False,0.31,1.4,25,0,2026-07-08T16:42:30.440398
TXN-04665,CUST-3826,592,Credit Card,SUCCESS,,LOYAL,22,10,5,5,2,True,False,0.81,4.6,25,0,2026-06-07T16:42:30.440398
TXN-04666,CUST-4737,801,UPI,SUCCESS,,LOYAL,31,30,11,19,3,True,False,0.45,3.8,44,0,2026-07-17T16:42:30.440398
TXN-04667,CUST-6293,265,Wallet,SUCCESS,,NEW,21,10,0,10,2,True,True,0.2,2.7,56,0,2026-08-04T16:42:30.440398
TXN-04668,CUST-5637,5184,Net Banking,SUCCESS,,NEW,14,23,8,15,3,True,True,0.71,6.6,25,0,2026-09-01T16:42:30.440398
TXN-04669,CUST-3739,919,Credit Card,SUCCESS,,LOYAL,24,7,2,5,2,False,False,0.23,6.5,7,0,2026-08-03T16:42:30.440398
TXN-04670,CUST-2437,14239,Wallet,SUCCESS,,NEW,23,4,1,3,3,True,False,0.19,2.6,33,0,2026-08-02T16:42:30.440398
TXN-04671,CUST-2541,9472,Debit Card,SUCCESS,,AT_RISK,24,24,24,0,1,True,False,0.65,5.7,27,0,2026-08-02T16:42:30.440398
TXN-04672,CUST-7335,7951,UPI,SUCCESS,,LOYAL,33,25,20,5,1,False,False,0.55,3.5,22,0,2026-06-23T16:42:30.440398
TXN-04673,CUST-7364,2863,UPI,SUCCESS,,AT_RISK,14,5,0,5,3,True,True,0.7,5.8,50,0,2026-07-03T16:42:30.440398
TXN-04674,CUST-6024,432,Net Banking,FAILED,CUSTOMER_ABANDONED,AT_RISK,13,25,22,3,1,True,False,0.63,0.2,2,1,2026-06-13T16:42:30.440398
TXN-04675,CUST-2777,725,Net Banking,SUCCESS,,REGULAR,11,16,6,10,1,False,True,0.57,0.5,17,0,2026-08-28T16:42:30.440398
TXN-04676,CUST-4059,12945,Net Banking,SUCCESS,,NEW,23,28,20,8,1,True,True,0.44,2.9,48,0,2026-08-12T16:42:30.440398
TXN-04677,CUST-4880,2109,Wallet,FAILED,BANK_ERROR,REGULAR,28,30,15,15,1,False,False,0.5,5.0,4,2,2026-08-02T16:42:30.440398
TXN-04678,CUST-9244,3762,Debit Card,SUCCESS,,NEW,17,28,3,25,3,True,False,0.45,0.4,36,0,2026-07-08T16:42:30.440398
TXN-04679,CUST-5665,4783,Debit Card,FAILED,NETWORK_TIMEOUT,AT_RISK,29,11,0,11,3,False,True,0.89,3.3,57,3,2026-07-13T16:42:30.440398
TXN-04680,CUST-9838,4916,Net Banking,FAILED,BANK_ERROR,REGULAR,12,16,14,2,1,False,True,0.5,4.7,34,1,2026-08-19T16:42:30.440398
TXN-04681,CUST-9127,15122,Debit Card,SUCCESS,,AT_RISK,22,30,26,4,3,True,False,0.49,3.9,5,0,2026-06-13T16:42:30.440398
TXN-04682,CUST-3447,1304,Wallet,SUCCESS,,AT_RISK,6,5,0,5,0,False,False,0.72,6.0,35,0,2026-06-14T16:42:30.440398
TXN-04683,CUST-4100,3443,Credit Card,FAILED,CARD_EXPIRED,NEW,22,25,23,2,2,False,True,0.19,6.8,49,0,2026-08-22T16:42:30.440398
TXN-04684,CUST-6692,19794,Debit Card,SUCCESS,,AT_RISK,12,22,11,11,2,True,True,0.94,0.3,35,0,2026-06-15T16:42:30.440398
TXN-04685,CUST-5579,10901,Net Banking,SUCCESS,,NEW,15,19,2,17,3,True,False,0.18,2.7,30,0,2026-08-13T16:42:30.440398
TXN-04686,CUST-4258,5153,UPI,SUCCESS,,LOYAL,24,5,1,4,3,False,True,0.84,4.2,44,0,2026-07-29T16:42:30.440398
TXN-04687,CUST-3104,907,Net Banking,SUCCESS,,LOYAL,22,21,12,9,1,False,False,0.11,6.0,29,0,2026-07-01T16:42:30.440398
TXN-04688,CUST-7629,5562,Credit Card,SUCCESS,,NEW,27,26,25,1,1,False,False,0.67,1.0,59,0,2026-06-17T16:42:30.440398
TXN-04689,CUST-6438,307,Wallet,SUCCESS,,LOYAL,26,9,8,1,3,False,True,0.35,1.6,20,0,2026-06-12T16:42:30.440398
TXN-04690,CUST-6281,3231,Credit Card,FAILED,CUSTOMER_ABANDONED,LOYAL,10,2,0,2,2,True,False,0.41,6.9,5,0,2026-08-02T16:42:30.440398
TXN-04691,CUST-6968,937,Wallet,SUCCESS,,NEW,1,20,2,18,3,False,False,0.11,2.5,14,0,2026-08-15T16:42:30.440398
TXN-04692,CUST-2348,11926,Debit Card,FAILED,NETWORK_TIMEOUT,AT_RISK,14,6,6,0,1,True,False,0.87,5.3,13,2,2026-06-19T16:42:30.440398
TXN-04693,CUST-8567,517,Debit Card,SUCCESS,,REGULAR,24,5,4,1,2,False,False,0.43,5.5,15,0,2026-06-09T16:42:30.440398
TXN-04694,CUST-9922,3714,Credit Card,SUCCESS,,REGULAR,19,8,4,4,3,True,True,0.83,2.2,8,0,2026-07-06T16:42:30.440398
TXN-04695,CUST-7279,712,Debit Card,SUCCESS,,AT_RISK,18,3,3,0,2,False,False,0.77,6.6,57,0,2026-06-12T16:42:30.440398
TXN-04696,CUST-7393,18928,Wallet,SUCCESS,,LOYAL,2,18,10,8,0,False,False,0.14,0.3,53,0,2026-06-23T16:42:30.440398
TXN-04697,CUST-9409,207,Net Banking,FAILED,PAYMENT_DECLINED,LOYAL,13,15,15,0,3,True,True,0.85,6.6,54,3,2026-06-29T16:42:30.440398
TXN-04698,CUST-6797,9710,Net Banking,FAILED,BANK_ERROR,AT_RISK,2,21,19,2,0,False,False,0.59,5.7,27,3,2026-06-11T16:42:30.440398
TXN-04699,CUST-1791,322,UPI,SUCCESS,,AT_RISK,36,15,4,11,3,True,False,0.92,1.3,14,0,2026-07-17T16:42:30.440398
TXN-04700,CUST-9079,19177,Net Banking,SUCCESS,,AT_RISK,35,6,4,2,3,False,True,0.41,3.1,40,0,2026-08-21T16:42:30.440398
TXN-04701,CUST-7906,17713,Debit Card,SUCCESS,,NEW,13,22,6,16,3,True,True,0.64,2.1,29,0,2026-08-08T16:42:30.440398
TXN-04702,CUST-4599,261,UPI,SUCCESS,,LOYAL,11,13,3,10,2,False,True,0.84,7.0,53,0,2026-07-10T16:42:30.440398
TXN-04703,CUST-7524,15325,Credit Card,SUCCESS,,AT_RISK,30,2,2,0,0,False,True,0.24,3.8,1,0,2026-07-03T16:42:30.440398
TXN-04704,CUST-7122,944,Debit Card,SUCCESS,,LOYAL,23,2,1,1,0,False,True,0.92,6.7,55,0,2026-07-23T16:42:30.440398
TXN-04705,CUST-2505,19787,Wallet,SUCCESS,,REGULAR,21,1,1,0,1,False,True,0.74,3.8,30,0,2026-08-01T16:42:30.440398
TXN-04706,CUST-4791,7299,Credit Card,SUCCESS,,LOYAL,3,29,7,22,2,True,False,0.31,3.3,19,0,2026-07-19T16:42:30.440398
TXN-04707,CUST-1577,2957,Net Banking,SUCCESS,,NEW,2,1,1,0,0,False,False,0.39,5.0,49,0,2026-07-13T16:42:30.440398
TXN-04708,CUST-2620,17586,Credit Card,SUCCESS,,AT_RISK,6,12,2,10,1,False,True,0.76,4.6,3,0,2026-07-15T16:42:30.440398
TXN-04709,CUST-3143,10102,UPI,FAILED,NETWORK_TIMEOUT,REGULAR,13,21,10,11,3,True,False,0.16,4.9,58,0,2026-07-01T16:42:30.440398
TXN-04710,CUST-1331,4780,Net Banking,SUCCESS,,AT_RISK,19,7,0,7,2,True,True,0.63,0.8,9,0,2026-08-10T16:42:30.440398
TXN-04711,CUST-4203,4932,UPI,FAILED,INSUFFICIENT_FUNDS,LOYAL,33,8,2,6,1,True,True,0.44,4.9,12,1,2026-07-31T16:42:30.440398
TXN-04712,CUST-5711,802,Wallet,SUCCESS,,REGULAR,11,9,4,5,0,False,False,0.57,6.1,9,0,2026-06-30T16:42:30.440398
TXN-04713,CUST-1468,14350,Net Banking,SUCCESS,,REGULAR,6,26,13,13,3,True,True,0.51,4.6,2,0,2026-08-22T16:42:30.440398
TXN-04714,CUST-3953,492,Debit Card,SUCCESS,,AT_RISK,14,21,12,9,2,True,True,0.31,4.3,17,0,2026-07-02T16:42:30.440398
TXN-04715,CUST-4382,1344,Debit Card,FAILED,PAYMENT_DECLINED,NEW,28,23,12,11,3,True,False,0.76,4.4,42,2,2026-08-12T16:42:30.440398
TXN-04716,CUST-3629,2489,Wallet,FAILED,BANK_ERROR,LOYAL,7,22,15,7,2,True,True,0.48,5.8,58,1,2026-08-31T16:42:30.440398
TXN-04717,CUST-4808,404,Wallet,SUCCESS,,LOYAL,20,20,9,11,0,False,False,0.2,2.8,20,0,2026-06-23T16:42:30.440398
TXN-04718,CUST-2340,15433,Net Banking,SUCCESS,,AT_RISK,32,27,2,25,2,True,True,0.39,0.8,59,0,2026-08-02T16:42:30.440398
TXN-04719,CUST-6424,489,UPI,FAILED,PAYMENT_DECLINED,AT_RISK,31,3,0,3,3,False,True,0.53,7.0,9,2,2026-09-02T16:42:30.440398
TXN-04720,CUST-5329,3633,Debit Card,SUCCESS,,NEW,6,30,3,27,0,False,True,0.69,3.7,33,0,2026-07-30T16:42:30.440398
TXN-04721,CUST-8566,7254,Net Banking,SUCCESS,,LOYAL,10,29,12,17,2,False,False,0.15,6.5,50,0,2026-06-27T16:42:30.440398
TXN-04722,CUST-6975,902,Debit Card,SUCCESS,,AT_RISK,17,2,2,0,3,False,True,0.59,2.3,17,0,2026-08-02T16:42:30.440398
TXN-04723,CUST-1856,4643,Credit Card,FAILED,BANK_ERROR,LOYAL,31,5,3,2,0,False,True,0.13,0.2,31,2,2026-08-31T16:42:30.440398
TXN-04724,CUST-3452,16730,Wallet,SUCCESS,,REGULAR,4,30,1,29,1,True,True,0.72,7.0,12,0,2026-07-03T16:42:30.440398
TXN-04725,CUST-4765,4695,UPI,SUCCESS,,LOYAL,16,5,4,1,2,True,False,0.83,2.7,14,0,2026-06-10T16:42:30.440398
TXN-04726,CUST-5601,628,Wallet,SUCCESS,,REGULAR,5,28,10,18,0,False,False,0.94,1.0,35,0,2026-08-06T16:42:30.440398
TXN-04727,CUST-5414,694,UPI,SUCCESS,,AT_RISK,25,9,5,4,3,True,True,0.77,3.7,2,0,2026-06-18T16:42:30.440398
TXN-04728,CUST-2532,208,UPI,SUCCESS,,NEW,36,1,1,0,0,False,False,0.69,5.9,49,0,2026-06-18T16:42:30.440398
TXN-04729,CUST-4940,1518,Net Banking,SUCCESS,,NEW,12,13,12,1,2,True,False,0.81,0.7,15,0,2026-06-15T16:42:30.440398
TXN-04730,CUST-4189,18116,Debit Card,FAILED,CUSTOMER_ABANDONED,REGULAR,21,18,9,9,0,False,True,0.29,5.1,30,0,2026-08-24T16:42:30.440398
TXN-04731,CUST-4410,4658,Wallet,SUCCESS,,NEW,28,20,20,0,2,False,False,0.34,1.8,31,0,2026-08-17T16:42:30.440398
TXN-04732,CUST-5234,2526,Wallet,FAILED,CUSTOMER_ABANDONED,AT_RISK,3,30,23,7,2,True,False,0.38,3.4,25,0,2026-06-27T16:42:30.440398
TXN-04733,CUST-3105,5909,Credit Card,SUCCESS,,NEW,26,19,4,15,0,False,False,0.14,1.1,22,0,2026-09-01T16:42:30.440398
TXN-04734,CUST-4984,16330,Net Banking,SUCCESS,,LOYAL,24,19,14,5,0,False,True,0.93,4.3,56,0,2026-07-23T16:42:30.440398
TXN-04735,CUST-7826,800,UPI,FAILED,CARD_EXPIRED,REGULAR,7,3,2,1,2,True,True,0.16,6.9,33,0,2026-08-03T16:42:30.440398
TXN-04736,CUST-1576,443,Credit Card,SUCCESS,,LOYAL,22,1,1,0,2,True,False,0.73,5.3,54,0,2026-06-16T16:42:30.440398
TXN-04737,CUST-2083,783,Credit Card,FAILED,CUSTOMER_ABANDONED,REGULAR,3,5,5,0,0,False,False,0.69,5.9,54,1,2026-07-16T16:42:30.440398
TXN-04738,CUST-8813,18120,Credit Card,SUCCESS,,AT_RISK,15,14,2,12,3,False,True,0.87,4.9,15,0,2026-06-18T16:42:30.440398
TXN-04739,CUST-2967,6912,Wallet,SUCCESS,,LOYAL,6,19,15,4,2,True,True,0.25,5.7,2,0,2026-08-10T16:42:30.440398
TXN-04740,CUST-3501,5395,Wallet,FAILED,NETWORK_TIMEOUT,REGULAR,23,23,12,11,0,False,False,0.47,4.4,27,2,2026-07-14T16:42:30.440398
TXN-04741,CUST-2087,11758,UPI,FAILED,BANK_ERROR,LOYAL,6,9,2,7,0,False,False,0.14,3.0,30,1,2026-07-01T16:42:30.440398
TXN-04742,CUST-2375,14180,Debit Card,SUCCESS,,REGULAR,11,5,0,5,2,True,False,0.44,0.8,19,0,2026-06-28T16:42:30.440398
TXN-04743,CUST-8411,285,UPI,SUCCESS,,LOYAL,10,30,9,21,3,True,True,0.14,3.4,59,0,2026-07-21T16:42:30.440398
TXN-04744,CUST-5416,233,Credit Card,SUCCESS,,AT_RISK,20,26,25,1,3,True,False,0.66,4.6,52,0,2026-06-25T16:42:30.440398
TXN-04745,CUST-5328,4637,Credit Card,SUCCESS,,AT_RISK,36,7,1,6,1,True,False,0.82,4.5,50,0,2026-09-01T16:42:30.440398
TXN-04746,CUST-6235,879,UPI,SUCCESS,,LOYAL,31,9,6,3,1,True,False,0.53,6.4,41,0,2026-08-27T16:42:30.440398
TXN-04747,CUST-5997,1090,Wallet,FAILED,CUSTOMER_ABANDONED,LOYAL,25,1,1,0,1,False,True,0.57,2.9,50,0,2026-08-28T16:42:30.440398
TXN-04748,CUST-3996,1125,UPI,SUCCESS,,NEW,7,15,4,11,3,True,False,0.59,1.6,37,0,2026-06-08T16:42:30.440398
TXN-04749,CUST-4986,6921,Debit Card,SUCCESS,,NEW,34,24,8,16,3,False,False,0.71,6.3,45,0,2026-06-07T16:42:30.440398
TXN-04750,CUST-3743,536,Net Banking,SUCCESS,,NEW,5,29,3,26,3,True,True,0.65,1.7,27,0,2026-08-08T16:42:30.440398
TXN-04751,CUST-5280,16274,Credit Card,SUCCESS,,LOYAL,5,17,12,5,0,False,False,0.4,4.3,36,0,2026-07-22T16:42:30.440398
TXN-04752,CUST-5405,2188,Credit Card,FAILED,PAYMENT_DECLINED,NEW,35,19,10,9,2,True,False,0.83,5.4,56,2,2026-08-22T16:42:30.440398
TXN-04753,CUST-3711,460,Debit Card,SUCCESS,,NEW,36,9,9,0,0,False,True,0.32,1.9,28,0,2026-07-22T16:42:30.440398
TXN-04754,CUST-6932,15030,Net Banking,SUCCESS,,NEW,5,7,3,4,2,True,False,0.18,4.1,60,0,2026-07-18T16:42:30.440398
TXN-04755,CUST-1742,2938,Credit Card,SUCCESS,,REGULAR,18,3,1,2,1,False,False,0.12,0.0,50,0,2026-08-10T16:42:30.440398
TXN-04756,CUST-3355,4143,Credit Card,SUCCESS,,LOYAL,20,23,14,9,2,False,True,0.4,4.4,21,0,2026-08-13T16:42:30.440398
TXN-04757,CUST-2264,18527,UPI,FAILED,BANK_ERROR,REGULAR,28,30,8,22,1,False,True,0.7,4.6,34,1,2026-07-22T16:42:30.440398
TXN-04758,CUST-9831,4433,Debit Card,SUCCESS,,AT_RISK,32,20,14,6,3,True,False,0.36,4.8,15,0,2026-08-10T16:42:30.440398
TXN-04759,CUST-5168,721,Debit Card,FAILED,CARD_EXPIRED,AT_RISK,16,15,12,3,2,False,False,0.75,0.8,56,0,2026-06-28T16:42:30.440398
TXN-04760,CUST-4903,14448,UPI,SUCCESS,,LOYAL,10,3,2,1,3,True,False,0.68,5.3,54,0,2026-08-13T16:42:30.440398
TXN-04761,CUST-5637,483,Net Banking,SUCCESS,,REGULAR,25,11,5,6,2,True,True,0.42,2.8,9,0,2026-08-09T16:42:30.440398
TXN-04762,CUST-7549,2572,Net Banking,SUCCESS,,NEW,35,18,4,14,3,False,True,0.11,0.9,54,0,2026-06-28T16:42:30.440398
TXN-04763,CUST-9121,419,Net Banking,SUCCESS,,NEW,7,2,1,1,1,True,False,0.11,4.5,39,0,2026-06-16T16:42:30.440398
TXN-04764,CUST-9952,7438,Wallet,FAILED,CARD_EXPIRED,AT_RISK,24,19,11,8,0,False,False,0.48,3.5,55,2,2026-06-26T16:42:30.440398
TXN-04765,CUST-7797,3409,UPI,SUCCESS,,LOYAL,32,22,8,14,2,True,False,0.16,2.7,16,0,2026-07-04T16:42:30.440398
TXN-04766,CUST-6822,1982,Credit Card,FAILED,NETWORK_TIMEOUT,LOYAL,10,1,1,0,0,False,False,0.65,2.7,30,3,2026-08-28T16:42:30.440398
TXN-04767,CUST-9575,12382,Credit Card,SUCCESS,,AT_RISK,22,27,1,26,0,False,True,0.14,0.8,36,0,2026-08-08T16:42:30.440398
TXN-04768,CUST-2142,416,Credit Card,FAILED,PAYMENT_DECLINED,LOYAL,12,29,22,7,1,False,False,0.64,5.1,31,0,2026-06-24T16:42:30.440398
TXN-04769,CUST-1891,3042,Net Banking,FAILED,PAYMENT_DECLINED,LOYAL,11,20,16,4,3,True,True,0.67,2.3,15,3,2026-08-23T16:42:30.440398
TXN-04770,CUST-3343,16838,UPI,SUCCESS,,NEW,4,30,17,13,0,False,True,0.45,2.5,6,0,2026-08-17T16:42:30.440398
TXN-04771,CUST-9080,1839,Net Banking,SUCCESS,,REGULAR,19,25,7,18,3,False,True,0.92,1.7,47,0,2026-06-27T16:42:30.440398
TXN-04772,CUST-1683,421,Debit Card,SUCCESS,,NEW,3,30,4,26,3,True,False,0.59,6.7,3,0,2026-09-02T16:42:30.440398
TXN-04773,CUST-5489,4222,Net Banking,SUCCESS,,NEW,27,21,9,12,3,False,False,0.71,3.6,7,0,2026-07-07T16:42:30.440398
TXN-04774,CUST-1635,19464,Wallet,SUCCESS,,AT_RISK,31,24,8,16,0,False,False,0.3,1.6,18,0,2026-08-26T16:42:30.440398
TXN-04775,CUST-5269,408,Debit Card,FAILED,CARD_EXPIRED,REGULAR,2,5,4,1,3,True,False,0.87,2.8,22,2,2026-08-28T16:42:30.440398
TXN-04776,CUST-1975,527,Wallet,SUCCESS,,AT_RISK,2,25,11,14,2,True,False,0.68,6.1,48,0,2026-07-02T16:42:30.440398
TXN-04777,CUST-1159,713,UPI,SUCCESS,,REGULAR,11,22,18,4,0,False,False,0.67,6.6,17,0,2026-06-12T16:42:30.440398
TXN-04778,CUST-9753,694,Wallet,SUCCESS,,NEW,4,1,1,0,1,False,True,0.5,3.2,50,0,2026-07-07T16:42:30.440398
TXN-04779,CUST-9274,1510,Net Banking,FAILED,BANK_ERROR,NEW,13,15,0,15,1,True,True,0.89,3.8,55,3,2026-08-21T16:42:30.440398
TXN-04780,CUST-6307,467,Wallet,SUCCESS,,LOYAL,21,22,12,10,3,False,False,0.17,2.5,1,0,2026-08-01T16:42:30.440398
TXN-04781,CUST-4875,637,Debit Card,SUCCESS,,LOYAL,31,18,15,3,1,True,False,0.8,6.9,34,0,2026-07-09T16:42:30.440398
TXN-04782,CUST-6097,4835,Credit Card,FAILED,BANK_ERROR,LOYAL,35,7,7,0,3,True,True,0.59,2.2,59,1,2026-06-27T16:42:30.440398
TXN-04783,CUST-4579,890,UPI,SUCCESS,,REGULAR,19,14,3,11,1,True,False,0.38,5.9,14,0,2026-06-19T16:42:30.440398
TXN-04784,CUST-5253,11247,Debit Card,SUCCESS,,REGULAR,9,14,9,5,1,False,True,0.48,4.7,49,0,2026-08-22T16:42:30.440398
TXN-04785,CUST-9882,18436,Debit Card,SUCCESS,,REGULAR,1,14,2,12,1,True,True,0.59,2.4,47,0,2026-07-19T16:42:30.440398
TXN-04786,CUST-6403,3509,Wallet,FAILED,PAYMENT_DECLINED,AT_RISK,30,20,19,1,1,True,True,0.82,2.7,49,3,2026-06-25T16:42:30.440398
TXN-04787,CUST-9214,18702,Debit Card,SUCCESS,,NEW,4,11,2,9,0,False,False,0.94,6.7,36,0,2026-07-06T16:42:30.440398
TXN-04788,CUST-4752,13166,UPI,SUCCESS,,LOYAL,14,9,2,7,2,True,False,0.8,3.2,49,0,2026-06-22T16:42:30.440398
TXN-04789,CUST-1623,13065,Wallet,SUCCESS,,NEW,21,19,9,10,2,False,False,0.36,5.6,15,0,2026-09-01T16:42:30.440398
TXN-04790,CUST-3879,685,Credit Card,SUCCESS,,LOYAL,4,24,24,0,0,False,False,0.6,1.1,58,0,2026-07-22T16:42:30.440398
TXN-04791,CUST-7394,6858,Net Banking,FAILED,BANK_ERROR,LOYAL,5,13,13,0,3,False,False,0.23,3.4,38,2,2026-08-11T16:42:30.440398
TXN-04792,CUST-4808,19460,Credit Card,SUCCESS,,REGULAR,21,5,2,3,1,True,True,0.53,5.0,42,0,2026-07-01T16:42:30.440398
TXN-04793,CUST-9495,3362,Credit Card,SUCCESS,,LOYAL,29,16,4,12,2,False,True,0.27,2.8,35,0,2026-07-26T16:42:30.440398
TXN-04794,CUST-8776,798,Debit Card,SUCCESS,,AT_RISK,18,26,3,23,3,True,True,0.44,1.8,34,0,2026-07-03T16:42:30.440398
TXN-04795,CUST-5472,8558,Wallet,SUCCESS,,REGULAR,21,21,1,20,1,True,False,0.55,4.1,10,0,2026-08-05T16:42:30.440398
TXN-04796,CUST-9821,11494,Wallet,FAILED,CUSTOMER_ABANDONED,NEW,2,28,11,17,3,True,True,0.88,6.9,3,3,2026-08-13T16:42:30.440398
TXN-04797,CUST-7070,14533,Net Banking,SUCCESS,,AT_RISK,33,15,9,6,0,False,True,0.87,5.8,47,0,2026-06-16T16:42:30.440398
TXN-04798,CUST-9634,17114,Wallet,SUCCESS,,REGULAR,16,15,4,11,0,False,False,0.68,4.1,36,0,2026-08-10T16:42:30.440398
TXN-04799,CUST-6314,992,Net Banking,SUCCESS,,LOYAL,30,13,13,0,1,True,False,0.48,2.1,34,0,2026-07-18T16:42:30.440398
TXN-04800,CUST-8847,6690,Credit Card,SUCCESS,,NEW,3,4,1,3,3,True,False,0.81,4.6,7,0,2026-07-14T16:42:30.440398
TXN-04801,CUST-5411,10380,Wallet,FAILED,INSUFFICIENT_FUNDS,AT_RISK,17,12,11,1,1,False,True,0.67,4.2,23,1,2026-08-21T16:42:30.440398
TXN-04802,CUST-2877,4328,Net Banking,SUCCESS,,REGULAR,6,16,6,10,3,True,False,0.49,6.7,55,0,2026-08-27T16:42:30.440398
TXN-04803,CUST-3887,258,Wallet,SUCCESS,,AT_RISK,9,6,5,1,0,False,True,0.52,6.2,5,0,2026-08-02T16:42:30.440398
TXN-04804,CUST-9164,2953,Credit Card,SUCCESS,,REGULAR,35,26,10,16,2,False,True,0.13,4.5,27,0,2026-08-09T16:42:30.440398
TXN-04805,CUST-4141,13218,Net Banking,SUCCESS,,REGULAR,19,28,0,28,3,True,True,0.86,4.7,44,0,2026-06-15T16:42:30.440398
TXN-04806,CUST-8991,15889,Credit Card,SUCCESS,,AT_RISK,8,2,2,0,1,True,True,0.92,6.4,23,0,2026-09-02T16:42:30.440398
TXN-04807,CUST-8303,576,UPI,SUCCESS,,NEW,8,7,5,2,0,False,False,0.89,0.8,38,0,2026-08-02T16:42:30.440398
TXN-04808,CUST-4569,3800,Debit Card,SUCCESS,,AT_RISK,14,28,1,27,1,True,False,0.37,3.4,42,0,2026-06-06T16:42:30.440398
TXN-04809,CUST-5962,526,Wallet,SUCCESS,,REGULAR,34,17,2,15,1,True,False,0.74,2.4,19,0,2026-07-18T16:42:30.440398
TXN-04810,CUST-3909,2703,Net Banking,FAILED,PAYMENT_DECLINED,REGULAR,33,8,0,8,2,False,False,0.54,4.7,36,2,2026-06-21T16:42:30.440398
TXN-04811,CUST-4762,900,Net Banking,SUCCESS,,AT_RISK,1,8,5,3,3,False,False,0.16,6.2,60,0,2026-06-14T16:42:30.440398
TXN-04812,CUST-2190,1835,UPI,FAILED,INSUFFICIENT_FUNDS,REGULAR,6,22,0,22,2,True,False,0.24,3.0,12,1,2026-06-07T16:42:30.440398
TXN-04813,CUST-2392,568,Credit Card,FAILED,CUSTOMER_ABANDONED,LOYAL,17,20,20,0,3,False,True,0.22,3.2,50,3,2026-07-30T16:42:30.440398
TXN-04814,CUST-6314,11236,UPI,SUCCESS,,NEW,34,14,4,10,0,False,False,0.67,3.8,10,0,2026-07-01T16:42:30.440398
TXN-04815,CUST-3185,6291,Credit Card,SUCCESS,,AT_RISK,13,13,11,2,3,True,True,0.57,6.6,55,0,2026-07-10T16:42:30.440398
TXN-04816,CUST-5821,13529,UPI,SUCCESS,,LOYAL,2,16,16,0,1,False,True,0.44,3.5,24,0,2026-08-03T16:42:30.440398
TXN-04817,CUST-9705,368,Wallet,FAILED,PAYMENT_DECLINED,LOYAL,20,16,0,16,1,True,True,0.36,3.9,31,3,2026-08-29T16:42:30.440398
TXN-04818,CUST-5317,11483,Debit Card,SUCCESS,,AT_RISK,23,10,4,6,0,False,True,0.15,5.2,11,0,2026-06-06T16:42:30.440398
TXN-04819,CUST-9931,365,Debit Card,SUCCESS,,REGULAR,4,23,10,13,2,True,False,0.71,3.1,39,0,2026-06-29T16:42:30.440398
TXN-04820,CUST-1615,10117,Credit Card,SUCCESS,,LOYAL,2,2,2,0,1,True,False,0.59,2.9,55,0,2026-06-25T16:42:30.440398
TXN-04821,CUST-2807,712,Wallet,SUCCESS,,LOYAL,8,16,3,13,3,False,False,0.79,5.8,60,0,2026-08-27T16:42:30.440398
TXN-04822,CUST-1208,1709,Net Banking,SUCCESS,,AT_RISK,36,10,9,1,2,True,False,0.29,2.0,28,0,2026-07-14T16:42:30.440398
TXN-04823,CUST-6144,973,Wallet,SUCCESS,,REGULAR,10,22,6,16,1,False,False,0.52,5.4,5,0,2026-08-23T16:42:30.440398
TXN-04824,CUST-2221,2391,Debit Card,SUCCESS,,REGULAR,7,16,14,2,1,True,False,0.13,4.0,38,0,2026-08-14T16:42:30.440398
TXN-04825,CUST-4247,16208,Wallet,SUCCESS,,NEW,2,22,7,15,1,False,True,0.22,3.5,44,0,2026-06-06T16:42:30.440398
TXN-04826,CUST-3480,2973,Debit Card,SUCCESS,,AT_RISK,14,4,3,1,2,True,False,0.17,3.5,10,0,2026-09-02T16:42:30.440398
TXN-04827,CUST-5544,447,Debit Card,FAILED,PAYMENT_DECLINED,LOYAL,33,14,14,0,0,False,True,0.78,6.9,54,2,2026-07-01T16:42:30.440398
TXN-04828,CUST-3540,4951,Wallet,SUCCESS,,LOYAL,16,9,1,8,3,True,True,0.58,7.0,42,0,2026-06-25T16:42:30.440398
TXN-04829,CUST-9775,7206,Debit Card,FAILED,PAYMENT_DECLINED,LOYAL,24,26,18,8,1,False,False,0.64,1.2,39,3,2026-06-06T16:42:30.440398
TXN-04830,CUST-4406,2489,Debit Card,FAILED,INSUFFICIENT_FUNDS,REGULAR,11,4,1,3,2,True,True,0.18,6.1,40,3,2026-07-18T16:42:30.440398
TXN-04831,CUST-4980,14547,Debit Card,SUCCESS,,REGULAR,3,17,16,1,1,True,False,0.73,5.1,4,0,2026-06-08T16:42:30.440398
TXN-04832,CUST-3705,233,UPI,FAILED,BANK_ERROR,REGULAR,36,28,15,13,3,False,False,0.25,4.2,14,2,2026-08-04T16:42:30.440398
TXN-04833,CUST-7588,2530,Wallet,FAILED,BANK_ERROR,AT_RISK,17,21,16,5,0,False,False,0.77,0.2,12,0,2026-06-19T16:42:30.440398
TXN-04834,CUST-8710,1038,UPI,SUCCESS,,AT_RISK,22,13,13,0,3,True,False,0.59,6.2,19,0,2026-07-29T16:42:30.440398
TXN-04835,CUST-9150,17163,Wallet,SUCCESS,,LOYAL,1,13,13,0,1,True,True,0.75,1.6,55,0,2026-08-30T16:42:30.440398
TXN-04836,CUST-6260,212,Net Banking,SUCCESS,,AT_RISK,12,24,0,24,3,True,False,0.23,1.0,36,0,2026-06-11T16:42:30.440398
TXN-04837,CUST-7537,327,Credit Card,SUCCESS,,REGULAR,15,28,8,20,2,True,True,0.23,6.5,5,0,2026-07-27T16:42:30.440398
TXN-04838,CUST-2984,4155,UPI,SUCCESS,,LOYAL,30,17,17,0,3,True,True,0.71,4.0,51,0,2026-07-16T16:42:30.440398
TXN-04839,CUST-5487,10738,UPI,SUCCESS,,NEW,6,24,6,18,2,False,False,0.88,3.3,48,0,2026-06-30T16:42:30.440398
TXN-04840,CUST-6545,903,Net Banking,SUCCESS,,AT_RISK,13,6,6,0,2,True,False,0.52,6.7,38,0,2026-08-19T16:42:30.440398
TXN-04841,CUST-8009,2585,UPI,SUCCESS,,LOYAL,14,11,7,4,0,False,True,0.37,5.6,58,0,2026-07-05T16:42:30.440398
TXN-04842,CUST-9443,10987,Credit Card,SUCCESS,,NEW,34,25,15,10,2,False,False,0.3,3.9,57,0,2026-06-09T16:42:30.440398
TXN-04843,CUST-4066,366,UPI,SUCCESS,,LOYAL,1,11,6,5,0,False,True,0.45,1.3,41,0,2026-07-07T16:42:30.440398
TXN-04844,CUST-4631,14116,Wallet,SUCCESS,,NEW,29,17,16,1,1,True,True,0.94,4.5,16,0,2026-08-07T16:42:30.440398
TXN-04845,CUST-2453,2351,Wallet,SUCCESS,,LOYAL,25,24,21,3,3,False,True,0.13,5.6,28,0,2026-07-21T16:42:30.440398
TXN-04846,CUST-8173,276,Wallet,SUCCESS,,REGULAR,35,22,1,21,3,True,False,0.18,4.6,2,0,2026-06-06T16:42:30.440398
TXN-04847,CUST-5388,698,Net Banking,SUCCESS,,LOYAL,23,9,6,3,1,True,False,0.89,4.4,20,0,2026-07-24T16:42:30.440398
TXN-04848,CUST-8130,4657,Net Banking,SUCCESS,,LOYAL,28,20,19,1,2,False,True,0.24,5.8,49,0,2026-06-11T16:42:30.440398
TXN-04849,CUST-8871,14274,Net Banking,SUCCESS,,AT_RISK,30,29,13,16,2,True,False,0.28,1.3,9,0,2026-08-08T16:42:30.440398
TXN-04850,CUST-9356,1379,Wallet,SUCCESS,,REGULAR,35,24,3,21,1,True,True,0.43,1.7,14,0,2026-06-16T16:42:30.440398
TXN-04851,CUST-6149,18402,Net Banking,SUCCESS,,REGULAR,33,19,8,11,3,True,False,0.83,6.4,8,0,2026-07-08T16:42:30.440398
TXN-04852,CUST-5226,8663,UPI,SUCCESS,,LOYAL,28,8,3,5,1,True,True,0.9,4.4,46,0,2026-06-24T16:42:30.440398
TXN-04853,CUST-1626,19267,Debit Card,SUCCESS,,AT_RISK,18,14,9,5,1,True,False,0.71,5.3,24,0,2026-06-06T16:42:30.440398
TXN-04854,CUST-9255,3086,Net Banking,FAILED,INSUFFICIENT_FUNDS,AT_RISK,19,26,23,3,2,True,False,0.8,5.0,58,3,2026-07-24T16:42:30.440398
TXN-04855,CUST-6653,724,Credit Card,FAILED,BANK_ERROR,LOYAL,34,30,11,19,0,False,True,0.22,3.6,30,0,2026-06-14T16:42:30.440398
TXN-04856,CUST-4899,18646,Credit Card,SUCCESS,,REGULAR,1,2,2,0,1,True,False,0.3,5.3,38,0,2026-09-01T16:42:30.440398
TXN-04857,CUST-2651,271,Wallet,SUCCESS,,NEW,15,22,0,22,1,False,True,0.26,4.5,43,0,2026-07-02T16:42:30.440398
TXN-04858,CUST-7769,6093,Wallet,SUCCESS,,AT_RISK,6,16,2,14,1,False,False,0.37,3.4,44,0,2026-07-25T16:42:30.440398
TXN-04859,CUST-3171,3551,Wallet,SUCCESS,,AT_RISK,11,11,8,3,1,True,True,0.12,2.6,16,0,2026-07-21T16:42:30.440398
TXN-04860,CUST-6944,3352,UPI,FAILED,NETWORK_TIMEOUT,REGULAR,35,29,24,5,2,False,True,0.27,2.2,57,1,2026-06-27T16:42:30.440398
TXN-04861,CUST-5225,831,Net Banking,SUCCESS,,NEW,33,13,4,9,0,False,False,0.67,5.2,24,0,2026-06-26T16:42:30.440398
TXN-04862,CUST-5268,746,Net Banking,SUCCESS,,REGULAR,34,25,4,21,0,False,False,0.82,1.3,46,0,2026-06-19T16:42:30.440398
TXN-04863,CUST-5615,923,Net Banking,SUCCESS,,AT_RISK,19,4,1,3,0,False,False,0.26,1.7,46,0,2026-07-16T16:42:30.440398
TXN-04864,CUST-3193,357,Net Banking,SUCCESS,,LOYAL,33,4,2,2,3,True,False,0.18,2.8,11,0,2026-07-22T16:42:30.440398
TXN-04865,CUST-2477,800,Credit Card,FAILED,PAYMENT_DECLINED,LOYAL,15,25,12,13,1,False,True,0.93,6.2,53,3,2026-08-10T16:42:30.440398
TXN-04866,CUST-7624,569,Debit Card,SUCCESS,,LOYAL,31,16,4,12,0,False,True,0.68,1.8,56,0,2026-07-03T16:42:30.440398
TXN-04867,CUST-9466,948,Debit Card,SUCCESS,,AT_RISK,34,15,1,14,0,False,True,0.72,0.1,18,0,2026-08-26T16:42:30.440398
TXN-04868,CUST-4816,9218,Credit Card,SUCCESS,,REGULAR,20,26,6,20,0,False,False,0.6,2.5,12,0,2026-06-07T16:42:30.440398
TXN-04869,CUST-9000,520,Wallet,SUCCESS,,LOYAL,6,10,1,9,1,True,True,0.66,0.7,4,0,2026-07-15T16:42:30.440398
TXN-04870,CUST-8809,989,UPI,SUCCESS,,REGULAR,9,5,1,4,3,True,True,0.42,6.0,56,0,2026-08-23T16:42:30.440398
TXN-04871,CUST-3479,282,Debit Card,FAILED,INSUFFICIENT_FUNDS,REGULAR,19,28,26,2,0,False,True,0.82,0.1,40,0,2026-08-23T16:42:30.440398
TXN-04872,CUST-6511,8669,Debit Card,SUCCESS,,LOYAL,13,26,23,3,3,True,False,0.83,3.3,56,0,2026-08-08T16:42:30.440398
TXN-04873,CUST-9722,2416,Credit Card,SUCCESS,,AT_RISK,17,8,4,4,2,True,True,0.32,2.1,49,0,2026-08-16T16:42:30.440398
TXN-04874,CUST-8586,10330,Wallet,SUCCESS,,NEW,13,29,24,5,0,False,False,0.41,2.6,46,0,2026-06-25T16:42:30.440398
TXN-04875,CUST-6936,670,Wallet,SUCCESS,,AT_RISK,5,21,19,2,0,False,False,0.2,3.0,15,0,2026-06-28T16:42:30.440398
TXN-04876,CUST-6853,1489,Net Banking,SUCCESS,,AT_RISK,30,3,1,2,2,True,True,0.64,2.4,8,0,2026-07-14T16:42:30.440398
TXN-04877,CUST-3090,8134,Credit Card,SUCCESS,,LOYAL,31,15,7,8,1,False,True,0.8,1.8,55,0,2026-07-09T16:42:30.440398
TXN-04878,CUST-7397,1919,Debit Card,SUCCESS,,AT_RISK,33,21,10,11,0,False,True,0.14,5.7,31,0,2026-08-19T16:42:30.440398
TXN-04879,CUST-7844,328,Wallet,SUCCESS,,REGULAR,31,30,3,27,2,False,True,0.76,2.6,23,0,2026-08-14T16:42:30.440398
TXN-04880,CUST-6053,9974,Net Banking,SUCCESS,,AT_RISK,3,19,14,5,3,False,False,0.84,5.3,20,0,2026-09-02T16:42:30.440398
TXN-04881,CUST-1420,301,UPI,SUCCESS,,NEW,28,16,16,0,2,True,False,0.12,2.5,43,0,2026-06-23T16:42:30.440398
TXN-04882,CUST-4823,12623,UPI,SUCCESS,,REGULAR,30,20,18,2,0,False,True,0.46,5.1,20,0,2026-08-24T16:42:30.440398
TXN-04883,CUST-5506,8252,Debit Card,SUCCESS,,AT_RISK,31,1,1,0,3,True,False,0.86,1.9,23,0,2026-08-27T16:42:30.440398
TXN-04884,CUST-7691,7312,Debit Card,SUCCESS,,LOYAL,27,16,1,15,2,True,False,0.25,2.5,56,0,2026-07-19T16:42:30.440398
TXN-04885,CUST-3419,393,UPI,SUCCESS,,AT_RISK,18,9,0,9,3,True,False,0.7,0.1,33,0,2026-09-04T16:42:30.440398
TXN-04886,CUST-9154,4747,Net Banking,SUCCESS,,REGULAR,17,13,9,4,3,True,False,0.43,6.0,33,0,2026-06-28T16:42:30.440398
TXN-04887,CUST-9561,17029,Wallet,FAILED,PAYMENT_DECLINED,LOYAL,14,20,4,16,1,True,True,0.9,2.3,40,3,2026-07-05T16:42:30.440398
TXN-04888,CUST-6083,3765,Wallet,SUCCESS,,LOYAL,27,14,12,2,1,True,False,0.8,0.9,56,0,2026-07-27T16:42:30.440398
TXN-04889,CUST-2162,14234,UPI,SUCCESS,,LOYAL,17,3,0,3,0,False,True,0.92,0.2,34,0,2026-08-21T16:42:30.440398
TXN-04890,CUST-8509,3513,Credit Card,FAILED,INSUFFICIENT_FUNDS,AT_RISK,8,5,5,0,0,False,True,0.27,5.5,19,1,2026-06-06T16:42:30.440398
TXN-04891,CUST-8278,3428,Wallet,SUCCESS,,REGULAR,2,11,2,9,0,False,True,0.87,2.6,60,0,2026-07-17T16:42:30.440398
TXN-04892,CUST-7176,221,UPI,SUCCESS,,LOYAL,16,27,21,6,3,True,False,0.17,4.2,7,0,2026-09-04T16:42:30.440398
TXN-04893,CUST-5582,11327,Wallet,SUCCESS,,REGULAR,12,29,5,24,0,False,True,0.47,6.2,45,0,2026-06-29T16:42:30.440398
TXN-04894,CUST-5123,2891,Wallet,SUCCESS,,AT_RISK,16,9,2,7,0,False,False,0.31,5.2,10,0,2026-06-30T16:42:30.440398
TXN-04895,CUST-1512,779,UPI,SUCCESS,,NEW,21,11,1,10,0,False,True,0.77,2.3,28,0,2026-06-16T16:42:30.440398
TXN-04896,CUST-4772,19462,Net Banking,FAILED,NETWORK_TIMEOUT,REGULAR,23,24,20,4,1,True,False,0.8,3.1,29,1,2026-07-17T16:42:30.440398
TXN-04897,CUST-4480,11388,Wallet,SUCCESS,,NEW,23,16,15,1,3,True,False,0.46,2.6,19,0,2026-07-04T16:42:30.440398
TXN-04898,CUST-2778,691,Wallet,SUCCESS,,NEW,18,27,23,4,2,True,True,0.86,4.0,5,0,2026-06-30T16:42:30.440398
TXN-04899,CUST-3994,456,Wallet,FAILED,CARD_EXPIRED,NEW,5,7,0,7,1,False,True,0.8,0.8,49,3,2026-06-17T16:42:30.440398
TXN-04900,CUST-9571,4500,UPI,SUCCESS,,AT_RISK,11,7,4,3,1,True,True,0.26,5.4,47,0,2026-08-29T16:42:30.440398
TXN-04901,CUST-1845,406,Debit Card,FAILED,CUSTOMER_ABANDONED,LOYAL,30,14,6,8,2,False,True,0.88,4.6,44,2,2026-06-27T16:42:30.440398
TXN-04902,CUST-2678,8251,Debit Card,FAILED,INSUFFICIENT_FUNDS,NEW,14,14,3,11,3,False,False,0.65,6.9,13,3,2026-08-29T16:42:30.440398
TXN-04903,CUST-6881,972,Credit Card,SUCCESS,,LOYAL,1,24,1,23,3,True,True,0.13,5.8,58,0,2026-06-29T16:42:30.440398
TXN-04904,CUST-2032,17569,Wallet,SUCCESS,,AT_RISK,13,18,8,10,2,True,True,0.54,3.2,2,0,2026-06-24T16:42:30.440398
TXN-04905,CUST-9533,602,Net Banking,SUCCESS,,LOYAL,36,11,10,1,3,True,False,0.26,4.4,5,0,2026-08-03T16:42:30.440398
TXN-04906,CUST-1521,245,Wallet,FAILED,NETWORK_TIMEOUT,NEW,3,19,8,11,2,False,False,0.52,5.2,25,0,2026-08-17T16:42:30.440398
TXN-04907,CUST-1805,476,Debit Card,SUCCESS,,NEW,22,28,5,23,0,False,False,0.14,4.3,30,0,2026-08-10T16:42:30.440398
TXN-04908,CUST-3842,6158,UPI,SUCCESS,,NEW,4,16,7,9,0,False,True,0.55,4.6,42,0,2026-07-26T16:42:30.440398
TXN-04909,CUST-1058,5483,UPI,SUCCESS,,REGULAR,35,3,0,3,3,True,False,0.84,2.9,43,0,2026-07-28T16:42:30.440398
TXN-04910,CUST-4406,18576,Wallet,SUCCESS,,LOYAL,14,9,4,5,3,True,False,0.28,4.0,6,0,2026-07-19T16:42:30.440398
TXN-04911,CUST-4952,5647,UPI,SUCCESS,,NEW,5,8,6,2,2,False,True,0.43,0.9,6,0,2026-06-28T16:42:30.440398
TXN-04912,CUST-6359,2457,Wallet,FAILED,CUSTOMER_ABANDONED,AT_RISK,5,9,5,4,2,False,True,0.82,3.7,5,1,2026-07-26T16:42:30.440398
TXN-04913,CUST-2640,17947,Debit Card,FAILED,CUSTOMER_ABANDONED,AT_RISK,24,29,28,1,1,True,False,0.17,7.0,13,2,2026-08-11T16:42:30.440398
TXN-04914,CUST-8318,792,UPI,FAILED,CUSTOMER_ABANDONED,AT_RISK,15,8,6,2,1,True,False,0.45,1.5,53,1,2026-08-06T16:42:30.440398
TXN-04915,CUST-7322,1332,Wallet,SUCCESS,,LOYAL,31,12,8,4,0,False,True,0.73,6.4,1,0,2026-06-16T16:42:30.440398
TXN-04916,CUST-3821,18209,Wallet,SUCCESS,,LOYAL,3,19,19,0,3,False,False,0.72,0.3,39,0,2026-09-03T16:42:30.440398
TXN-04917,CUST-7937,17150,Net Banking,SUCCESS,,LOYAL,19,29,7,22,1,True,False,0.83,1.6,42,0,2026-06-18T16:42:30.440398
TXN-04918,CUST-4496,18927,Debit Card,FAILED,CARD_EXPIRED,NEW,31,17,5,12,0,False,False,0.61,6.6,24,3,2026-08-04T16:42:30.440398
TXN-04919,CUST-8895,10640,UPI,FAILED,CARD_EXPIRED,REGULAR,36,6,0,6,2,False,False,0.6,5.2,12,1,2026-06-14T16:42:30.440398
TXN-04920,CUST-2964,587,UPI,SUCCESS,,LOYAL,2,13,4,9,3,False,True,0.83,2.9,55,0,2026-07-26T16:42:30.440398
TXN-04921,CUST-9840,1080,Wallet,SUCCESS,,AT_RISK,18,2,2,0,2,False,False,0.8,5.6,60,0,2026-07-02T16:42:30.440398
TXN-04922,CUST-7292,17589,Debit Card,SUCCESS,,AT_RISK,20,15,9,6,0,False,True,0.68,4.4,29,0,2026-08-25T16:42:30.440398
TXN-04923,CUST-1020,965,Net Banking,SUCCESS,,NEW,5,25,19,6,1,True,True,0.65,1.9,55,0,2026-06-23T16:42:30.440398
TXN-04924,CUST-7121,727,Wallet,SUCCESS,,NEW,31,1,1,0,2,False,False,0.31,5.9,3,0,2026-08-04T16:42:30.440398
TXN-04925,CUST-3365,14492,Debit Card,FAILED,CUSTOMER_ABANDONED,LOYAL,25,13,10,3,3,True,False,0.2,5.0,1,1,2026-08-19T16:42:30.440398
TXN-04926,CUST-8394,3565,Net Banking,SUCCESS,,AT_RISK,3,7,4,3,0,False,True,0.89,1.8,36,0,2026-06-06T16:42:30.440398
TXN-04927,CUST-6791,4403,Debit Card,FAILED,CUSTOMER_ABANDONED,LOYAL,24,27,8,19,2,False,False,0.76,4.7,25,1,2026-08-03T16:42:30.440398
TXN-04928,CUST-1641,886,UPI,SUCCESS,,LOYAL,31,12,8,4,0,False,True,0.61,3.3,53,0,2026-07-07T16:42:30.440398
TXN-04929,CUST-5915,4106,Wallet,SUCCESS,,LOYAL,5,6,0,6,2,True,False,0.4,1.3,4,0,2026-07-09T16:42:30.440398
TXN-04930,CUST-5232,933,Debit Card,SUCCESS,,REGULAR,4,27,26,1,3,False,False,0.13,6.1,2,0,2026-08-05T16:42:30.440398
TXN-04931,CUST-7695,11965,UPI,SUCCESS,,AT_RISK,16,25,1,24,1,True,True,0.61,5.4,54,0,2026-06-09T16:42:30.440398
TXN-04932,CUST-2977,4457,Wallet,SUCCESS,,LOYAL,23,2,1,1,2,False,True,0.72,4.9,24,0,2026-07-10T16:42:30.440398
TXN-04933,CUST-8958,795,Net Banking,SUCCESS,,REGULAR,16,28,16,12,0,False,False,0.23,4.1,47,0,2026-08-30T16:42:30.440398
TXN-04934,CUST-3862,4902,UPI,FAILED,NETWORK_TIMEOUT,REGULAR,27,15,4,11,1,False,True,0.3,2.5,45,1,2026-07-05T16:42:30.440398
TXN-04935,CUST-7284,11821,UPI,SUCCESS,,AT_RISK,18,3,0,3,3,False,False,0.22,3.8,15,0,2026-07-21T16:42:30.440398
TXN-04936,CUST-7805,2093,Debit Card,FAILED,BANK_ERROR,REGULAR,27,26,20,6,1,True,True,0.93,3.4,4,1,2026-06-24T16:42:30.440398
TXN-04937,CUST-1503,1317,Credit Card,SUCCESS,,NEW,17,25,20,5,2,True,False,0.36,1.3,19,0,2026-08-08T16:42:30.440398
TXN-04938,CUST-1618,2265,Wallet,SUCCESS,,REGULAR,22,25,19,6,0,False,True,0.84,2.2,13,0,2026-08-14T16:42:30.440398
TXN-04939,CUST-6687,2820,Net Banking,SUCCESS,,LOYAL,18,19,3,16,1,False,False,0.18,4.4,9,0,2026-06-25T16:42:30.440398
TXN-04940,CUST-6111,10073,Wallet,SUCCESS,,AT_RISK,36,20,7,13,0,False,False,0.38,2.7,2,0,2026-07-23T16:42:30.440398
TXN-04941,CUST-5904,708,UPI,FAILED,BANK_ERROR,AT_RISK,32,30,26,4,0,False,True,0.76,4.5,6,0,2026-06-10T16:42:30.440398
TXN-04942,CUST-2320,2135,Wallet,FAILED,NETWORK_TIMEOUT,NEW,27,8,5,3,2,True,False,0.26,5.6,56,3,2026-08-29T16:42:30.440398
TXN-04943,CUST-2854,725,Debit Card,FAILED,INSUFFICIENT_FUNDS,AT_RISK,6,17,8,9,0,False,True,0.82,5.8,11,2,2026-06-11T16:42:30.440398
TXN-04944,CUST-4759,15484,Credit Card,SUCCESS,,REGULAR,7,13,7,6,3,True,True,0.38,4.4,41,0,2026-08-14T16:42:30.440398
TXN-04945,CUST-4991,19695,UPI,FAILED,INSUFFICIENT_FUNDS,AT_RISK,20,26,8,18,2,True,True,0.29,4.8,27,1,2026-06-06T16:42:30.440398
TXN-04946,CUST-6470,342,Credit Card,SUCCESS,,LOYAL,16,24,16,8,0,False,True,0.4,1.6,21,0,2026-08-12T16:42:30.440398
TXN-04947,CUST-5241,777,Net Banking,FAILED,NETWORK_TIMEOUT,REGULAR,23,10,3,7,1,True,True,0.66,5.8,6,0,2026-08-06T16:42:30.440398
TXN-04948,CUST-4646,15021,Wallet,SUCCESS,,LOYAL,16,1,0,1,0,False,True,0.13,1.7,4,0,2026-08-10T16:42:30.440398
TXN-04949,CUST-4544,12049,Wallet,SUCCESS,,AT_RISK,2,21,7,14,3,True,True,0.14,4.5,33,0,2026-06-07T16:42:30.440398
TXN-04950,CUST-5984,800,UPI,FAILED,CUSTOMER_ABANDONED,NEW,18,20,6,14,0,False,False,0.53,3.5,40,2,2026-08-12T16:42:30.440398
TXN-04951,CUST-1154,17755,Credit Card,SUCCESS,,NEW,25,14,3,11,1,True,False,0.36,5.9,49,0,2026-06-11T16:42:30.440398
TXN-04952,CUST-5064,835,Credit Card,SUCCESS,,REGULAR,19,16,14,2,3,True,False,0.54,1.3,46,0,2026-08-10T16:42:30.440398
TXN-04953,CUST-1079,11783,Wallet,SUCCESS,,AT_RISK,14,26,3,23,1,False,False,0.33,6.0,43,0,2026-06-18T16:42:30.440398
TXN-04954,CUST-1288,784,Credit Card,SUCCESS,,AT_RISK,26,5,4,1,2,True,True,0.9,0.3,26,0,2026-07-08T16:42:30.440398
TXN-04955,CUST-1374,3675,UPI,SUCCESS,,NEW,28,7,4,3,1,False,True,0.12,6.9,16,0,2026-07-25T16:42:30.440398
TXN-04956,CUST-5128,5150,UPI,SUCCESS,,REGULAR,13,30,27,3,3,False,True,0.16,4.0,21,0,2026-06-23T16:42:30.440398
TXN-04957,CUST-3273,661,Credit Card,SUCCESS,,REGULAR,18,6,2,4,3,True,True,0.79,0.5,38,0,2026-06-11T16:42:30.440398
TXN-04958,CUST-1744,3459,Net Banking,FAILED,BANK_ERROR,REGULAR,26,26,21,5,2,True,False,0.82,2.5,35,0,2026-07-18T16:42:30.440398
TXN-04959,CUST-3088,4606,Net Banking,SUCCESS,,LOYAL,16,28,8,20,3,True,True,0.28,5.5,53,0,2026-07-11T16:42:30.440398
TXN-04960,CUST-5097,1422,Net Banking,FAILED,CARD_EXPIRED,REGULAR,30,15,15,0,0,False,True,0.7,0.0,45,1,2026-08-17T16:42:30.440398
TXN-04961,CUST-9028,862,UPI,SUCCESS,,LOYAL,35,2,1,1,1,True,True,0.75,6.6,17,0,2026-06-06T16:42:30.440398
TXN-04962,CUST-6064,4760,Net Banking,FAILED,CUSTOMER_ABANDONED,NEW,15,27,2,25,0,False,True,0.55,6.4,28,2,2026-06-23T16:42:30.440398
TXN-04963,CUST-2377,4178,Net Banking,FAILED,CUSTOMER_ABANDONED,NEW,36,22,3,19,3,True,False,0.15,7.0,46,3,2026-07-10T16:42:30.440398
TXN-04964,CUST-3054,19880,Net Banking,SUCCESS,,LOYAL,19,1,0,1,3,False,False,0.61,1.3,47,0,2026-06-21T16:42:30.440398
TXN-04965,CUST-7209,3100,Wallet,FAILED,PAYMENT_DECLINED,NEW,4,30,24,6,1,True,True,0.66,4.9,6,1,2026-07-05T16:42:30.440398
TXN-04966,CUST-6853,4627,Wallet,SUCCESS,,NEW,19,12,10,2,0,False,True,0.66,5.2,43,0,2026-06-11T16:42:30.440398
TXN-04967,CUST-2182,376,Debit Card,FAILED,CARD_EXPIRED,REGULAR,11,15,0,15,3,False,True,0.7,1.5,50,2,2026-08-02T16:42:30.440398
TXN-04968,CUST-3811,974,Debit Card,SUCCESS,,REGULAR,26,12,2,10,3,True,False,0.42,4.1,15,0,2026-06-24T16:42:30.440398
TXN-04969,CUST-6263,11823,Credit Card,SUCCESS,,LOYAL,3,20,8,12,0,False,False,0.89,1.6,1,0,2026-06-08T16:42:30.440398
TXN-04970,CUST-6026,14877,Net Banking,SUCCESS,,AT_RISK,31,6,3,3,2,False,True,0.47,0.1,4,0,2026-07-23T16:42:30.440398
TXN-04971,CUST-1148,613,Net Banking,SUCCESS,,NEW,22,19,18,1,0,False,True,0.72,6.9,30,0,2026-06-09T16:42:30.440398
TXN-04972,CUST-9213,1774,Net Banking,SUCCESS,,REGULAR,25,11,10,1,2,False,False,0.55,3.3,45,0,2026-06-14T16:42:30.440398
TXN-04973,CUST-5199,17550,UPI,FAILED,CARD_EXPIRED,NEW,12,17,9,8,3,True,True,0.82,4.1,26,2,2026-06-26T16:42:30.440398
TXN-04974,CUST-8245,456,Credit Card,FAILED,BANK_ERROR,REGULAR,26,28,19,9,0,False,False,0.69,5.1,43,0,2026-08-25T16:42:30.440398
TXN-04975,CUST-3887,874,Debit Card,SUCCESS,,AT_RISK,22,6,0,6,3,True,False,0.79,0.6,18,0,2026-08-17T16:42:30.440398
TXN-04976,CUST-4095,3654,Wallet,SUCCESS,,NEW,27,10,2,8,0,False,False,0.61,0.3,2,0,2026-08-11T16:42:30.440398
TXN-04977,CUST-8388,570,Wallet,SUCCESS,,REGULAR,34,25,23,2,0,False,True,0.11,3.1,33,0,2026-09-03T16:42:30.440398
TXN-04978,CUST-8612,10688,Net Banking,SUCCESS,,AT_RISK,3,19,7,12,1,False,False,0.86,3.7,27,0,2026-07-26T16:42:30.440398
TXN-04979,CUST-9686,4895,Credit Card,FAILED,NETWORK_TIMEOUT,LOYAL,19,14,5,9,3,True,False,0.82,6.1,44,3,2026-06-28T16:42:30.440398
TXN-04980,CUST-1706,470,Credit Card,SUCCESS,,REGULAR,24,18,6,12,3,False,True,0.15,6.5,56,0,2026-07-21T16:42:30.440398
TXN-04981,CUST-7166,19295,Net Banking,SUCCESS,,LOYAL,7,26,22,4,3,True,True,0.4,6.3,25,0,2026-07-11T16:42:30.440398
TXN-04982,CUST-9148,18401,UPI,SUCCESS,,NEW,2,27,26,1,2,False,True,0.84,4.0,40,0,2026-07-17T16:42:30.440398
TXN-04983,CUST-8166,18003,Net Banking,SUCCESS,,AT_RISK,3,29,24,5,2,True,True,0.12,6.8,3,0,2026-06-24T16:42:30.440398
TXN-04984,CUST-5506,432,Wallet,SUCCESS,,LOYAL,9,24,23,1,0,False,True,0.83,2.2,21,0,2026-07-26T16:42:30.440398
TXN-04985,CUST-9993,736,UPI,SUCCESS,,AT_RISK,1,28,13,15,3,False,True,0.36,0.4,25,0,2026-07-01T16:42:30.440398
TXN-04986,CUST-8529,14441,Wallet,SUCCESS,,NEW,19,19,11,8,1,True,False,0.43,2.4,11,0,2026-08-10T16:42:30.440398
TXN-04987,CUST-8668,734,Credit Card,SUCCESS,,REGULAR,24,17,16,1,2,True,False,0.54,5.9,13,0,2026-07-02T16:42:30.440398
TXN-04988,CUST-1284,3669,Net Banking,SUCCESS,,REGULAR,28,27,3,24,0,False,False,0.6,4.2,27,0,2026-07-12T16:42:30.440398
TXN-04989,CUST-6048,3664,Wallet,SUCCESS,,AT_RISK,7,29,5,24,0,False,False,0.67,6.7,28,0,2026-06-08T16:42:30.440398
TXN-04990,CUST-7180,10613,Wallet,FAILED,NETWORK_TIMEOUT,AT_RISK,12,12,0,12,0,False,True,0.14,4.0,5,2,2026-08-18T16:42:30.440398
TXN-04991,CUST-5717,2634,Net Banking,SUCCESS,,REGULAR,31,16,8,8,2,True,True,0.37,0.6,31,0,2026-08-31T16:42:30.440398
TXN-04992,CUST-8188,19263,Credit Card,SUCCESS,,NEW,29,18,15,3,3,False,False,0.8,3.1,9,0,2026-07-31T16:42:30.440398
TXN-04993,CUST-3478,7470,Net Banking,SUCCESS,,LOYAL,19,16,9,7,0,False,True,0.12,2.3,3,0,2026-06-16T16:42:30.440398
TXN-04994,CUST-3726,7634,UPI,FAILED,CARD_EXPIRED,LOYAL,1,14,13,1,1,True,True,0.8,5.5,33,2,2026-07-07T16:42:30.440398
TXN-04995,CUST-1636,2235,Wallet,SUCCESS,,LOYAL,13,14,4,10,1,True,True,0.83,2.6,14,0,2026-09-03T16:42:30.440398
TXN-04996,CUST-7759,3751,Debit Card,SUCCESS,,AT_RISK,27,20,9,11,2,False,False,0.6,6.9,57,0,2026-07-11T16:42:30.440398
TXN-04997,CUST-4847,412,Net Banking,SUCCESS,,REGULAR,34,17,7,10,1,True,False,0.16,4.0,29,0,2026-06-08T16:42:30.440398
TXN-04998,CUST-7432,6182,Net Banking,FAILED,PAYMENT_DECLINED,AT_RISK,29,2,1,1,2,True,False,0.21,5.8,48,3,2026-06-29T16:42:30.440398
TXN-04999,CUST-9325,1476,Credit Card,SUCCESS,,REGULAR,11,9,8,1,0,False,True,0.43,3.3,59,0,2026-06-27T16:42:30.440398
TXN-05000,CUST-1762,16705,Wallet,SUCCESS,,LOYAL,36,15,1,14,1,True,True,0.92,6.6,47,0,2026-08-26T16:42:30.440398
